gene_id	baseMean	log2FoldChange	lfcSE	stat	pvalue	padj
gene-OW489_RS00005	1403.80280056023	0.230762498076474	0.143153618098246	1.61199207635886	0.106963663978755	0.148780734258515
gene-OW489_RS00010	2639.74884647092	-0.643342999158257	0.23048550167154	-2.79125148650379	0.00525046596584651	0.010012172053349
gene-OW489_RS00015	44.7633183817841	1.12311231929182	0.577554033641305	1.94460129074146	0.0518229838470433	0.0787243529901152
gene-OW489_RS00020	778.574662455802	1.36178738029162	0.171069201414467	7.96044740392681	1.71418310439969e-15	1.65541111224885e-14
gene-OW489_RS00025	1755.14463501751	1.20613228388561	0.146042416683513	8.25878064247188	1.47168099948641e-16	1.57913707246479e-15
gene-OW489_RS00035	539.515073369751	0.131226911664377	0.232998837260931	0.563208440037917	0.573292956367628	0.640043003310514
gene-OW489_RS00040	217.858919862389	-1.78804732507558	0.237220493334345	-7.53749096438922	4.79099819226693e-14	4.02324817139434e-13
gene-OW489_RS00045	25.2693050811589	-0.348821267294414	0.511205771655062	-0.682350017616355	0.495017652740552	0.564303428756515
gene-OW489_RS00050	44.0999289184508	0.0703970091926107	0.48038340834927	0.146543381742751	0.883492445861819	0.922876632180213
gene-OW489_RS00055	54.8378059323844	-2.06815435558118	0.337316301968622	-6.13120191200709	8.72176281917961e-10	4.55282754113159e-09
gene-OW489_RS00060	35.6924864882172	0.300516987957643	0.441163203746587	0.681192323850894	0.495749804507791	0.564661950879977
gene-OW489_RS00065	896.978036949857	0.99777714109178	0.323266591811581	3.08654579955278	0.00202496749011195	0.0042249321707274
gene-OW489_RS00075	2763.36644465021	0.79256737672018	0.128383578578542	6.17343265778578	6.6823019628596e-10	3.52909072413523e-09
gene-OW489_RS00080	170.966297195264	0.566982305081229	0.369119468731572	1.53604009842555	0.124528546138081	0.170063226645136
gene-OW489_RS00085	24843.4978725941	-0.924990346508311	0.165018220864175	-5.60538310051022	2.07794831279191e-08	9.21110202916283e-08
gene-OW489_RS00090	99.5585280682657	-0.972852048961818	0.466568339881203	-2.08512229786	0.0370582007211043	0.0583267606227393
gene-OW489_RS00095	1175.39535480376	-1.21836481787562	0.138444686891859	-8.80037251864566	1.36362740604001e-18	1.73926816317556e-17
gene-OW489_RS00100	1181.90664682808	-0.876829885738725	0.20755233704714	-4.22462063406963	2.39343617943821e-05	7.14332387329019e-05
gene-OW489_RS00105	1796.70014841673	-0.790834483502278	0.135540502720826	-5.83467279246533	5.38962286674724e-09	2.61174556123379e-08
gene-OW489_RS00110	5118.50103538896	-0.225052123273696	0.16387128175321	-1.37334693953651	0.169644516638528	0.223547160326793
gene-OW489_RS00115	522.228297909946	-0.60298326612016	0.169260871708771	-3.56244925382192	0.00036741094452512	0.000885453827090841
gene-OW489_RS00120	308.853159353662	-0.233552379444866	0.259255035818686	-0.900859567519471	0.367662991166643	0.441065096767792
gene-OW489_RS00125	740.290246288099	0.00942261289555499	0.288398398168653	0.0326722095385728	0.973935985630801	0.982191937120166
gene-OW489_RS00130	474.474775765488	0.932521374594095	0.151297740658957	6.16348512894261	7.1161064464196e-10	3.74357039515926e-09
gene-OW489_RS00135	1875.40738563855	-2.47247930577724	0.174114737835598	-14.2002873307129	9.1237553058318e-46	7.25606892557917e-44
gene-OW489_RS00140	17900.6458494066	-0.465763458469956	0.18520447960863	-2.51486065269154	0.011907943920362	0.021017676475626
gene-OW489_RS00150	686.375254033082	1.69402417295641	0.276854216477597	6.1188310386217	9.4264287187972e-10	4.90174293377454e-09
gene-OW489_RS00155	1671.89769995905	0.935317666779323	0.207013797378768	4.51814168245025	6.23847361379148e-06	2.00342430542662e-05
gene-OW489_RS00160	10189.1872030024	-0.121841958525977	0.11129184677309	-1.09479680730249	0.273605665482576	0.342565166281785
gene-OW489_RS00165	843.034211302452	-1.00085619140859	0.190288344199817	-5.25968206627319	1.44304687019486e-07	5.77218748077942e-07
gene-OW489_RS00170	298.564118693703	0.287152233394312	0.252679950256614	1.1364266658383	0.255778040952405	0.323188702212758
gene-OW489_RS00175	412.582868580603	0.0154210031802222	0.18466765214516	0.0835067918018491	0.933448577179929	0.959419274566268
gene-OW489_RS00180	308.416241909186	-0.516456668250009	0.248956744338985	-2.07448353978629	0.0380344258978092	0.0595857981620372
gene-OW489_RS00185	654.373279211373	-0.891198046983282	0.241937073104356	-3.68359439728725	0.000229968065623822	0.00058443012166054
gene-OW489_RS00190	3519.54002233812	0.713728432136051	0.251499349927057	2.83789374542342	0.00454122972258907	0.00878360884826955
gene-OW489_RS00195	1953.77159068381	-0.259423406136621	0.173292124169489	-1.49702940846227	0.134385606074097	0.182201131529607
gene-OW489_RS00200	941.945036229781	-0.24348364287654	0.235114846701064	-1.03559450325192	0.300391357439725	0.370217971976762
gene-OW489_RS00205	826.00835288762	0.236972888350617	0.218862864499951	1.08274598750246	0.278921185689378	0.348844998198001
gene-OW489_RS00210	612.269753871802	0.58537231003133	0.159812460434439	3.66287026956493	0.000249404866009688	0.000629440091099764
gene-OW489_RS00215	105.212461986362	1.01513953286573	0.272986019931236	3.7186502558682	0.000200290140011171	0.000513941619345739
gene-OW489_RS00220	518.280766574915	-0.0130360676214248	0.350112751045015	-0.0372339127395811	0.970298498895246	0.982191937120166
gene-OW489_RS00225	1123.572811764	0.0498278961779708	0.151837536778905	0.328165862243449	0.742786257808225	0.79324409206692
gene-OW489_RS00230	114.91705312849	-0.287553480473968	0.29345839499158	-0.979878188464223	0.327146250730487	0.399911149175062
gene-OW489_RS00235	2092.32072916454	0.0253673944978009	0.223688705647024	0.113404896435988	0.909709557961838	0.938606046520135
gene-OW489_RS00240	2447.31138279261	0.091875722909488	0.157537918169516	0.583197518267487	0.559760341645439	0.627005784510881
gene-OW489_RS00245	1902.37508555485	0.248230209407895	0.155092764877621	1.60052733345598	0.109481648208361	0.15181455218226
gene-OW489_RS00250	1219.80742493461	0.449430359537033	0.157680674200853	2.85025645542681	0.00436839908117159	0.00847356607997702
gene-OW489_RS00255	316.563178948167	0.185879465863793	0.193788887369575	0.959185371188506	0.337465368707511	0.409562996851486
gene-OW489_RS00260	885.179870918774	-0.00697217522041246	0.256477107254469	-0.0271843958903314	0.978312661383293	0.984844468400169
gene-OW489_RS00265	397.787701682328	-0.437480099015934	0.197047011620362	-2.22018134362169	0.0264064602102845	0.0432745869143087
gene-OW489_RS00270	120.346247095314	0.394919865625101	0.252268730278935	1.56547291924939	0.117472062326204	0.161733430005121
gene-OW489_RS00275	108.254976067266	1.12158639854181	0.241254058153449	4.64898458963302	3.33573131328005e-06	1.10808568441146e-05
gene-OW489_RS00285	421.624431262003	-0.397321386042723	0.164807421115776	-2.41082217871492	0.0159166065729128	0.0270682416183372
gene-OW489_RS00290	1524.04567829816	-0.421626810644041	0.124357380517706	-3.3904446112389	0.000697793535305728	0.00162356795282985
gene-OW489_RS00295	15553.682032383	-1.0737933094913	0.19652089623725	-5.46401593953122	4.65481711878958e-08	1.99455387382588e-07
gene-OW489_RS00300	3595.67700796461	-0.419880053523779	0.14499436031207	-2.89583713890716	0.003781485941272	0.00747451607105226
gene-OW489_RS00305	109.536603540928	-0.00846456866623634	0.244258498434929	-0.0346541419048775	0.972355528401934	0.982191937120166
gene-OW489_RS00310	1059.2644024241	0.527470565587042	0.19174580493352	2.75088451489158	0.00594345923832263	0.0112071923154982
gene-OW489_RS00315	590.583561652738	-0.168745928139957	0.250342834905731	-0.674059348267347	0.500273583000016	0.569334919373756
gene-OW489_RS00320	319.390999693442	-0.796032425489125	0.237445473216752	-3.35248516092984	0.00080089534663684	0.00184151447049831
gene-OW489_RS00325	1710.26281022186	-0.618867005146217	0.171130340614025	-3.61634881883416	0.000298787687859555	0.000743942825020475
gene-OW489_RS00330	1491.51504182767	-0.130690060845093	0.154169821057846	-0.847701968831221	0.396603969617629	0.471599443204076
gene-OW489_RS00335	2109.88691000966	-3.72686469504846	0.258038908347688	-14.44303387777	2.77359499137776e-47	2.49993361889515e-45
gene-OW489_RS00340	6146.5714571905	-2.12456604902557	0.142891844594785	-14.8683506399575	5.29006025366309e-50	5.10868675925178e-48
gene-OW489_RS00345	1079.72112531991	-1.43242296123439	0.256095297940321	-5.59332003654433	2.22768115347875e-08	9.81050462378915e-08
gene-OW489_RS00350	884.939874201103	-1.61880753064252	0.168169347451775	-9.62605584889205	6.20661862695247e-22	1.0897855043688e-20
gene-OW489_RS00355	4468.59314815824	0.351665688929408	0.210317328981451	1.67207186698545	0.0945101514142314	0.134644599275069
gene-OW489_RS00360	7321.82861954088	-0.896247518058453	0.263033280997649	-3.40735406051701	0.000655959766148505	0.00153701491132197
gene-OW489_RS00365	3062.53972543476	-0.874340674524668	0.212453487099709	-4.115445156776	3.86432876192148e-05	0.000112841738361076
gene-OW489_RS00370	9292.76981312431	-0.630378738583477	0.128839213444274	-4.8927552546425	9.94340282879772e-07	3.63337314176609e-06
gene-OW489_RS00375	429.745072961297	1.40740439014905	0.238420610470615	5.9030315683321	3.5688195136083e-09	1.7482043414487e-08
gene-OW489_RS00380	1280.7510729755	1.96629751904607	0.144374595336657	13.6194149286514	3.07017431503411e-42	2.07543783696306e-40
gene-OW489_RS00385	1212.1834680243	1.01633789435033	0.229688643738728	4.42485043146676	9.65091245803085e-06	2.99954796396729e-05
gene-OW489_RS00390	2973.54434936884	1.05069924063855	0.136521038879887	7.69624410463923	1.40124003553227e-14	1.24636613686818e-13
gene-OW489_RS00395	799.473849298906	1.92536868586407	0.14080421859042	13.6740838104056	1.45022355013538e-42	1.03194854725423e-40
gene-OW489_RS00400	5095.75792721425	1.15619655027467	0.133134850082396	8.68440193953057	3.80740243873535e-18	4.5154456992721e-17
gene-OW489_RS00405	452.171687706629	-0.115071828444391	0.218621393295995	-0.52635209532579	0.598643593335941	0.663959096136335
gene-OW489_RS00410	3904.21961839736	-0.289809985939976	0.103103169091351	-2.81087369567854	0.00494071768285258	0.00947496497477544
gene-OW489_RS00415	5943.07340365793	-0.334877823726609	0.126664351265496	-2.64382062025237	0.00819760869193148	0.0149772526371505
gene-OW489_RS00420	1631.53714320386	0.209610397977447	0.287125994982378	0.730029330818033	0.465372256189836	0.537118939085146
gene-OW489_RS00425	1104.87920209831	-0.106729554998593	0.212260286424703	-0.502823946939573	0.61508805563096	0.681080304023799
gene-OW489_RS00430	1118.29365797806	-1.18955558163632	0.136531213387699	-8.71270057681547	2.96719652970465e-18	3.64695428014608e-17
gene-OW489_RS00435	3761.19795651207	-0.628016346888506	0.271849728072049	-2.31015992306625	0.0208793019169478	0.0348074182388574
gene-OW489_RS00440	554.417072282837	0.396472394270615	0.229988117866123	1.72388207681844	0.0847291335509194	0.12225591095074
gene-OW489_RS00470	1247.72502672415	-0.00348746330763209	0.231943406127439	-0.0150358372581454	0.988003589612234	0.989467298633882
gene-OW489_RS00475	841.923242664257	-0.0952595957346429	0.142798655492216	-0.667090284612908	0.504714465499371	0.572942029685265
gene-OW489_RS00485	1373.77429034478	-0.521613590463437	0.933322245558574	-0.558878343407814	0.576244750383596	0.642277743214033
gene-OW489_RS00490	3114.16134201822	1.08378013562127	0.107441582655917	10.0871572144659	6.29666465651574e-24	1.30970624855527e-22
gene-OW489_RS00495	9312.21676490969	1.02299912222009	0.1911801566968	5.35096915859579	8.7484432413e-08	3.59510494292936e-07
gene-OW489_RS00500	1920.01891948668	1.78517917641941	0.22159907377139	8.05589638096169	7.8898451055154e-16	8.02035382154649e-15
gene-OW489_RS00505	2170.44026014983	1.98749310070925	0.148547144749908	13.3795442790594	7.96341273152451e-41	4.48605583875881e-39
gene-OW489_RS00510	74919.4726657275	-1.79031675952224	0.847385572810798	-2.11275341115818	0.03462187915087	0.055199033740538
gene-OW489_RS00515	159.905353935813	-0.254490722092372	0.267494005638597	-0.951388504893102	0.341407193474317	0.413604413599711
gene-OW489_RS00520	80.8363787220027	-0.183125016506155	0.30836259405155	-0.593862615111941	0.552604005329214	0.620017108054023
gene-OW489_RS00525	11325.8692453823	-0.830807905852774	0.190799238350091	-4.35435651125793	1.33458362134623e-05	4.0822557829414e-05
gene-OW489_RS00530	1733.73863608781	-0.242953509865567	0.212145186064511	-1.14522282768975	0.252116864462983	0.319159176735911
gene-OW489_RS00535	586.547233868016	-0.363461463940695	0.191215667271591	-1.90079332476693	0.0573290887644406	0.0859300753985851
gene-OW489_RS00540	209.247125317573	-0.854481162626772	0.200687171064551	-4.25777670836732	2.06470020219232e-05	6.21709281372831e-05
gene-OW489_RS00545	41.9810218603411	-0.607318670609035	0.375747951300309	-1.616292699687	0.106031044462022	0.147940115699333
gene-OW489_RS00550	9.60600094828704	0.0180918742862498	0.820196292751557	0.0220579810542133	0.98240170457432	0.986780909795305
gene-OW489_RS00555	5.84461033395842	0.898249153838118	0.834743973330926	1.07607743516109	0.281892626415419	0.351261595312117
gene-OW489_RS00560	250.083886637492	0.52233280531467	0.177195367618737	2.94777912275082	0.00320065661481934	0.00642984805829977
gene-OW489_RS00565	57.1882914933109	0.339992795490764	0.272184613861392	1.24912569695766	0.211619103181181	0.271966756179617
gene-OW489_RS00570	929.737219282477	-0.659233653567856	0.214159144471122	-3.07824190835217	0.00208225809459865	0.00433777032957994
gene-OW489_RS00575	485.091133961685	-1.72692201039703	0.178324507461392	-9.68415410187472	3.52111185789951e-22	6.41645823244813e-21
gene-OW489_RS00605	1103.43594638974	-1.56055500002268	0.192554522298108	-8.10448376593652	5.29699419121407e-16	5.50887395886264e-15
gene-OW489_RS00610	388.39317986139	-1.78211981580013	0.168506059241155	-10.5759984170639	3.85054155402495e-26	8.82361386617242e-25
gene-OW489_RS00615	1355.59469580537	-0.741880535130598	0.270193736643154	-2.74573550204238	0.00603754175467482	0.0113687415770478
gene-OW489_RS00620	764.992833761131	-1.53373170031421	0.308014672146035	-4.97941117424122	6.37780159202382e-07	2.37542362325515e-06
gene-OW489_RS00630	14063.4190829821	-0.621934020885126	0.194831795708647	-3.19215874710292	0.00141213698653996	0.00306454126131946
gene-OW489_RS00635	20842.9224125669	-0.9468346316643	0.242536395887115	-3.90388678862446	9.46600736516248e-05	0.000259595171555774
gene-OW489_RS00640	12253.4105018033	-0.929075627106521	0.243557562570543	-3.81460389610127	0.000136401542296088	0.000361597814086883
gene-OW489_RS00645	74.0895559046205	0.690175846514269	0.300511434617705	2.29667083181801	0.0216375545902165	0.0358504580955548
gene-OW489_RS00655	1721.89144054723	-0.767132845429519	0.148829629968197	-5.15443628794511	2.5439503293695e-07	9.94052267429933e-07
gene-OW489_RS00660	196.878704841495	-0.573427314402768	0.315465545802563	-1.81771772554095	0.0691072871233866	0.101337366801322
gene-OW489_RS00665	3625.05815704003	-1.01366044274981	0.138241570325895	-7.33252986319658	2.25848122881618e-13	1.75034656284411e-12
gene-OW489_RS00670	230.863335245543	-0.504465552034622	0.255293196977295	-1.97602426546246	0.0481520289901388	0.0740631890724319
gene-OW489_RS00675	246.362644475173	-1.09808252678577	0.234005556366606	-4.69254894557058	2.69821952192764e-06	9.11998198411543e-06
gene-OW489_RS00680	1327.98771010639	-0.594725840398686	0.176389759995007	-3.37165740469016	0.000747173289562427	0.00172680049143316
gene-OW489_RS00685	433.566000443267	0.310528827289918	0.218590313014909	1.42059738607327	0.155433838839906	0.206633775920898
gene-OW489_RS00695	469.248884350725	2.46904342284738	0.206078408839647	11.9810873771283	4.46429344371536e-33	1.91452226259173e-31
gene-OW489_RS00700	106.725074472765	2.18938272477368	0.28411394691031	7.70600228740208	1.29820302724489e-14	1.17011366189007e-13
gene-OW489_RS00705	234.916647264196	2.0680524018628	0.244402961551493	8.46165033653685	2.63619940544416e-17	2.97011799680042e-16
gene-OW489_RS00710	983.408357140136	0.36763945533211	0.156775541773688	2.34500516581096	0.0190268159794107	0.0319159493848179
gene-OW489_RS00715	3620.78192256945	-0.663200988146044	0.123878963897572	-5.35362072203318	8.62114707764818e-08	3.55359477103059e-07
gene-OW489_RS00720	2893.5867387314	-0.440684614877173	0.176378301841197	-2.49851943394912	0.0124713304228545	0.0219261882076714
gene-OW489_RS00725	791.832071606922	-0.85085602772663	0.263446450689166	-3.22971148596165	0.00123915196180921	0.00275095804986215
gene-OW489_RS00730	206.372389509914	-0.413121942079063	0.192163873594241	-2.14984187377166	0.0315677247063307	0.0508090045273323
gene-OW489_RS00735	385.424894677924	-1.13352763627235	0.273147182009767	-4.14987856704967	3.32651702663793e-05	9.75585904558454e-05
gene-OW489_RS00740	4.2190529123653	1.61999329542905	1.13820991144077	1.42328166285113	0.154654520540267	0.205800110010277
gene-OW489_RS00745	28.7425443636314	0.950958856694418	0.474839798646365	2.0026940863115	0.0452101339372227	0.0699360424292049
gene-OW489_RS00750	4.69740670581527	1.31104687945373	1.06639614363107	1.22941824882226	0.218915031649057	0.280012415127271
gene-OW489_RS00755	858.035519883521	1.32423468340146	0.280944834131791	4.71350429878437	2.43492585782315e-06	8.29224120850604e-06
gene-OW489_RS00760	978.464802174731	0.918272161702374	0.274645122707706	3.34348614185898	0.000827328261062559	0.00189263588655936
gene-OW489_RS00770	2284.8332602519	-1.1324611726636	0.153183440528161	-7.39284330446546	1.43721813465457e-13	1.13632685266256e-12
gene-OW489_RS00775	11913.0664968474	-0.711557486706729	0.181376446263208	-3.92309752102066	8.7417745503679e-05	0.000241201616165253
gene-OW489_RS00780	9129.88339924869	-1.64674784088461	0.547427595238427	-3.0081564305639	0.00262837806954338	0.00534022986923115
gene-OW489_RS08175	19.3853913234851	-2.17314360345933	0.762348710669051	-2.850589989917	0.00436381999851345	0.00847356607997702
gene-OW489_RS00815	24.1385250702819	-2.12759273546581	0.520286425895428	-4.08927204242194	4.32729102561581e-05	0.000124744082444191
gene-OW489_RS00830	1036.56735382557	-0.0464332082485258	0.367074676775172	-0.126495264278242	0.899339897494885	0.931016494190723
gene-OW489_RS00835	6149.17426904933	0.131633271418102	0.384200267942192	0.342616292599536	0.731887143447758	0.783461138512564
gene-OW489_RS00840	589.245418401581	0.367070790929342	0.187854674223023	1.9540146788871	0.0506994812529872	0.0773653483679896
gene-OW489_RS00845	6087.17842647104	-0.217098849949392	0.203363633818612	-1.06754017851112	0.285727980501807	0.354732993240076
gene-OW489_RS00850	18525.906800962	-0.0217971577152413	0.262700218718508	-0.0829735042535221	0.933872607492018	0.959419274566268
gene-OW489_RS00855	64584.5893011326	-0.751083991907196	0.279656048798846	-2.68574198603315	0.00723689492289045	0.0133847906097782
gene-OW489_RS00860	20769.7619688753	-0.663383976617416	0.206907721300244	-3.20618279708749	0.00134508511662405	0.00295227448766817
gene-OW489_RS00870	124.394572358186	0.548097558255135	0.293854182515048	1.86520250814217	0.0621530241312166	0.0922402729148242
gene-OW489_RS00875	1301.777060854	0.0108476500650387	0.16551626634979	0.0655382718826806	0.947745435265916	0.967057983758127
gene-OW489_RS00880	3826.66255361394	-0.542444949513736	0.481111700658215	-1.12748234717969	0.25953859999039	0.327634161705889
gene-OW489_RS00885	2912.24318886956	3.48209980083632	0.184264447274286	18.8972959914132	1.20049421898564e-79	2.3186688343837e-77
gene-OW489_RS00890	572.06974559005	-0.689056758717577	0.175491066772146	-3.92644919990278	8.62090894027016e-05	0.000238353146978431
gene-OW489_RS00900	5235.45095508893	-0.461716487258285	0.143552124269476	-3.21636819801809	0.00129824151479446	0.00285866861238128
gene-OW489_RS00910	4165.21945854695	2.24258168753741	0.327571729387799	6.84607823675316	7.59019793903702e-12	5.05514660767392e-11
gene-OW489_RS00915	5414.47206967151	1.85567014120556	0.118034550558247	15.7214148944451	1.07887199482977e-55	1.21552911417488e-53
gene-OW489_RS00920	360.168234118599	-0.620632868230969	0.159543507126179	-3.89005406368638	0.0001002218910894	0.000272088346893311
gene-OW489_RS00925	8377.21040434346	-0.558076879177399	0.124998368276234	-4.46467331432763	8.01910135606504e-06	2.53313669004671e-05
gene-OW489_RS00930	2674.42928390325	-0.684496176439881	0.114441365786086	-5.98119545094685	2.21505891003827e-09	1.12163282635646e-08
gene-OW489_RS00935	16317.3467213551	-1.28755318280955	0.156066183184121	-8.25004595191861	1.58333631900033e-16	1.6723989869441e-15
gene-OW489_RS00940	366.120265834928	0.840990529300262	0.180137435326861	4.6686049891533	3.03251797428019e-06	1.01233686450045e-05
gene-OW489_RS00945	11346.2641548578	-0.719842131791365	0.335912980028376	-2.1429422933599	0.032117732359229	0.0516327873361208
gene-OW489_RS00950	9011.74865504122	-0.331854313191251	0.419285962027397	-0.791474896003237	0.428666919838633	0.500481585165658
gene-OW489_RS00960	173.769406366109	1.35131089818859	0.237115159586664	5.69896458979754	1.20537256428435e-08	5.5619921737626e-08
gene-OW489_RS00965	146.734212339757	1.84109295183602	0.267695777461714	6.87755693904936	6.0887689822454e-12	4.07525527920583e-11
gene-OW489_RS00970	212.128127658794	0.782202091494508	0.19096142653584	4.0961261427721	4.20121071681224e-05	0.000121889203629402
gene-OW489_RS00975	249.043488796564	-0.278118868094605	0.190341541908739	-1.46115695662459	0.14397237245112	0.193489709298126
gene-OW489_RS00980	1465.93703759437	-0.00466108667255661	0.227291381528085	-0.0205070981628076	0.983638849753016	0.987290070427675
gene-OW489_RS00985	6702.33140785033	0.0825451432968715	0.116814182372789	0.70663631435989	0.479792515658409	0.550821547202918
gene-OW489_RS00990	1537.31181444955	-0.589581512783197	0.119824937958356	-4.92035733820367	8.63863477491645e-07	3.18240714323898e-06
gene-OW489_RS00995	7788.72078556408	-0.877126370693787	0.145810838678714	-6.0155087141806	1.79322655401779e-09	9.14883887181904e-09
gene-OW489_RS01000	2580.42061040024	-0.505357312126336	0.273696320546539	-1.84641617072965	0.0648318010225586	0.0955862540703373
gene-OW489_RS01005	54.7276021478138	0.778048623870561	0.302172337350292	2.57485059914208	0.0100283393302924	0.0179818498336277
gene-OW489_RS01010	252.648430028555	2.55604983218343	0.238045333737922	10.7376598904372	6.77396284905296e-27	1.76123034075377e-25
gene-OW489_RS01030	107.392229889302	0.0761941592009783	0.243259849311118	0.313221271067752	0.754112558960811	0.804069542362001
gene-OW489_RS01035	1480.03650978997	-1.08553823909279	0.234710492004082	-4.62500943108207	3.74581356899907e-06	1.23822492549798e-05
gene-OW489_RS01040	437.778232315989	-1.00808983474661	0.176657716461245	-5.70645797387381	1.15351371126666e-08	5.3409264987415e-08
gene-OW489_RS01045	149.209307298072	-0.45254640343898	0.326921904578411	-1.3842645509562	0.166277464271936	0.219752816906801
gene-OW489_RS01050	16.1881201662539	-1.08995007097274	0.49595325172149	-2.19768711504451	0.0279714103853469	0.0456180299650049
gene-OW489_RS01055	3529.39463951447	-4.49151009372161	0.44278020440026	-10.1438818833496	3.52795182155548e-24	7.45279822303596e-23
gene-OW489_RS01060	1218.63554996186	-3.72823178766089	0.316660661046787	-11.7735868274147	5.34045690199718e-32	1.90007835039479e-30
gene-OW489_RS01065	6715.1825000231	-3.61353682318632	0.399841571994143	-9.03742150963546	1.6041082680378e-19	2.23582925606918e-18
gene-OW489_RS01070	1167.88512642563	0.267081984794203	0.158707181614735	1.68286010801042	0.092402175676544	0.132198668269511
gene-OW489_RS01075	688.213006439218	-1.15111018486617	0.297013769519589	-3.87561218703112	0.00010635696299139	0.000286802070072511
gene-OW489_RS01080	4389.19305368597	1.74630709360579	0.229504361743832	7.60903662282018	2.76146501916762e-14	2.37802592733415e-13
gene-OW489_RS01085	4951.18464459963	0.848624851607259	0.177390673013293	4.78393163063125	1.71899175374059e-06	5.98988879138475e-06
gene-OW489_RS01090	1487.78428500422	-1.033522488368	0.134437014688722	-7.68778219868272	1.49707377022485e-14	1.31431411515844e-13
gene-OW489_RS01095	602.36621904311	-0.757730925322146	0.214019982364955	-3.54046812334576	0.000399417881889335	0.00095917047302732
gene-OW489_RS01100	28.954650950586	-1.13339957331058	0.433891469376109	-2.61217298173733	0.00899687191077339	0.0162834950781334
gene-OW489_RS01105	3661.4580463118	-1.24086278288682	0.235571386816537	-5.26745968453803	1.38324526027317e-07	5.56591545205155e-07
gene-OW489_RS01110	6675.86358638815	0.738342433453575	0.157211827005948	4.69648147671256	2.64681225702492e-06	8.96864704636014e-06
gene-OW489_RS01115	2871.22941443506	0.716532541383811	0.155493647759896	4.60811455455877	4.06336788172045e-06	1.33341586798205e-05
gene-OW489_RS01120	806.740761403929	0.115509874362779	0.294683524997698	0.391979410330731	0.695073427103666	0.752393333422062
gene-OW489_RS01125	7811.75336014059	0.758595158088894	0.232384457143982	3.26439714347539	0.00109697284324833	0.00246363336224542
gene-OW489_RS01130	27456.0000455499	0.175351845072856	0.16248757465137	1.07917079474592	0.280511596426357	0.350186221946846
gene-OW489_RS01140	13532.3704376081	0.456280642388506	0.213103619661234	2.14112103357908	0.0322642788978112	0.0518067756173881
gene-OW489_RS01145	560.128178727984	-0.656414597563022	0.181888326089801	-3.60888800108557	0.000307512326182784	0.000760067029248856
gene-OW489_RS01150	872.4163946433	-0.597687787522433	0.143797638419496	-4.15645064892385	3.23229953200996e-05	9.52084742326244e-05
gene-OW489_RS01155	2561.03594716936	-0.379112091725788	0.342479767126501	-1.10696201094343	0.26831035330972	0.336820424953335
gene-OW489_RS01160	115.622024395194	-0.255984943253966	0.311679446342151	-0.821308386735757	0.411470631776322	0.485434811659326
gene-OW489_RS01165	3558.95205257769	-0.971782177520291	0.179047797723467	-5.42750142630168	5.71484103847068e-08	2.42208936802895e-07
gene-OW489_RS01170	3304.37651793772	-0.85891333509561	0.237580496264468	-3.61525187715532	0.000300055743162095	0.00074572677344697
gene-OW489_RS01175	7264.53551778005	-0.982436057627637	0.165960408821346	-5.91970135892601	3.22526738078749e-09	1.58565872684534e-08
gene-OW489_RS01180	2117.17137905615	-0.529266358149554	0.196412823821529	-2.69466294436291	0.00704598659892785	0.0130674538844314
gene-OW489_RS01185	6157.95774817535	1.75020260123967	0.25050666696085	6.98665078448069	2.81525814449209e-12	1.95191231351452e-11
gene-OW489_RS01190	5956.16496357773	1.52011321224197	0.181113752470395	8.39314072789945	4.73324476761392e-17	5.20272107789758e-16
gene-OW489_RS01195	200.192847117334	0.703915627646599	0.186779425177386	3.76870004272731	0.000164099943859465	0.000427200241972289
gene-OW489_RS01200	773.256917702524	0.266553932839703	0.312814772303429	0.852114274773273	0.394150669864181	0.46950811071046
gene-OW489_RS01205	3118.29098130033	-1.50905187063833	0.16654066757669	-9.06116141238252	1.29068848224161e-19	1.87635572902222e-18
gene-OW489_RS01210	2415.46071764753	-1.61936087222293	0.155046061647007	-10.4443857200947	1.55458537966728e-25	3.44557284149207e-24
gene-OW489_RS01215	846.400856764113	-1.66549951555602	0.287023732277657	-5.80265437404623	6.52732506209325e-09	3.12941258296102e-08
gene-OW489_RS01220	5431.44630594365	-1.17371810691309	0.243354865261989	-4.82307228848494	1.41363708320263e-06	5.00323910075905e-06
gene-OW489_RS01225	2143.21956818085	-1.94660187456779	0.304857659946805	-6.38528116665153	1.71082834658919e-10	9.71865514533018e-10
gene-OW489_RS01230	4334.58874065213	-0.974190019686427	0.246627982821229	-3.95003846904339	7.81386335140955e-05	0.000217821510332077
gene-OW489_RS01235	407.109759979352	-0.775679702532716	0.204190501902717	-3.7988040349804	0.000145395993519702	0.000383187881556797
gene-OW489_RS01240	3288.66566708687	-0.698329961247899	0.13609065388429	-5.13135870330705	2.87658121255014e-07	1.11436613162401e-06
gene-OW489_RS01245	359.699791507976	-0.0264356206884957	0.300458563710409	-0.087984247684733	0.929889196110179	0.956780968904842
gene-OW489_RS01250	1699.81005961534	-1.36187447272604	0.184181453676877	-7.39419982597857	1.42262338114559e-13	1.13140400665225e-12
gene-OW489_RS01255	4055.09654434917	-1.26887143750723	0.159656438646505	-7.94751184646324	1.90294814923699e-15	1.82467084948115e-14
gene-OW489_RS01260	937.912339397971	-0.895801338848285	0.233210089300495	-3.84117746164073	0.000122445549519193	0.000327166764723218
gene-OW489_RS01265	2022.03381152564	-0.422830105837667	0.19552303714835	-2.16255901097144	0.0305751137389901	0.049446834659228
gene-OW489_RS01270	711.336154721068	0.365338358374093	0.168576731502527	2.16719327227327	0.0302201201665663	0.0490487424552193
gene-OW489_RS01275	479.950372421789	0.837727426253452	0.215653826104802	3.88459338461419	0.00010250128993728	0.00027771892584209
gene-OW489_RS01280	237.371081159703	0.860886349374106	0.335601503323113	2.56520409130962	0.0103115132732174	0.0184406956949603
gene-OW489_RS01285	170.573164121184	-0.828188360606865	0.399698405933298	-2.07203318380278	0.0382623466402259	0.0598042689683068
gene-OW489_RS01290	1088.2174379059	0.597297437523681	0.183269798819756	3.25911547549151	0.00111760168069091	0.00250165144419555
gene-OW489_RS01295	865.750797953038	1.4623796046842	0.134590027555807	10.865438036097	1.68413021308685e-27	4.64682458794577e-26
gene-OW489_RS01300	3213.27502647384	1.18619679587414	0.220550664661301	5.37834151484322	7.51751157691527e-08	3.13693692962637e-07
gene-OW489_RS01305	15187.8630387114	0.608332968113203	0.193819344271631	3.13865971634206	0.00169722414014396	0.00362503481433592
gene-OW489_RS01310	49.6164949619031	0.802821163825181	0.460876114204608	1.74194569664499	0.081517946808968	0.117748145390732
gene-OW489_RS01315	62.2492260558335	1.32376179394084	0.299789449045984	4.41563836937366	1.00712332447784e-05	3.12300627223404e-05
gene-OW489_RS01320	1930.08703989872	-0.428231536543149	0.134201485264379	-3.19095974012156	0.00141801038236996	0.00307235582846824
gene-OW489_RS01325	3320.48562824172	-1.06746583061829	0.18770761026849	-5.68685430010762	1.29400765371658e-08	5.95067465246536e-08
gene-OW489_RS01330	784.117440576335	-0.184253026536738	0.166178096099201	-1.10876842894353	0.267530093336258	0.336391356483918
gene-OW489_RS01340	169.974447569777	0.327194847833389	0.196528374184712	1.66487332524242	0.095938031042758	0.136248128119547
gene-OW489_RS01345	184.098498898624	0.157787810485449	0.393462826546089	0.401023425441606	0.688402877118311	0.748769661998355
gene-OW489_RS01355	15902.34226096	-0.537258707033504	0.150627109091428	-3.56681284181985	0.00036134936378254	0.000873961251939166
gene-OW489_RS01360	16250.2767166803	-0.0395565292488484	0.288586008658625	-0.13707015607829	0.890975341780138	0.924328421893094
gene-OW489_RS01365	4846.32107347342	-0.382883157211813	0.222793567608713	-1.71855570751604	0.085695302614978	0.123304304271247
gene-OW489_RS01370	461.225076193788	-0.311476477553333	0.150688667797152	-2.067019916671	0.0387322772842139	0.0603991221317845
gene-OW489_RS01375	224.722561804324	-0.0122664816334878	0.268736513151748	-0.0456450129892145	0.96359319136235	0.978796389723439
gene-OW489_RS01380	269.836089752182	0.653880752706514	0.251187314535889	2.60315993231852	0.00923688533229565	0.0166732563007526
gene-OW489_RS01385	572.833552508551	0.494513009668333	0.14322184015064	3.45277653986437	0.000554848429011016	0.00131375670056549
gene-OW489_RS01390	5913.84824478701	0.143159620929893	0.150292706609153	0.952538710359311	0.340823843585468	0.413268014822917
gene-OW489_RS01395	2423.34333974557	-0.497089939501281	0.162946516534017	-3.05063250245984	0.00228359894018091	0.00473531559374937
gene-OW489_RS01400	1535.47106646928	-0.256157951287699	0.214062747269298	-1.19664890110676	0.231443431678798	0.294089774088096
gene-OW489_RS01405	2621.80663365317	-0.795995855855881	0.261628949140888	-3.04246092976215	0.00234652276768964	0.00482876526927914
gene-OW489_RS01415	1215.78948892695	0.312059764517861	0.17819184071598	1.75125731494774	0.0799015967682639	0.115660555493247
gene-OW489_RS01420	606.444582853149	0.451423936387145	0.179019921184662	2.52164079505707	0.0116808919573621	0.0206979894185498
gene-OW489_RS01425	8820.00451735082	-0.356911116690303	0.414055790379883	-0.861987985635578	0.388694129228236	0.463750246315331
gene-OW489_RS01430	7390.99102645641	-0.946868683282194	0.185316915490087	-5.10945631044049	3.2308718843238e-07	1.24448398507287e-06
gene-OW489_RS01435	2408.32625722339	-0.704827714702671	0.140548588858421	-5.01483309386097	5.30795223689734e-07	1.99343095119033e-06
gene-OW489_RS01440	1749.41763705349	-0.849928154359094	0.142279392583185	-5.97365605045143	2.31994659431955e-09	1.16601033290707e-08
gene-OW489_RS01445	1645.61391620862	-0.871013450118578	0.257874777227568	-3.37766050438477	0.000731052754214038	0.00169534017786857
gene-OW489_RS01450	995.559184220787	-1.40350683955264	0.217002650425649	-6.46769445810764	9.95094444277435e-11	5.79899865803057e-10
gene-OW489_RS01455	3013.97395268634	-0.860812321493061	0.180470226165338	-4.769830125355	1.8438134217693e-06	6.39188652880025e-06
gene-OW489_RS01460	1237.62227330638	-0.303460985407079	0.186673028629619	-1.62562844581678	0.10402872013269	0.145899200849997
gene-OW489_RS01465	46.1239605511772	1.56957588917396	0.332133537547896	4.72573742706612	2.29281761831214e-06	7.90788117336228e-06
gene-OW489_RS01470	963.967958900217	-0.718287801708119	0.439492046216877	-1.63435904674749	0.102183482060313	0.143758655302334
gene-OW489_RS01475	1115.8663457901	-0.480015967605511	0.33993995554474	-1.41206104129862	0.15793198865721	0.209542736667859
gene-OW489_RS01480	1161.22060034246	-0.292885517156814	0.350165133037064	-0.836421132556945	0.402918028136746	0.477009784624239
gene-OW489_RS01485	122.751717005981	-0.813295966844118	0.35946127767784	-2.26254124532717	0.023663983543316	0.039112109719515
gene-OW489_RS01490	184.077310486963	-1.49075243724725	0.307717892318035	-4.84454259717375	1.26903690614083e-06	4.53898914577356e-06
gene-OW489_RS01505	1172.56049483025	-0.693660047293735	0.329642045883354	-2.10428267860949	0.0353537960984786	0.0560355595839895
gene-OW489_RS01510	25.2798125833158	1.75977559872567	0.563136405255888	3.12495442010366	0.00177832612625494	0.00377440647205131
gene-OW489_RS01515	48.0962337014238	2.12508126546436	0.392862837878099	5.40921935233731	6.33000611472275e-08	2.67442758347036e-07
gene-OW489_RS01520	2.60993225475769	-2.29728475456079	1.49777915687836	-1.5337940470134	0.125080327976491	0.170644403051682
gene-OW489_RS01525	244.21386829245	0.122885847606546	0.247128424835575	0.497255010985916	0.619009232937527	0.68486127899471
gene-OW489_RS01530	11091.9931137937	-0.930703446992168	0.127304243690426	-7.31085955983855	2.65438851675061e-13	2.01614228912743e-12
gene-OW489_RS01535	233.026310143732	-0.895277390264342	0.312476462771575	-2.86510344594756	0.00416873036354334	0.0081095301460584
gene-OW489_RS01540	289.136332194287	0.826298830892003	0.26678160573871	3.0972856190891	0.00195301601219937	0.00410649712051873
gene-OW489_RS01545	2268.90925026204	0.36635553346075	0.116837576641068	3.135596817334	0.00171504807763715	0.00365156693065422
gene-OW489_RS01550	573.00296137921	0.255876148862571	0.170970429220221	1.49661055440755	0.134494622238571	0.182201131529607
gene-OW489_RS01555	88.8137746511137	-0.861164958122862	0.300525150109017	-2.8655337425519	0.00416306903761272	0.0081095301460584
gene-OW489_RS01560	253.699253150944	-0.595341503887676	0.22754110718082	-2.61641296934789	0.0088859013705193	0.0161042073095738
gene-OW489_RS01565	508.669518161358	-0.571875109739647	0.393351914514157	-1.45385109017707	0.14598759534596	0.196003206462501
gene-OW489_RS01570	320.207823915857	1.13038695991657	0.173624696340547	6.51051943497391	7.48913779542978e-11	4.46049088080223e-10
gene-OW489_RS01575	3946.62710688452	-0.908095588295459	0.133444775682649	-6.80502914894953	1.01028778963733e-11	6.63062665820225e-11
gene-OW489_RS01580	296.609087834417	-0.0920690329354176	0.1918536827368	-0.479891924001923	0.631304244091394	0.696753745315563
gene-OW489_RS01585	654.507570815373	-2.12187606279708	0.274682027785184	-7.7248449048749	1.11989613630139e-14	1.03705450430101e-13
gene-OW489_RS01590	496.994050510549	-1.89385956940379	0.376594146744531	-5.02891398014351	4.93265597163025e-07	1.86283543956539e-06
gene-OW489_RS01595	1169.68379944834	-0.332204156619447	0.20448050719694	-1.62462506169106	0.104242473727341	0.145989556134682
gene-OW489_RS01600	585.668259578082	-0.0901240184893605	0.228239099505405	-0.394866693238186	0.692941271700608	0.751288371563129
gene-OW489_RS01605	5054.29171908854	-1.1698771180826	0.271593425468596	-4.30745742855942	1.65141866617328e-05	5.01734390262085e-05
gene-OW489_RS01615	241.434423087077	-0.105913113849489	0.251333623081303	-0.421404476452509	0.67345975093897	0.735474622996355
gene-OW489_RS01620	2531.29431454299	-2.35881752460845	0.198791878456573	-11.8657640489259	1.78267590977755e-32	7.08875832358603e-31
gene-OW489_RS01625	41.5758646159396	-1.85737425256577	0.383712855241063	-4.84053173407208	1.29492174975325e-06	4.60719527806945e-06
gene-OW489_RS01630	18.4037614090931	2.02813904859093	0.671805861974546	3.01893621861218	0.00253663928562686	0.0051805684504041
gene-OW489_RS01635	6268.27987914157	-1.00245570448486	0.298175637479016	-3.36196381756844	0.000773902636316545	0.00178248102947184
gene-OW489_RS01640	357.524122864436	-0.0999586721943028	0.218078917876061	-0.458360088943175	0.646693760374017	0.712575357804133
gene-OW489_RS01645	4896.44322291717	-1.18557994344021	0.223702467303304	-5.29980718465994	1.15925040264291e-07	4.69253456399164e-07
gene-OW489_RS01650	1453.80769216344	-1.2398206782661	0.287614460011525	-4.31070356551759	1.62735940212494e-05	4.96656864937454e-05
gene-OW489_RS01655	7956.66199330914	-1.13941262324064	0.269951124235773	-4.2208108096097	2.43425173907725e-05	7.23320516754383e-05
gene-OW489_RS01660	2397.64143823319	-0.362680127961879	0.211060674284144	-1.71836903862827	0.0857293239755715	0.123304304271247
gene-OW489_RS01665	2429.41774116206	-0.567859657593837	0.233747078470827	-2.42937649235564	0.0151248171321558	0.0259501938612623
gene-OW489_RS01670	118.509369481054	-0.173654887100127	0.382438360794359	-0.454072877886596	0.649776373698526	0.715388971694143
gene-OW489_RS01675	422.980406573123	0.260327633795619	0.294814931379474	0.883020519271242	0.37722518510656	0.451334911738114
gene-OW489_RS01680	1481.75229112138	-0.149111030561025	0.144485332495609	-1.0320150010075	0.302065090177002	0.37194171395201
gene-OW489_RS01685	1159.44335507794	0.518822062303464	0.152866467876081	3.3939559768205	0.000688907660431656	0.00160864103092159
gene-OW489_RS01690	745.296096955463	0.78092825191227	0.135418427596461	5.76677979336305	8.08005154784232e-09	3.78001027428471e-08
gene-OW489_RS01695	1314.4638330768	-0.0628042051231637	0.167612741316226	-0.374698275500873	0.707884874930326	0.761990725243472
gene-OW489_RS01700	5102.20719446245	-1.15114185114733	0.379406202834983	-3.03406175899555	0.00241285030167833	0.00495018756884538
gene-OW489_RS01705	48183.5594150449	-2.97485738635928	0.119381315553994	-24.9189529580431	4.63680455779492e-137	3.13447988106936e-134
gene-OW489_RS01710	1242.51784647376	0.277695809241309	0.119000117071528	2.33357593315975	0.0196179380062398	0.0328667313313955
gene-OW489_RS01715	489.265545742214	-0.0604809936628701	0.243213738458261	-0.248674248610547	0.803612769842324	0.850810074257496
gene-OW489_RS01720	1231.1134216397	0.327195451519013	0.173166019018429	1.88948994366032	0.0588262090162274	0.0878818061767286
gene-OW489_RS01725	5175.49994626423	-0.136672804727214	0.158648915107781	-0.861479605040869	0.388973949202356	0.463750246315331
gene-OW489_RS01730	5734.93345997442	-0.410755209076347	0.223785574488867	-1.83548564296212	0.066433764430787	0.0977349831451839
gene-OW489_RS01735	565.674751411361	0.263882414781155	0.20807199869529	1.26822646216609	0.204717089618455	0.263848908640754
gene-OW489_RS01740	1097.66805992154	0.46090323352073	0.223572592454411	2.0615372772703	0.0392518109306811	0.061138765412766
gene-OW489_RS01745	1380.80310239553	0.554842678148237	0.212463905160921	2.61146794665191	0.00901544387729373	0.0162952942808838
gene-OW489_RS01750	19.337003333695	2.3263958801447	0.609329574685495	3.81795989690057	0.000134559791642141	0.00035741618526557
gene-OW489_RS01755	3707.20611056155	0.221994161180462	0.164466012527745	1.34978745923576	0.177084168646024	0.232219006798666
gene-OW489_RS01760	3754.07376455108	-0.3223716815028	0.192931377146428	-1.6709137013941	0.0947387248017285	0.134686388992573
gene-OW489_RS01765	2189.99045833518	1.57772432285994	0.212358284442749	7.42953978461475	1.08976167384042e-13	8.82250169480389e-13
gene-OW489_RS01770	462.796491782463	1.79248829005462	0.158483958799216	11.3102190507844	1.16797568744125e-29	3.58887074868312e-28
gene-OW489_RS01775	995.373689367119	2.69662573897591	0.218720354642273	12.329102809779	6.31458787538008e-35	3.16197141019032e-33
gene-OW489_RS01780	184.804488681083	1.72457008708156	0.223514797652222	7.71568641180037	1.20332843315563e-14	1.09925678488271e-13
gene-OW489_RS01785	233.2596003348	1.9761614806306	0.403698649494488	4.89514018217587	9.82356776346447e-07	3.5993126331176e-06
gene-OW489_RS01790	36.1837121606239	0.934167745839919	0.418653732512508	2.23136132152365	0.0256572047472319	0.0422001713117488
gene-OW489_RS01795	196.654690392625	-0.68295623545622	0.351056635912045	-1.94543035394246	0.0517232044377474	0.0787243529901152
gene-OW489_RS01800	255.691998899848	-0.20732525368877	0.321185155261785	-0.64550073467682	0.518602742342699	0.586737161211154
gene-OW489_RS01805	48.3016906551684	0.794688527251273	0.341310499501372	2.32834480161686	0.0198938021398402	0.0332876491250792
gene-OW489_RS01810	4085.38005256658	-1.60908676276232	0.229928937476425	-6.99819161703952	2.59287320988095e-12	1.80699205142219e-11
gene-OW489_RS01815	1714.61457354403	-1.39135122139894	0.215554038602394	-6.45476758598521	1.08385109515228e-10	6.2891273847463e-10
gene-OW489_RS01820	1608.09012521561	-1.02178696632828	0.194224228670226	-5.26086252639044	1.43381208066026e-07	5.75226686365776e-07
gene-OW489_RS01825	1387.0330341457	-1.23307362602558	0.192072894241603	-6.41982113558682	1.36434553769173e-10	7.78310197029208e-10
gene-OW489_RS01830	2775.06462355647	-1.62185298358043	0.242298473136745	-6.69361619404475	2.17722002263115e-11	1.36911696306852e-10
gene-OW489_RS01835	5858.69971089202	-0.990419674358004	0.214602168133523	-4.615142908257	3.92824918361501e-06	1.29221238351521e-05
gene-OW489_RS01840	436.243493279137	-0.709530467989257	0.282682937994167	-2.50998688857514	0.0120735644391762	0.0212717341479152
gene-OW489_RS01845	1451.09367412292	0.397897357439684	0.280976191486748	1.4161248158937	0.156738963566157	0.208164124500436
gene-OW489_RS01850	436.855996109157	0.195973179476298	0.213125223466792	0.919521285601529	0.357822977344393	0.4307895506408
gene-OW489_RS01855	370.174237769472	0.0155877927651139	0.259961751178771	0.0599618701383282	0.952186003241897	0.970244879872173
gene-OW489_RS01860	104.818696238124	0.135643024800075	0.331925767437538	0.4086546996554	0.682793082454193	0.74446471570812
gene-OW489_RS01865	2622.43784202436	-0.524482075074642	0.118329662009599	-4.4323804037579	9.31983999234444e-06	2.91002856112002e-05
gene-OW489_RS01870	1273.56895910893	-0.092964219647141	0.128420716739654	-0.723903603774511	0.469124917376986	0.539793096420157
gene-OW489_RS01875	591.970188901842	-0.13926531117119	0.190724405271559	-0.730191351090597	0.46527322849483	0.537118939085146
gene-OW489_RS01880	2683.66053712405	0.620848388956218	0.269960120838897	2.29977815622152	0.021460791604408	0.0356012150296437
gene-OW489_RS01885	299.380137162765	0.994272355008302	0.237781598213019	4.18145206559498	2.89653320671114e-05	8.58796687603828e-05
gene-OW489_RS01890	1109.74404936289	0.874007702090982	0.241373209113733	3.62098057733971	0.000293488549456982	0.000732096898276458
gene-OW489_RS01895	232.192792178728	-0.216846737301941	0.173788186687526	-1.24776454277548	0.212117297083838	0.272089739712855
gene-OW489_RS01900	1500.66204991083	0.899785906404854	0.146091898266707	6.15904041962815	7.31870470274133e-10	3.83522820081639e-09
gene-OW489_RS01905	359.857194393092	-0.507614581642417	0.207425452906817	-2.44721452709305	0.0143965121049276	0.024858345294843
gene-OW489_RS01910	895.007128951006	-0.436219201531101	0.225724885181771	-1.93252596487013	0.0532946204556171	0.0806879360089522
gene-OW489_RS01915	725.49065118233	-0.337048946942063	0.160011259307836	-2.10640768905915	0.0351689539664343	0.0558735907903868
gene-OW489_RS01920	893.694695137699	-0.2181504183669	0.141480831678026	-1.54190794455714	0.123095965113742	0.168447110155647
gene-OW489_RS01925	235.089924846155	0.435299064580885	0.183984075891629	2.36596054561421	0.0179833607646613	0.0303160894686061
gene-OW489_RS01930	863.241080158181	0.00679249776798594	0.17974281302371	0.0377900938219429	0.969855042716883	0.982191937120166
gene-OW489_RS01935	941.496255290007	0.0911685424564488	0.207636041342679	0.439078600549825	0.660604584283538	0.725151989333559
gene-OW489_RS01940	953.511561242653	0.793096065768925	0.198112635621605	4.0032583650229	6.24760086009787e-05	0.000175380429544824
gene-OW489_RS01945	336.827831972119	0.57774960580927	0.237042891278265	2.43732095357818	0.0147965397762473	0.0254515544242828
gene-OW489_RS01950	791.698000206349	0.589295423617432	0.130693514601175	4.50898749961486	6.51377462945802e-06	2.0868775590112e-05
gene-OW489_RS01955	346.834478372765	2.16706949161906	0.226750860119875	9.55705081106816	1.21160085985555e-21	2.02232637348729e-20
gene-OW489_RS01960	5982.50342190829	2.62942882347646	0.295829572917443	8.88832308935609	6.20380648749969e-19	8.14324890398018e-18
gene-OW489_RS01965	2973.62872487004	1.28520400660716	0.118957649809925	10.80387859596	3.29964057849661e-27	8.74728247475964e-26
gene-OW489_RS01970	3749.45699818408	0.93367579404915	0.320621702605989	2.9120792088006	0.00359031579083475	0.00713839257236556
gene-OW489_RS01975	3532.81651862671	0.769191373062964	0.267052613192107	2.88029899377782	0.00397298198923306	0.00780737158349288
gene-OW489_RS01980	5315.66671981613	1.19365015819036	0.188031493826449	6.34813952652038	2.17934386521184e-10	1.22260286546324e-09
gene-OW489_RS01985	848.087931574821	0.437086104668399	0.35498185041516	1.23129141435602	0.218213891850736	0.279379906990715
gene-OW489_RS01990	781.024295364305	0.085496850321208	0.359133903626818	0.238063990778351	0.811831463084366	0.857496982882861
gene-OW489_RS01995	378.01067854923	0.00250660879083	0.368576169312795	0.00680078908927709	0.994573797212064	0.994573797212064
gene-OW489_RS02000	1081.75980275046	0.121094607731806	0.428030055380769	0.28291145962655	0.777244709799914	0.824831120603991
gene-OW489_RS02005	1308.79726831731	0.273604703655953	0.342991905598448	0.797700176564141	0.425044501373507	0.497972414087505
gene-OW489_RS02010	920.372439200184	1.02120003338349	0.142947744533023	7.14386950783672	9.07395478921557e-13	6.49099834657114e-12
gene-OW489_RS02015	3580.36358762813	-1.36134842429429	0.164928621424331	-8.25416724239623	1.52965031621486e-16	1.62841513978148e-15
gene-OW489_RS02020	880.00599900685	-0.529160982410587	0.194133899747776	-2.72575260218894	0.00641550650936508	0.0120468955564744
gene-OW489_RS02025	82.5264797685099	-0.291401785274094	0.29513392073452	-0.987354434044256	0.323468913962029	0.39577373002413
gene-OW489_RS02030	100.006135916197	2.41458193390037	0.273552953359122	8.82674416141467	1.0776693287158e-18	1.3876275546893e-17
gene-OW489_RS02035	617.68511555819	1.86109873371576	0.275363642149706	6.75869450006743	1.39240637840023e-11	8.96444487427197e-11
gene-OW489_RS02040	4437.05283623932	0.088509881890006	0.286965610410841	0.308433758885912	0.757752297363203	0.807313716339677
gene-OW489_RS02055	444.473684433449	-0.126330975879041	0.150479770480665	-0.839521322205053	0.4011768291904	0.475781643039843
gene-OW489_RS02060	1453.86264540394	0.131708072208353	0.158103562132195	0.833049366074551	0.404816888355453	0.478419958965536
gene-OW489_RS02065	1299.40187644431	-0.501965948870633	0.13168802165819	-3.81178137958166	0.00013796887967742	0.000365037035858848
gene-OW489_RS02070	29669.5703376615	-2.4990548557318	0.276086683229182	-9.05170371313172	1.40754783705015e-19	1.98229653717896e-18
gene-OW489_RS02075	8458.03738880145	0.917689462131785	0.154236333331274	5.94989158722244	2.68320155263916e-09	1.33370900704711e-08
gene-OW489_RS02080	3479.53462661004	0.414150074315747	0.211740472296281	1.95593251410265	0.0504731045281963	0.0771069348272559
gene-OW489_RS02085	1286.2089365732	-0.893330598376996	0.179403055309628	-4.97946145251103	6.37614505549499e-07	2.37542362325515e-06
gene-OW489_RS02090	1279.8122220385	-1.35590279974717	0.172120499197012	-7.87763692339271	3.33630497485364e-15	3.11192195005521e-14
gene-OW489_RS02095	2786.37325317761	-1.06035094907268	0.166751888384175	-6.35885421956821	2.03264196978289e-10	1.14505497631103e-09
gene-OW489_RS02100	3395.84967907041	0.392213537658773	0.181820323164103	2.15714905151048	0.0309940527190698	0.0500047246732487
gene-OW489_RS02105	2867.42331033259	-0.224619539768266	0.160029987600429	-1.40360905562967	0.16043529704616	0.212447131837814
gene-OW489_RS02110	581.054737345194	0.557503403090189	0.208930762189978	2.66836437701433	0.00762215444353652	0.0139851749803722
gene-OW489_RS02115	89.754054329177	1.06498450006541	0.332555643334044	3.20242498184179	0.00136275789318255	0.00297649219964913
gene-OW489_RS02120	139.109011997799	0.47487009978864	0.238199354417571	1.99358264823916	0.0461976831840052	0.0713820201883143
gene-OW489_RS02125	244.362854332456	2.06320870243277	0.220935257396208	9.3385217314264	9.76884497305375e-21	1.50084981858735e-19
gene-OW489_RS02130	376.970237424789	1.7728797607693	0.182477699243253	9.71559685441863	2.58728733144927e-22	4.79179790701289e-21
gene-OW489_RS02135	12.5001200431393	2.32837756522463	0.765508248486271	3.0416100281464	0.00235316544758316	0.00483507550931981
gene-OW489_RS02140	1079.08457288189	0.308611184110428	0.201827644726205	1.5290828197945	0.126243913822946	0.172058237387725
gene-OW489_RS02145	987.087047997563	0.10727551475074	0.162054259399229	0.661972817921815	0.507988642291906	0.576175037230417
gene-OW489_RS02150	88.0795825702693	-0.0819895708568456	0.268815810139696	-0.305002785417413	0.760364030883148	0.809458401381115
gene-OW489_RS02155	365.070043195322	0.723011514720051	0.200463126694437	3.60670576500649	0.000310108963352032	0.000765086347540049
gene-OW489_RS02160	6.42713562047081	0.790492300401398	0.785621294815416	1.00620019546075	0.314319278168922	0.385276214038425
gene-OW489_RS02205	305.96452105509	1.07713259958641	0.254762158065994	4.22799291607268	2.35785213700664e-05	7.05269046290481e-05
gene-OW489_RS02210	2130.500524489	-0.101603638078803	0.191350882739956	-0.530980764885633	0.595432108545557	0.661482506781918
gene-OW489_RS02215	4163.72933166271	-0.632766719422724	0.140617041948378	-4.49992910286804	6.797613013835e-06	2.17266496328722e-05
gene-OW489_RS02220	142.209634047106	-0.956282521269884	0.272132999866378	-3.51402630970678	0.000441369094960634	0.00105803371699783
gene-OW489_RS02225	3786.73551415388	-0.108985161172374	0.187424322711924	-0.581488888930848	0.560911004596145	0.627255316967732
gene-OW489_RS02230	2173.34893853124	-0.204942180856712	0.122218124542791	-1.67685588061006	0.0935706673293088	0.133446774503402
gene-OW489_RS02235	943.570556215209	0.606923778621881	0.194095915834696	3.12692709690386	0.00176643724115992	0.00375506784598776
gene-OW489_RS02240	2582.85684408454	0.293657506926347	0.224811422432913	1.30623926377219	0.191471204304522	0.248673456503088
gene-OW489_RS02245	2728.69136681286	0.0199464327104853	0.247698625984111	0.0805270220262133	0.935818105547714	0.96003681831005
gene-OW489_RS02250	302.864216784123	0.672291043532496	0.22822304029575	2.9457632439796	0.00322158884821953	0.00646229691809021
gene-OW489_RS02260	2651.46304421569	0.792161456445656	0.137111440239721	5.77750080562693	7.58183589885127e-09	3.57165231193273e-08
gene-OW489_RS02265	403.980092411966	0.88789931783753	0.199972038849463	4.44011734313482	8.99098399950841e-06	2.82693264356637e-05
gene-OW489_RS02270	2383.49819497281	0.436497821577909	0.134571745358503	3.24360674980522	0.00118026574303714	0.00262886208333808
gene-OW489_RS02275	1588.77558320207	0.328739510225098	0.18587176559725	1.76863607643032	0.0769546262155265	0.111994246117752
gene-OW489_RS02280	2347.1892146029	0.192894379089428	0.230951889865613	0.835214551401465	0.403596918091337	0.477395479667094
gene-OW489_RS02285	175.690548221283	1.21818991476976	0.300452290703737	4.05452030975182	5.02372858667826e-05	0.000142690778344307
gene-OW489_RS02290	22.9553555985161	2.6643516742919	0.547566081327629	4.86580846613419	1.1398987031596e-06	4.09878469859517e-06
gene-OW489_RS02295	852.543850204197	1.33975990051982	0.200531327645503	6.68105036878943	2.37235664381802e-11	1.48491952890832e-10
gene-OW489_RS02300	909.490091723896	-0.513457949407036	0.197663703793608	-2.5976339588535	0.00938684982413662	0.016921361282977
gene-OW489_RS02305	111.561884016303	-0.685433265140602	0.213785321899049	-3.20617551781347	0.00134511914526893	0.00295227448766817
gene-OW489_RS02310	928.893479849975	0.130597145769363	0.136076683316791	0.959731987774335	0.337190119806138	0.409562996851486
gene-OW489_RS02315	114.898484051715	0.565969359819034	0.25450306163443	2.22382141961026	0.0261604616735865	0.0429234759498652
gene-OW489_RS02320	61.7850870602903	0.35077858894263	0.261992057651877	1.33889016364278	0.180606432310027	0.236379377040809
gene-OW489_RS02335	379.144027668248	-0.0341550621252139	0.204845885232815	-0.166735407383924	0.867578244431522	0.908762563159858
gene-OW489_RS02340	3801.54576005751	1.11985561283263	0.112972346645741	9.91265248604845	3.66777036053531e-23	7.29239048153491e-22
gene-OW489_RS02345	903.451305318976	0.431887570310071	0.153093204128868	2.82107604166757	0.00478628559445734	0.00919184392571921
gene-OW489_RS02355	989.998169442364	-1.04342236084832	0.298450392882356	-3.49613331304819	0.000472052796366132	0.00112560031867198
gene-OW489_RS02360	1262.00751397092	0.795826041388682	0.148499008247394	5.35913371261622	8.36219494144363e-08	3.46800231927355e-07
gene-OW489_RS02365	1300.53685662299	0.426937523290345	0.173121352399344	2.46611707552698	0.013658668261603	0.0237970611980507
gene-OW489_RS02370	1034.70772733908	-0.331098141643608	0.203253034783015	-1.62899482409734	0.10331411466411	0.145047438240785
gene-OW489_RS02375	11730.8281069422	-0.50622428335282	0.203268794446298	-2.49041809261363	0.0127592901537526	0.0223742675588502
gene-OW489_RS02380	2400.70106520912	-0.339886716843601	0.20191999166677	-1.68327422182405	0.0923220182952881	0.132198668269511
gene-OW489_RS02385	5790.08602670148	-0.568236814273535	0.148154698858044	-3.83542890406735	0.000125345362192729	0.00033425429918061
gene-OW489_RS02390	675.960099858645	0.464164154498394	0.17307072639162	2.68193335855132	0.00731980397365414	0.0135124524996248
gene-OW489_RS02395	84.2075676116927	2.03147809406789	0.516646220925563	3.9320486859045	8.42250021814982e-05	0.00023334467817497
gene-OW489_RS02400	215.141580972406	0.958984813071301	0.254360055567192	3.77018636410061	0.000163125688369237	0.000425764344932836
gene-OW489_RS02405	13.0263733970077	1.49837998724626	0.577755643811514	2.59344932982617	0.00950185394426777	0.0170838187164047
gene-OW489_RS02410	231.511554585564	1.08614794151217	0.21652746306503	5.01621330678947	5.26998181397827e-07	1.98468395891326e-06
gene-OW489_RS02415	204.600306539376	1.41904020561438	0.236840585426102	5.9915415386319	2.07861216104763e-09	1.05649760967534e-08
gene-OW489_RS02420	904.188966966494	0.824607817058484	0.174557654789937	4.7239854250495	2.31266998698156e-06	7.95605552773299e-06
gene-OW489_RS02425	1191.24726792439	1.06244113138884	0.196647325870725	5.40277436616292	6.56179795083014e-08	2.7637229998512e-07
gene-OW489_RS02430	2380.57454591588	-0.506777568453739	0.12195517779686	-4.15544118428393	3.2466045688695e-05	9.54219429806862e-05
gene-OW489_RS02435	785.085620119328	-0.773822312906198	0.19481438868576	-3.9721004086325	7.12416771680655e-05	0.000199005676717406
gene-OW489_RS02440	111.981444371312	1.58633835148902	0.330053813480831	4.80630214436578	1.53747490074555e-06	5.41319287970829e-06
gene-OW489_RS02445	345.879384978286	0.310309275881348	0.183098791113326	1.6947641980295	0.0901201616936751	0.129481890127363
gene-OW489_RS02450	416.744979562281	0.729972239994588	0.289583747192004	2.52076384490802	0.0117100411844666	0.0207224812583754
gene-OW489_RS02455	334.54656818409	0.930771195151654	0.24861985774073	3.74375242432283	0.000181292292763599	0.000468656175557142
gene-OW489_RS02460	218.999314416212	0.373157582695044	0.304784583678978	1.224332209296	0.220826931084284	0.281658500779199
gene-OW489_RS02465	9336.1073921751	-0.865654738042023	0.18996113813183	-4.55700964184197	5.18870431411223e-06	1.67425494813359e-05
gene-OW489_RS02470	964.551454403949	-0.764806541263618	0.367112850438489	-2.08330092599622	0.0372238023958922	0.0584513134021443
gene-OW489_RS02475	4358.44611546079	0.832866771015147	0.307544056293733	2.70812182505547	0.00676651792398794	0.012629878568309
gene-OW489_RS02480	704.921473272288	1.24110469383414	0.236965787421162	5.23748473288389	1.62779760972975e-07	6.49198338747677e-07
gene-OW489_RS02485	4248.69496188768	0.82545092095992	0.109679041563851	7.52605884579482	5.22947792919217e-14	4.36435441991841e-13
gene-OW489_RS02490	148.733779050706	1.07717359314401	0.249946230160784	4.30962128314995	1.63534354171648e-05	4.97969474865018e-05
gene-OW489_RS02495	420.468971788934	1.76772446960659	0.197697586180981	8.94155818366107	3.83720980631598e-19	5.24031076579718e-18
gene-OW489_RS02500	4140.91103309441	-1.14588522809199	0.154200394509191	-7.43114329726108	1.07662996820693e-13	8.8218407091865e-13
gene-OW489_RS02505	563.317438108872	0.576563281297587	0.156963901195275	3.67322216705292	0.000239511070532305	0.000606402560598644
gene-OW489_RS02510	4502.26303960737	-0.789931315356687	0.142692541694621	-5.53589771389198	3.09638242361024e-08	1.34176571689777e-07
gene-OW489_RS02515	368.790470217292	0.156773168971534	0.149388399308153	1.04943335424692	0.293978713733545	0.362937324234067
gene-OW489_RS02520	1887.79222461489	0.324636484790507	0.119817065127388	2.70943445698122	0.00673980201853282	0.0126033365547114
gene-OW489_RS02525	7541.69315164838	0.672626648177012	0.126790242667473	5.30503478837153	1.12651510264713e-07	4.57371897531209e-07
gene-OW489_RS02530	1261.46279362984	2.39645351639181	0.168745882277962	14.2015525596311	8.96049829155015e-46	7.25606892557917e-44
gene-OW489_RS02535	13059.4129452663	-1.82136021056855	0.193970085408499	-9.38990260654256	6.00557631341152e-21	9.55239903027338e-20
gene-OW489_RS02540	20783.7175028692	-1.67601347777017	0.341987914443635	-4.90079738781647	9.54484547251145e-07	3.50669322794442e-06
gene-OW489_RS02545	1120.48257567416	-1.17228243851444	0.330379451887333	-3.54829100846809	0.000387739568282983	0.000932782733662978
gene-OW489_RS02550	1705.39121226499	-0.338706062740688	0.321983018710232	-1.05193765838162	0.2928281528327	0.361886346096719
gene-OW489_RS02555	761.822735643063	0.0118626091372238	0.198823672654404	0.059663967468519	0.952423270380348	0.970244879872173
gene-OW489_RS02560	321.1632099922	0.0647453001355364	0.175822128127691	0.368243183181784	0.712691913562477	0.765945522366032
gene-OW489_RS02565	714.362762677835	0.242984039296919	0.15669284093692	1.55070287732378	0.120972904671843	0.165877654276198
gene-OW489_RS02570	135.809614397123	0.316775142200199	0.254318073924384	1.24558643163673	0.212916266128001	0.272855726829439
gene-OW489_RS02575	413.481301338553	0.104959244037818	0.156321323378767	0.671432673222072	0.501944936366831	0.570756563471788
gene-OW489_RS02580	23.8989328151328	-0.0637783968168846	0.408219286938896	-0.156235628392617	0.87584729415405	0.915967431440757
gene-OW489_RS02585	533.970842650225	0.124409804729329	0.156114006746242	0.796916351852742	0.425499613498384	0.498074006450057
gene-OW489_RS02590	3158.82125620325	0.290850925000338	0.125990956601659	2.30850636303929	0.0209709893378247	0.034917213774309
gene-OW489_RS02595	217.413059525422	0.187011396004947	0.264734070499337	0.706412271198074	0.479931791867631	0.550821547202918
gene-OW489_RS02600	269.267872093554	-0.684263973345053	0.178556147764684	-3.83220618226392	0.000126999231636909	0.000337997955065159
gene-OW489_RS02605	684.375238763389	-0.746709497178403	0.158208605326818	-4.7197780148298	2.36102155893655e-06	8.08126872830942e-06
gene-OW489_RS02610	729.276747379383	-0.706005576408451	0.211289610319536	-3.34141170188515	0.000833535241760328	0.00190361426834453
gene-OW489_RS02615	1223.82220129065	1.70265139226597	0.193908873727902	8.78067805527648	1.62492051773821e-18	2.05317059811407e-17
gene-OW489_RS02620	2010.14849110823	0.19417314319781	0.177375165337446	1.09470309909737	0.273646730461781	0.342565166281785
gene-OW489_RS02625	3544.49938051409	-0.0200066382304688	0.249953640657582	-0.0800413955877377	0.936204332649762	0.96003681831005
gene-OW489_RS02630	9864.31176026079	-0.4729102340989	0.160931336899322	-2.93858389056166	0.00329715413779413	0.00659288299365207
gene-OW489_RS02635	822.412194280837	0.260846623484257	0.192990756447591	1.35160164292683	0.176502784474037	0.231681324863008
gene-OW489_RS02640	642.457215045607	1.12514097099619	0.181200940412693	6.20935503112528	5.32025031982244e-10	2.8318812725984e-09
gene-OW489_RS02645	326.025269560826	0.667968129869973	0.27292169062301	2.44747175772352	0.0143862399430074	0.024858345294843
gene-OW489_RS02650	1909.37125926075	-0.507264974726083	0.151399738964254	-3.3505009863052	0.000806655221302657	0.00185160926859285
gene-OW489_RS02655	2859.27709544762	0.233013773326957	0.118472119600472	1.96682370597199	0.0492035386038224	0.0754231113292153
gene-OW489_RS02660	13330.3463549851	-0.0612243386759288	0.163339843109888	-0.374827950794221	0.707788425528861	0.761990725243472
gene-OW489_RS02665	289.609201582005	0.437818892388996	0.181143070165193	2.41697842478726	0.0156499447157415	0.0267155621915182
gene-OW489_RS02670	1178.45701094043	0.142392950877554	0.174189440336761	0.817460292669095	0.413665432102098	0.486749925328144
gene-OW489_RS02685	5.97506193450966	0.788282321317025	0.87164929245161	0.904357208964047	0.365806020529976	0.439227122341499
gene-OW489_RS02690	41.8769003430888	0.657808772405741	0.477801203713864	1.37674155546849	0.168592166004795	0.222594344178207
gene-OW489_RS02695	235.227521312995	0.547033553593727	0.248022867605466	2.20557708599637	0.0274136249269055	0.0447623440835462
gene-OW489_RS02700	1652.13066899913	-0.384443682543424	0.112405322073304	-3.42015551801643	0.000625853455026919	0.00147157194990677
gene-OW489_RS02705	1216.28578986174	-0.443208962378737	0.18454827676168	-2.40158819229227	0.0163240736348011	0.0277263160229286
gene-OW489_RS02710	7001.07801992548	-1.01428981001533	0.123232771616127	-8.23068244520918	1.86149847770344e-16	1.95096584639927e-15
gene-OW489_RS02715	2001.42666886624	-0.663980243632908	0.370537907325044	-1.7919360759234	0.0731432063010177	0.106792240733235
gene-OW489_RS02720	11434.9896325665	-1.36312198520288	0.143625000500913	-9.49084059494374	2.29178628219937e-21	3.7786525043092e-20
gene-OW489_RS02725	341.235336485557	0.45822353385662	0.261486604066415	1.7523786179893	0.0797087256123719	0.115505034327896
gene-OW489_RS02730	3.46482060821008	3.10119695144769	1.48160815524033	2.09312896968001	0.0363376432859926	0.0573931001432968
gene-OW489_RS02735	34228.9120247087	-0.982003686694466	0.140171143102967	-7.00574786618602	2.45669984564773e-12	1.72096279342784e-11
gene-OW489_RS08110	2.11450987686178	1.18095088220474	1.42456706272517	0.828989321110374	0.407110449990768	0.480710330469448
gene-OW489_RS02755	1989.33609620263	-0.807963014150056	0.123622111143921	-6.5357483922065	6.32922422736309e-11	3.80316051350884e-10
gene-OW489_RS02760	13.8503623031563	-0.0191027114517175	0.53094580880315	-0.0359786462855381	0.971299385724213	0.982191937120166
gene-OW489_RS02765	195.278669221757	0.133957160890045	0.30002293766823	0.446489731522385	0.655243528371492	0.720235162892891
gene-OW489_RS02770	22.8233881068733	1.1232227080172	0.503569689255005	2.23052088317493	0.0257128826451702	0.0422403612834387
gene-OW489_RS02775	7269.46872118169	-0.85021828237966	0.23232652304552	-3.65958337960869	0.000252625635797035	0.000636033258096072
gene-OW489_RS02780	716.404613797601	-0.78753279722367	0.269437989970237	-2.92287215069658	0.00346818889839005	0.00691591650534418
gene-OW489_RS02785	117.646243641129	-1.35341761180777	0.399237149696269	-3.39000920339558	0.000698902772593913	0.00162356795282985
gene-OW489_RS02790	60.3614296990398	1.28337210578937	0.429865430667153	2.98552061699302	0.00283096053874911	0.00572116389893691
gene-OW489_RS02800	4885.12455325911	-0.944240146617427	0.172650568289986	-5.46908218124988	4.52371976187939e-08	1.94779271275826e-07
gene-OW489_RS02805	8831.89796071025	0.00498826849138471	0.154243465821514	0.0323402256608846	0.97420073053117	0.982191937120166
gene-OW489_RS02840	4125.56187192107	0.8268423733978	0.124121374438654	6.66156314444021	2.70930346987895e-11	1.67259282706682e-10
gene-OW489_RS02845	3340.94696666802	-0.00405911802024935	0.210857185461432	-0.0192505558269998	0.984641227343599	0.987563011400999
gene-OW489_RS02850	1998.60924660936	-0.348381076112646	0.26212110761644	-1.32908440407794	0.183820125034363	0.239426598310653
gene-OW489_RS02855	741.922340551847	0.874915474732265	0.176779690360874	4.94918546890896	7.45247056961592e-07	2.76047676989609e-06
gene-OW489_RS02860	379.902585916746	0.547335513642457	0.192286140582412	2.8464636711967	0.00442077731077709	0.00856288098018715
gene-OW489_RS02865	59.2606826343781	-0.183971889734761	0.262782965219706	-0.700090622620636	0.483870711701755	0.554871248702946
gene-OW489_RS02870	521.877902263518	0.687327252636763	0.169419390174887	4.05695742339323	4.97161407401468e-05	0.000141806376119575
gene-OW489_RS02875	5754.87855652591	-0.340723603822633	0.123389186417575	-2.7613732914127	0.00575588462948346	0.0108838545721142
gene-OW489_RS02880	1182.13877781246	0.618597282213621	0.171264287502154	3.6119455564012	0.000303908379173216	0.000752535034143201
gene-OW489_RS02885	398.234836048694	1.19656785908046	0.369969632320701	3.23423263572951	0.00121970060930687	0.00271222898648501
gene-OW489_RS02890	7028.05018076854	-0.692370858466939	0.136464197043785	-5.07364476152518	3.90267324272761e-07	1.47798717763802e-06
gene-OW489_RS02895	13501.0056363055	-0.169473159968838	0.184115767238689	-0.920470650127058	0.35732686361607	0.430575685925959
gene-OW489_RS02910	1076.99943534409	0.552436738225326	0.187865822378199	2.94059202058156	0.00327585683390661	0.00656141991028405
gene-OW489_RS02915	1372.42874731384	0.92449911577745	0.204086535414457	4.52993684223208	5.90013213230903e-06	1.89928062925757e-05
gene-OW489_RS02920	1716.20026628775	-0.0801452632181691	0.130096493083075	-0.616044762766904	0.537864976891169	0.604986230246972
gene-OW489_RS02925	806.757253271379	-0.727716251823606	0.197506479039484	-3.68451837814459	0.000229135493382967	0.00058341089840635
gene-OW489_RS02930	574.444836381442	-0.383713792882608	0.185401940100846	-2.06963202582397	0.0384868166226995	0.0600856536649996
gene-OW489_RS02940	13451.4700534782	-0.476292728553989	0.254156040862724	-1.87401695012729	0.0609280889037776	0.0905664480795849
gene-OW489_RS02950	977.901770035951	-1.14875366836189	0.397476169365302	-2.89011960187762	0.00385095282609452	0.00758963297504342
gene-OW489_RS02955	231.277175529622	-0.228106294552424	0.313277070744139	-0.728129556403841	0.466534282510228	0.537269463333755
gene-OW489_RS02960	4402.72900869627	0.193417837600187	0.16992435304788	1.13825849050423	0.255012561438808	0.322522902773871
gene-OW489_RS02965	1605.9524092598	1.40552577115314	0.134568503660539	10.4446860366279	1.54967302559562e-25	3.44557284149207e-24
gene-OW489_RS02970	1902.31797270813	1.13354189911732	0.227185730116606	4.98949427208967	6.05375692290242e-07	2.26722419938063e-06
gene-OW489_RS02980	5160.23543814907	-1.6288259725334	0.342613587971311	-4.75411959630098	1.99313033137173e-06	6.89184707932118e-06
gene-OW489_RS02985	2587.24884410568	-0.754158434248259	0.167646385685944	-4.49850696847733	6.84323538517588e-06	2.17695393900183e-05
gene-OW489_RS02995	2264.01950713488	0.364129112060684	0.134782956377108	2.70159612052054	0.00690075306212921	0.0128164552910878
gene-OW489_RS03000	2618.01398554254	-0.409162488476878	0.155491588724937	-2.6314123601932	0.00850307947913377	0.0154726291464184
gene-OW489_RS03005	2396.11759030813	-0.735232312381154	0.143496245138001	-5.12370418943072	2.99590875843334e-07	1.15727675468625e-06
gene-OW489_RS03010	4124.56795275335	0.0526768785771612	0.139913755311411	0.376495352154022	0.706548670190741	0.761990725243472
gene-OW489_RS03015	1681.89404903466	0.19621355789856	0.306991625993332	0.639149544433572	0.522725651840155	0.590907258601914
gene-OW489_RS03020	1912.49078436449	0.0633390605545274	0.160364383320178	0.394969626317004	0.6928653040555	0.751288371563129
gene-OW489_RS03025	5058.40364585719	-0.432740209814196	0.159811304166269	-2.70781977577736	0.00677267896599411	0.012629878568309
gene-OW489_RS03030	2382.285801122	-0.991690680290477	0.212033708371525	-4.67704256982027	2.91041855939588e-06	9.7639848444249e-06
gene-OW489_RS03035	4746.17996260288	-1.50780180620631	0.213353131914152	-7.06716509234564	1.58130786682447e-12	1.11350428955557e-11
gene-OW489_RS03040	2223.04612636778	-0.602829499507273	0.112752217711667	-5.34649793806136	8.96723021318158e-08	3.67384704491561e-07
gene-OW489_RS03050	15.095686590385	-1.45326157305139	0.566293266228349	-2.56627026969695	0.0102798695058519	0.0184084550621349
gene-OW489_RS03055	2012.71592483876	0.955670149598164	0.945988982269393	1.01023391129307	0.31238323586642	0.383250576126498
gene-OW489_RS03060	5647.40096907074	-0.63136614311187	0.152860789769493	-4.13033416917405	3.62236310326251e-05	0.000106005084753483
gene-OW489_RS03065	1185.7482408006	-0.0412222339711382	0.291781310586748	-0.141277842258792	0.887650453349975	0.923122840070251
gene-OW489_RS03070	582.039908157557	0.0601881897741257	0.204547629508285	0.294250243421608	0.768566690373193	0.81690421806962
gene-OW489_RS03075	2736.97021628657	-1.12412881853863	0.118543103166893	-9.48286984655701	2.47383941619995e-21	4.02967577193052e-20
gene-OW489_RS03080	6794.99294584302	-1.22014318201097	0.158076334893364	-7.71869605171491	1.17525784799112e-14	1.08091742209796e-13
gene-OW489_RS03085	73.544384407785	-0.809755610688456	0.268791655575377	-3.01257719089192	0.00259039547467288	0.00528237508560744
gene-OW489_RS03090	3943.50644857786	-1.27104704374776	0.118485476103344	-10.7274501951542	7.56549536918008e-27	1.90701114581013e-25
gene-OW489_RS03095	6012.03002084745	-0.611330554791925	0.176393201748557	-3.46572627931182	0.000528801338818458	0.0012542796668115
gene-OW489_RS03100	10513.1854849722	0.506277310926376	0.15715945007179	3.22142455127649	0.00127555042138019	0.00281328575808486
gene-OW489_RS03105	10803.5377609825	-0.711793785255505	0.117412001778302	-6.06235967767178	1.34138823526537e-09	6.9219728781633e-09
gene-OW489_RS03110	7365.88155663142	-1.0285597868278	0.256562339546062	-4.00900533043017	6.09750403423858e-05	0.000171746363631053
gene-OW489_RS03115	47.9732787002221	1.56382048986694	0.493177254680303	3.17090959695752	0.00151962427509026	0.00327676558201281
gene-OW489_RS03120	9162.85953843128	-2.75173518145978	0.198517850890613	-13.861399209767	1.08537672455534e-43	8.15238517554898e-42
gene-OW489_RS03130	1310.03958936407	1.92704042183769	0.160451871193516	12.0100838183031	3.14526105361036e-33	1.41746431482707e-31
gene-OW489_RS03135	12437.8851191143	1.23453023316125	0.26922012424075	4.58557931596998	4.52729362243488e-06	1.47137042729134e-05
gene-OW489_RS03140	3182.08497046283	-0.839927726538383	0.239270227814381	-3.51037291271347	0.000447478653960737	0.00107078077903525
gene-OW489_RS03145	4378.85158660701	0.00685844748040576	0.196458981795583	0.0349103279357419	0.972151245132499	0.982191937120166
gene-OW489_RS03150	563.240940932136	0.602838021380278	0.282705021199742	2.13239233891905	0.032974606668994	0.0528218817730805
gene-OW489_RS03155	1114.92849059351	0.252573832519159	0.194209994446998	1.30051923042554	0.193423069653072	0.250529903566636
gene-OW489_RS03160	976.512164503062	0.876422430711821	0.136518112887187	6.41982526843203	1.36430849908893e-10	7.78310197029208e-10
gene-OW489_RS03170	5546.10406315121	0.762477093856006	0.221684151355617	3.43947498814595	0.000582843638626474	0.00137522617700348
gene-OW489_RS03175	11444.9143228364	0.0934248067114096	0.270323344322832	0.345603917210486	0.729640401677718	0.78229486365446
gene-OW489_RS03180	5229.37996293144	-0.526579999193821	0.267999196653257	-1.96485663304104	0.049430833259438	0.0756000979261993
gene-OW489_RS03185	3316.68341220904	0.63025869470101	0.172073470316125	3.66273019044207	0.000249541337891622	0.000629440091099764
gene-OW489_RS03190	3652.80453614888	0.0928433090986301	0.233390697942366	0.397802097157948	0.690776071272087	0.750143974586234
gene-OW489_RS03195	1898.08149409238	-0.584460881688116	0.175417166245155	-3.33183401715258	0.000862756968187921	0.00196371619695298
gene-OW489_RS03200	594.051956187011	0.891432983104247	0.35433036347114	2.51582442546405	0.0118754325344827	0.0209876925315303
gene-OW489_RS03205	12747.9038258982	-1.02922737776073	0.212877621137263	-4.83483126249841	1.33258622325004e-06	4.72875741163794e-06
gene-OW489_RS03210	521.316941001708	-1.01124432715875	0.178782277361798	-5.65628954995529	1.54680433852966e-08	7.01771632782584e-08
gene-OW489_RS03215	147.542922135244	-0.381791605691027	0.216943671509014	-1.75986514395818	0.0784306744976525	0.114019647226695
gene-OW489_RS03220	185.151550494656	1.76577064691795	0.339072492619713	5.20764935331499	1.91247889690966e-07	7.58261427748347e-07
gene-OW489_RS03225	10044.7278815826	0.258663378744656	0.38703642203989	0.668317925691234	0.503930673239153	0.572533000184315
gene-OW489_RS03230	22818.5750678047	-0.469238094611492	0.221307921525167	-2.12029506841729	0.0339811693040757	0.0543056038996576
gene-OW489_RS03235	542.072608992275	-0.305962498640306	0.252697861225975	-1.21078388695462	0.22597824218059	0.287957194559998
gene-OW489_RS03240	1119.24520804655	-0.340583743770688	0.118852924389564	-2.86558993411349	0.0041623302516864	0.0081095301460584
gene-OW489_RS03245	1854.33964591627	-0.903972889736837	0.433728606197736	-2.08419015213563	0.0371428741750076	0.058392053354198
gene-OW489_RS03250	475.17724445746	0.0619144754522199	0.249831775791318	0.247824662239669	0.804270072337672	0.850839700939384
gene-OW489_RS03255	875.847223916242	0.113147864245245	0.147696802068816	0.766082018434809	0.44362750155272	0.514836379484359
gene-OW489_RS03260	2743.30054497375	-0.330341150641719	0.117723748659773	-2.80607060514545	0.00501497023940831	0.00960373904203971
gene-OW489_RS03265	846.233869904118	0.615003253681814	0.227180614301645	2.7071115005668	0.00678714576676662	0.0126394229706177
gene-OW489_RS03270	297.646085666311	1.11270961438688	0.299228182523687	3.71859898022406	0.000200330793931364	0.000513941619345739
gene-OW489_RS03275	32.2837322748153	1.51635507982541	0.683495320036362	2.21853030353557	0.026518695748286	0.0434059039366619
gene-OW489_RS03280	119.277385151461	0.809432632038245	0.296799966861231	2.727199199509	0.00638744656221513	0.0120108869987689
gene-OW489_RS03285	796.097942876046	0.417469716470899	0.157956962235522	2.64293330640552	0.00821912232236624	0.0149962933601068
gene-OW489_RS03290	535.864821558706	0.372753840086849	0.352264685095279	1.05816409040841	0.289980639448452	0.359352726429246
gene-OW489_RS03295	716.275620284674	1.29648831337014	0.270286216098904	4.79672375485001	1.61281779958209e-06	5.6490405829922e-06
gene-OW489_RS03300	1989.22920922731	0.455729346126477	0.163153330572256	2.79325800170929	0.00521800555310686	0.00996432698841875
gene-OW489_RS03305	40.5726374893973	0.705258600362371	0.355537048550981	1.98364306402584	0.0472956448765286	0.0728288290126044
gene-OW489_RS03310	2.18619292775576	-0.595297426591459	1.54867191343887	-0.384392214661906	0.700687769937605	0.757258085496117
gene-OW489_RS03315	1321.25445697617	0.342978867221053	0.32398354723621	1.05863050808254	0.289768087216402	0.359352726429246
gene-OW489_RS03320	232.43260557556	0.113309867019287	0.19464950960503	0.582122540402019	0.560484143454664	0.627255316967732
gene-OW489_RS03325	1495.9997329506	-0.00919155698903936	0.359975970834387	-0.0255338070697727	0.979629183129477	0.984844468400169
gene-OW489_RS03330	5666.21738572445	-0.515121726874401	0.253406035783999	-2.03279186022817	0.0420735558534421	0.0652333113690983
gene-OW489_RS03335	3717.42938996805	-0.630760119659688	0.329247435337155	-1.91576319801483	0.0553952440880395	0.0834942809442914
gene-OW489_RS03340	1161.30689934036	-0.960091065664808	0.148031728529908	-6.48571137552333	8.83140880439689e-11	5.21400205394961e-10
gene-OW489_RS03345	1629.00572452781	1.31602859942364	0.232529620196497	5.659617034215	1.51711160030399e-08	6.90617805929628e-08
gene-OW489_RS03350	46.2538972591524	1.35103698133715	0.348281370378498	3.87915374247234	0.000104820492413204	0.000283434611485302
gene-OW489_RS03355	539.198907465503	0.477938304969108	0.156942921983268	3.04530015708553	0.00232448199004288	0.00480535114761158
gene-OW489_RS03360	13798.2670204622	-1.16435180146911	0.187118176701739	-6.2225478143957	4.89145640150324e-10	2.62430518048904e-09
gene-OW489_RS03365	5126.55291790698	-0.380742710635563	0.181227343989975	-2.10091204921385	0.0356486875122229	0.0563707900778075
gene-OW489_RS03370	1638.53170939474	-0.030050443832391	0.174470466210746	-0.172237998126815	0.863250426053372	0.905568824323936
gene-OW489_RS03375	2214.4538936676	-0.0805727425301207	0.189411330915377	-0.425385018629736	0.670556025389212	0.732895510368808
gene-OW489_RS03380	11788.843920223	-0.858817489431988	0.169076022385161	-5.07947535857907	3.78478609746871e-07	1.43736820330834e-06
gene-OW489_RS03385	3.31649464633808	5.10952402175907	2.05431451249002	2.48721604734508	0.0128747185848259	0.0225182658818688
gene-OW489_RS03390	157399.626859897	-0.653611620323726	0.224609280485171	-2.90999382978246	0.00361435891586934	0.00717564354516204
gene-OW489_RS03395	979.569913345583	1.49756734400179	0.237487060781316	6.30589026229427	2.86542011548031e-10	1.57481625858918e-09
gene-OW489_RS03400	141.475922320212	1.13943962791083	0.397611411082973	2.86571158711804	0.00416073121036087	0.0081095301460584
gene-OW489_RS03405	4614.23948231832	-0.544615634589973	0.13968449698519	-3.89889820520109	9.66313849420807e-05	0.000263398452503414
gene-OW489_RS03410	4883.08763703067	-0.90731982910213	0.162929395007712	-5.56879149437206	2.56512216961038e-08	1.11872424945588e-07
gene-OW489_RS03415	964.399110465279	-0.748082876672648	0.1536824460565	-4.86771844064496	1.12894016059828e-06	4.07020559234366e-06
gene-OW489_RS03420	4571.4782142076	-0.478502824925852	0.209280084231425	-2.28642312852243	0.0222295165397763	0.0367861766974022
gene-OW489_RS03425	268.140184086545	-0.786625985301135	0.250830160687095	-3.13609010633467	0.00171216589796383	0.00365118027452225
gene-OW489_RS03430	2657.1899073521	1.05651165290873	0.194473409641982	5.43267922773464	5.55141487899577e-08	2.36022418754789e-07
gene-OW489_RS03435	4.1100807930276	1.25116931579944	0.982560000990643	1.27337700958514	0.202884291537492	0.261736223433864
gene-OW489_RS03440	30.26841587304	1.3507247550677	0.860113698008096	1.57040256212149	0.116321486781936	0.160404446040543
gene-OW489_RS03445	406.85895623612	0.00919689840026793	0.206260377543969	0.0445887790460743	0.964435086789383	0.978916094098533
gene-OW489_RS03450	2264.16867256881	-0.885840566888937	0.194010650949573	-4.56593781090496	4.97266183440238e-06	1.60838248806508e-05
gene-OW489_RS03455	1162.4580220473	-0.748294469249138	0.129322430937836	-5.78626974317267	7.19666182376140e-09	3.42601647384697e-08
gene-OW489_RS03460	2699.33118871772	-0.584766906974503	0.120736317350383	-4.84333893734291	1.27675221298523e-06	4.55453559882858e-06
gene-OW489_RS03465	477.468017148053	-0.649513513968194	0.253841673894543	-2.55873475778462	0.0105053862247471	0.0187625920420846
gene-OW489_RS03470	259.353920012913	-0.199165585940753	0.517992843486774	-0.384494860199432	0.700611704659044	0.757258085496117
gene-OW489_RS03475	586.530780891443	-0.0305233736863909	0.437213252374767	-0.0698134686462503	0.944342126906259	0.965041992121892
gene-OW489_RS03480	2537.20793636022	0.0326008395718831	0.172897887200673	0.188555453740421	0.850441249192687	0.893392827434742
gene-OW489_RS03485	622.696868059378	1.55838481775778	0.212687614464149	7.32710657216225	2.35174808005268e-13	1.80657011604047e-12
gene-OW489_RS03490	256.847422293973	1.03371729249201	0.236116453834319	4.37799770285116	1.19774612617564e-05	3.68034718770332e-05
gene-OW489_RS03495	795.609746942069	1.13352074073094	0.163570067548614	6.92987878356197	4.21201372970061e-12	2.89068150383514e-11
gene-OW489_RS03500	870.183597589359	1.03422257459517	0.195376252042971	5.29349173085635	1.20002670688088e-07	4.84309285881479e-07
gene-OW489_RS03505	2778.6399200929	-0.456189368272236	0.18743957943862	-2.43379423726046	0.0149414860718072	0.0256682200369548
gene-OW489_RS03510	1306.11065190434	-1.76228798261749	0.327163140317403	-5.38657252436132	7.18139594780599e-08	3.00595892304449e-07
gene-OW489_RS03515	603.600410606943	-1.72273673373766	0.257368690520531	-6.69365310230007	2.17667068814593e-11	1.36911696306852e-10
gene-OW489_RS03520	126.548680551995	-0.420540440461437	0.219914801636337	-1.91228801941611	0.0558392616538186	0.0839762867140853
gene-OW489_RS03525	2132.6084718131	-1.23342410870307	0.33916528887987	-3.63664605177195	0.000276211059078548	0.000691550651618883
gene-OW489_RS03530	4064.63777427766	-3.3404598512541	0.224348298483331	-14.8896152715965	3.8497838372807e-50	4.00377519077193e-48
gene-OW489_RS03535	6805.79994178634	-3.54331684681228	0.218337627674897	-16.2286129264364	3.16531594867266e-59	3.89046105691403e-57
gene-OW489_RS03540	1744.7860645404	-3.77729042921733	0.211263902451531	-17.8794880970446	1.70394258269946e-71	2.87966296476209e-69
gene-OW489_RS03545	1445.17049354149	-2.24434298806309	0.397047147257896	-5.65258560239776	1.58052039251069e-08	7.12287856891483e-08
gene-OW489_RS03550	753.013775827295	-1.84762696159039	0.320294238365402	-5.76853012099006	7.99659219371508e-09	3.75395577982736e-08
gene-OW489_RS03555	829.907342706058	-1.14388323745488	0.255002863742715	-4.48576624068425	7.2652361218659e-06	2.30037452851585e-05
gene-OW489_RS03560	1798.4818460532	-1.09997192363779	0.197506816569651	-5.56928587449478	2.55785517228128e-08	1.11872424945588e-07
gene-OW489_RS03570	605.718941361505	0.702588957359761	0.184453632348385	3.80902749604167	0.000139514444338956	0.000368405329582555
gene-OW489_RS03755	2.28956546292691	1.05811669330516	1.36168490331211	0.777064275833153	0.437120849412359	0.508594998627805
gene-OW489_RS03760	21.6182014596823	0.927153142704971	0.55061435976523	1.68385209405052	0.0922102565867645	0.132198668269511
gene-OW489_RS03765	19.1811478225021	3.03332578832181	0.645128856049084	4.70189135066534	2.57762655436456e-06	8.75615854648462e-06
gene-OW489_RS03770	1244.313556657	1.89461875073007	0.160650227709839	11.7934395595882	4.21949278637847e-32	1.58465395755102e-30
gene-OW489_RS03775	7061.83424162503	0.264213182971925	0.139813871061054	1.88974942877125	0.0587914799597059	0.0878818061767286
gene-OW489_RS03780	2086.38140218041	0.151070866356167	0.148320633326599	1.0185424843994	0.308420221620822	0.378732188584334
gene-OW489_RS03785	1839.03346825774	0.0491144143941232	0.16274157530324	0.301793898102603	0.76280918273249	0.811422513811429
gene-OW489_RS03790	572.180942399294	-0.0989311434958731	0.205486712807957	-0.481447886065177	0.63019820987963	0.696101290651356
gene-OW489_RS03795	5879.81733989862	-0.312976213212418	0.201176661055004	-1.55572824189008	0.119772727909175	0.164398708764674
gene-OW489_RS03800	81.3243624458629	0.491889211413464	0.237296162326262	2.07289155707946	0.0381823729531231	0.0597483428618316
gene-OW489_RS03805	1552.29417820172	0.327695914886617	0.138901216213491	2.35920119218357	0.0183143234734448	0.0307589631504315
gene-OW489_RS03810	3650.95196614723	0.500513119321636	0.320944370123789	1.5595011656649	0.118877808894764	0.163336176448904
gene-OW489_RS03815	9414.81923934943	0.411431667330324	0.420175558512361	0.979189910015245	0.32748615317487	0.399965021763708
gene-OW489_RS03820	12272.4838050643	0.805806645246523	0.395760943991745	2.03609440870783	0.0417408760899319	0.0647918076619838
gene-OW489_RS03825	2266.59647304246	0.277713987410077	0.145963844908585	1.90262175940902	0.0570899177788654	0.0856665580877093
gene-OW489_RS03830	1571.02215622891	0.7310957822398	0.337888079050116	2.16372173974023	0.0304857115094037	0.0493612957613339
gene-OW489_RS03835	137.821936065937	0.053804461684191	0.371647310991108	0.144772907250978	0.884890173716285	0.923122840070251
gene-OW489_RS03840	380.768998829083	-0.11835918903565	0.352212948883455	-0.336044399874732	0.736837385080232	0.788136190370628
gene-OW489_RS03845	717.276198238864	0.150986274140999	0.395267860146362	0.381984697883331	0.702472714895352	0.758580759216067
gene-OW489_RS03850	1156.3482814781	-1.09303456675087	0.135363291258702	-8.07482262426596	6.75748034955042e-16	6.92129805499406e-15
gene-OW489_RS03855	854.864380678802	0.919816662907417	0.142921813589788	6.4358031836026	1.22822100752166e-10	7.06619064752888e-10
gene-OW489_RS03860	1667.4757306905	1.98870642039361	0.27361110405983	7.26836883037736	3.63854217747901e-13	2.71785028947604e-12
gene-OW489_RS03865	617.70343617205	0.364361385295768	0.192945096531299	1.88842003163663	0.0589695842205275	0.0879987614416702
gene-OW489_RS03870	550.483173504066	-0.899794525002236	0.239268449099796	-3.76060666747977	0.000169501776598108	0.000439858736968602
gene-OW489_RS03880	62.1554829482551	-1.24077910628496	0.682123459333696	-1.81899491845209	0.0689122053428987	0.101161022392616
gene-OW489_RS03885	37.4322429843374	-0.944626320718518	0.48450120140809	-1.94968829380233	0.0512132824144432	0.0780612827782719
gene-OW489_RS03895	6442.28852163707	0.643010850203363	0.207843474198583	3.09372643371522	0.00197659654210616	0.00414319151151555
gene-OW489_RS03900	1807.14651049519	-0.0489495826082919	0.142697136339784	-0.343031288951275	0.731574921503579	0.783461138512564
gene-OW489_RS03905	102.403409993074	0.768097318465117	0.274357484138958	2.79962225515993	0.00511624386631533	0.00978382136811644
gene-OW489_RS03910	191.442086146097	2.10308630610384	0.250320327743859	8.40158018751012	4.405102101731e-17	4.88171970618058e-16
gene-OW489_RS03915	73.9090210419968	-0.279113947129098	0.286360746811759	-0.974693460038274	0.329712337984077	0.402320470175516
gene-OW489_RS03925	1553.62645567517	1.54219132485892	0.18331051729345	8.41299968833822	3.99656029023516e-17	4.46557810941978e-16
gene-OW489_RS03930	10603.8069442682	0.229092518133076	0.1666081048223	1.37503825745705	0.169119584264455	0.223072856512725
gene-OW489_RS03940	1219.85608764797	0.928329283714498	0.163713436246533	5.67045262135079	1.42420752469998e-08	6.5051640993053e-08
gene-OW489_RS03945	1834.5847110528	0.554389280323427	0.215101605189726	2.57733678851182	0.00995648885820823	0.0178767236869821
gene-OW489_RS03950	1093.98891029656	-0.398012988475036	0.228169537974158	-1.74437390726589	0.0810939118103665	0.117260929163225
gene-OW489_RS03955	34.7463755216405	1.11511259306831	0.452427687003292	2.46473110532732	0.0137116107796341	0.0238585556937777
gene-OW489_RS03960	193.813603096544	1.30107510387541	0.200037072756084	6.50416988185929	7.8123571817513e-11	4.6325907498806e-10
gene-OW489_RS03965	87.4120929253933	2.94128825720477	0.313307099943327	9.38787616921803	6.1222251216289e-21	9.62470740051427e-20
gene-OW489_RS03970	890.020278611197	2.1461739987413	0.159665765459186	13.4416666751891	3.44587028362969e-41	2.0255724449858e-39
gene-OW489_RS03975	1829.47496746579	1.2571613353893	0.136372035799988	9.21861529759029	3.00961504905984e-20	4.47142807288891e-19
gene-OW489_RS03980	6920.76666748872	0.735495322655621	0.232163395953795	3.16800725469228	0.00153487690335277	0.00330438467091234
gene-OW489_RS03985	6230.92978167097	0.435804595833426	0.176233881398825	2.47287634122511	0.0134030510916892	0.0233818388076953
gene-OW489_RS03990	4256.30063070655	0.874001208627074	0.243680821026703	3.58666391940341	0.000334935550071193	0.000815915069722978
gene-OW489_RS03995	3704.5005059864	0.582295465094111	0.201389896130106	2.89138371032241	0.00383549510022717	0.00757020346789362
gene-OW489_RS04000	1395.01855644139	-0.908126427653982	0.132868056408013	-6.83479876355905	8.2120222540688e-12	5.44247749387305e-11
gene-OW489_RS04005	78402.6933556894	-5.99262706122003	0.168288771451843	-35.6091913294099	1.00968153155051e-277	1.36508943065629e-274
gene-OW489_RS04010	548.414042228397	-1.30737295716324	0.138227987086498	-9.45809155381205	3.13614627722674e-21	5.04770210334589e-20
gene-OW489_RS04015	44.4572450239919	-0.203686115214981	0.309568046115886	-0.65796879804168	0.510558180926354	0.578604074276975
gene-OW489_RS04020	1080.56057760511	1.04291967476597	0.254169491471546	4.10324492026111	4.07395573924903e-05	0.000118451358268058
gene-OW489_RS04025	8295.83318898539	0.844702553169863	0.271091499471778	3.11593153904039	0.0018336483697662	0.00387964412507652
gene-OW489_RS04030	840.112456544504	0.592450002819219	0.217473259282293	2.72424299325089	0.00644490692094478	0.0120853178323403
gene-OW489_RS04035	891.409301600472	0.0174378047272444	0.219236095322274	0.0795389313133456	0.93660396697556	0.96003681831005
gene-OW489_RS04040	3124.81238003194	-0.287692716753212	0.118868002891289	-2.42027046602542	0.0155089670016405	0.0265083734339038
gene-OW489_RS04045	1544.0002946112	0.965339456205526	0.206061813860507	4.68470813742816	2.80359142891744e-06	9.4525077603401e-06
gene-OW489_RS04050	471.100885907913	0.107770044310608	0.155052779989759	0.695053931427259	0.487021503926367	0.55753858874551
gene-OW489_RS04055	3096.13668437956	0.495869677958179	0.1077130334874	4.60361816860525	4.15213423873045e-06	1.35924588154082e-05
gene-OW489_RS04060	3574.00125948041	-0.387673266838963	0.185312264600341	-2.09200005015885	0.0364385112113136	0.057437959629478
gene-OW489_RS04065	4004.22400325804	-0.569728021530059	0.185679500954804	-3.0683409778699	0.00215250856567088	0.00447721781659544
gene-OW489_RS04075	71.3111294711746	1.19526028856047	0.310457742086003	3.84999349840456	0.000118120960292034	0.000316864163323076
gene-OW489_RS04080	453.370916860609	0.271566074252798	0.171574740281583	1.58278586817099	0.113470278795709	0.156862798498772
gene-OW489_RS04090	491.075157904963	0.467227466411539	0.202242588360072	2.31023282583631	0.0208752676216448	0.0348074182388574
gene-OW489_RS04095	487.113278336613	0.506074272781104	0.175345185608599	2.88616006778053	0.00389973764787404	0.00767459286743188
gene-OW489_RS04100	52.8008228059818	-0.19670355704895	0.283492119474478	-0.693858994788244	0.487770641144256	0.557923779041484
gene-OW489_RS04105	1134.40853324274	-0.108288614927507	0.136398269848189	-0.79391487185308	0.427244991255462	0.499684453440644
gene-OW489_RS04110	272.825255543371	-0.12475841379035	0.256694413467596	-0.486019201216854	0.626953552201019	0.693083567110202
gene-OW489_RS04115	11460.1703412681	-0.215988959221235	0.313978728297337	-0.687909529389182	0.491509755242762	0.561251004297478
gene-OW489_RS04120	10436.4303263824	-0.552225991920079	0.204408822267737	-2.70157611493288	0.00690116823366263	0.0128164552910878
gene-OW489_RS04125	284.135872825765	-3.81962872508136	0.435894632007246	-8.7627340293052	1.90570930991013e-18	2.38566572870231e-17
gene-OW489_RS04130	1034.93262153598	-2.18862367048781	0.274343742009016	-7.97766938097638	1.4912218869773e-15	1.47162919065206e-14
gene-OW489_RS04140	633.993603634642	0.162237038726629	0.191148839891592	0.848747179520628	0.396021987377978	0.471321942724494
gene-OW489_RS04145	491.696675963641	1.42241484165974	0.17133602634269	8.30190166086123	1.02458000192568e-16	1.11712271177703e-15
gene-OW489_RS04150	118.430303995452	0.36609807717632	0.24748345774077	1.4792830216547	0.139064688651385	0.187640178699274
gene-OW489_RS04160	5.04426539093905	-1.46870377266065	0.923538354360435	-1.59030078797079	0.111767021110991	0.1546663383235
gene-OW489_RS04175	1123.23462280462	-0.636930523288702	0.156988939203225	-4.05716814522955	4.96713221196361e-05	0.000141806376119575
gene-OW489_RS04180	925.798316758229	-0.609990056323086	0.1708844891583	-3.56960458686229	0.000357520462520584	0.00086780550328156
gene-OW489_RS04185	1749.15945164539	0.0407351272946003	0.289951960828434	0.140489228554324	0.888273462456689	0.923122840070251
gene-OW489_RS04190	165.695252890555	0.603952482789332	0.311893816197039	1.93640415880444	0.0528182205347002	0.0800563163261375
gene-OW489_RS04195	3243.82355518223	-0.446826813702949	0.217412794189343	-2.05520017977328	0.0398596737843169	0.0620141299843457
gene-OW489_RS04200	1100.78592624485	1.13369505080089	0.130217714368511	8.70615074376581	3.14368684688615e-18	3.82906722251358e-17
gene-OW489_RS04205	1209.17967344082	0.262247904614337	0.121098194015818	2.16558064094731	0.0303432470396783	0.0491895323712771
gene-OW489_RS04210	574.43791650091	0.605735122182606	0.168105908793303	3.60329465234559	0.000314208996348344	0.000772382841932657
gene-OW489_RS04215	2448.61674761007	-0.00981176242053274	0.286911326146527	-0.0341978915657092	0.972719347845953	0.982191937120166
gene-OW489_RS04225	487.351566130709	1.05588216109095	0.159296158759783	6.62842198651637	3.3929435795696e-11	2.06633320701716e-10
gene-OW489_RS04240	149.355835201862	2.17874239249167	0.227142809595159	9.59194964777834	8.64360036635846e-22	1.47925920193882e-20
gene-OW489_RS04245	2409.65821473521	-0.697752246705676	0.184094897131488	-3.79017700967188	0.000150539968207064	0.000395203955370778
gene-OW489_RS04250	613.661788673875	0.147571166401155	0.164304801389722	0.898154923976473	0.369102960868705	0.442400002743342
gene-OW489_RS04255	833.213012674311	0.283486189010043	0.152468585278163	1.85930884380446	0.0629833741570668	0.0933700897591604
gene-OW489_RS04260	842.573372938387	0.381203817344468	0.152828090682696	2.49433082387928	0.0126194866776262	0.0221578519326631
gene-OW489_RS04265	1997.32548615746	-0.367265735576686	0.218521911535963	-1.68068150692634	0.0928247945353125	0.132662919885563
gene-OW489_RS04270	2251.13476948222	0.0464353382788209	0.140983180665296	0.329367929278469	0.741877605391792	0.792900017778422
gene-OW489_RS04275	3756.29111031132	-0.142373733183627	0.147720188033707	-0.96380687757546	0.335142757922625	0.407475727258444
gene-OW489_RS04280	483.431153188492	-0.341162105894778	0.228501405182784	-1.49304161005869	0.135426295266678	0.183096351200548
gene-OW489_RS04285	110.386753258382	0.149811079381599	0.405626007843745	0.369333022253616	0.711879514564701	0.765681068966966
gene-OW489_RS04290	151.773701046541	0.355336746706778	0.189634436831277	1.8737986235218	0.0609581862074129	0.0905664480795849
gene-OW489_RS04295	53.5052897653917	-0.516343778052438	0.376497408459745	-1.37144045735881	0.170237692893324	0.224110380517793
gene-OW489_RS04300	178.390957040124	-0.298869503437989	0.223796850140681	-1.33544999963188	0.181729109599922	0.237618719708989
gene-OW489_RS04305	1142.06325519485	0.662456359043234	0.148534861247888	4.45993858598398	8.19831417408611e-06	2.58371113365138e-05
gene-OW489_RS04310	574.455563391436	1.357590836912	0.157153291982241	8.63864078052793	5.68857306097388e-18	6.63012998141094e-17
gene-OW489_RS04315	1612.17207320554	0.138276626837452	0.189900287086847	0.728153858841794	0.466519407388323	0.537269463333755
gene-OW489_RS04320	3936.37839710314	0.798089892327331	0.10092108552481	7.90805893711012	2.61433046230024e-15	2.48913717255628e-14
gene-OW489_RS04325	790.765302765534	-0.128436754856361	0.477790796281225	-0.268813790169294	0.78807298080537	0.835011496903496
gene-OW489_RS04330	1063.86312966694	-0.243716747456481	0.160144426237347	-1.52185594705165	0.128045179404879	0.174208924050285
gene-OW489_RS04335	10.3058029620389	0.571273187487488	0.698379378533395	0.817998361703017	0.413358122755205	0.486749925328144
gene-OW489_RS04360	41.1173370609559	0.0979587467925276	0.507955610267056	0.19284903013676	0.847077203653972	0.891243874972895
gene-OW489_RS04365	104.671206672674	-1.14837599452247	0.314178333460261	-3.6551724680522	0.000257009141052286	0.000644668569021689
gene-OW489_RS04370	1021.59980464424	1.97963960359179	0.222477124310874	8.89817148492795	5.67742517596551e-19	7.52537140971115e-18
gene-OW489_RS04375	267.826575754358	0.712279340887597	0.232740447122473	3.06040204740511	0.00221040050399923	0.00459057063196153
gene-OW489_RS04380	673.267776437013	0.30132597614634	0.16280301267999	1.85086240841645	0.0641893500021225	0.0948459029539559
gene-OW489_RS04385	1603.65147644184	0.267344385333281	0.16578271668543	1.61261916005733	0.10682727321995	0.148744050868561
gene-OW489_RS04390	4505.41689397981	1.34721905169846	0.109489920078759	12.3045030147923	8.566207233623e-35	4.13625434994939e-33
gene-OW489_RS04395	1611.01108695333	-0.769332869541366	0.38681424431424	-1.98889487874282	0.0467128071677339	0.0720133583703264
gene-OW489_RS04400	627.645655433555	-0.850922422404567	0.343707642063176	-2.47571574870064	0.0132969395752516	0.0232266954854524
gene-OW489_RS04405	133.274586208949	-1.76268895695102	0.292699657204907	-6.02217636256757	1.72087230225562e-09	8.84646141691861e-09
gene-OW489_RS04410	15545.4468413443	-0.725716550903731	0.29628434901717	-2.44939212385354	0.0143097567459744	0.0247718196165908
gene-OW489_RS04415	112.15879938645	-0.73404475664858	0.245211063718954	-2.99352217439054	0.00275777468041404	0.00558160384419129
gene-OW489_RS04420	1343.38200231416	0.890769242538259	0.21046573223595	4.23237185966042	2.31239664732924e-05	6.9320626766943e-05
gene-OW489_RS04425	1706.26544346574	-0.898691223836742	0.11202777844753	-8.02203914324393	1.04003985193003e-15	1.04158065171067e-14
gene-OW489_RS04430	12066.7742953853	-0.224458702655349	0.275851744771403	-0.813693249761231	0.415820702162182	0.488860512455018
gene-OW489_RS04435	314080.796696071	-1.77914020083386	0.316058097718411	-5.62915556879345	1.8109400924865e-08	8.08049836647442e-08
gene-OW489_RS04440	1462.61606254272	-0.435307213423003	0.128981267776316	-3.37496460476671	0.000738251852651759	0.00170910360408421
gene-OW489_RS04445	5101.29162439566	-0.804023407132614	0.129631086239066	-6.20239658911623	5.56097252012609e-10	2.94840582243548e-09
gene-OW489_RS04450	1103.65499126936	0.481711788957212	0.223047088612643	2.15968651262596	0.0307969460070939	0.0497460824391767
gene-OW489_RS04455	11720.3121317595	-0.751196754241139	0.200557953224483	-3.74553460565251	0.000180010030126442	0.000466232874963505
gene-OW489_RS04465	2468.0888139351	-0.922697678240303	0.243754591136516	-3.78535507347035	0.000153489264547046	0.000402165669898462
gene-OW489_RS04470	3320.88473834124	0.167657421672526	0.15249818118419	1.09940604124338	0.271590996853308	0.340622474717692
gene-OW489_RS04475	765.167582994886	-0.706576805533445	0.218869914305208	-3.22829571061166	0.00124530170255815	0.00276007852763708
gene-OW489_RS04480	1562.85794744537	-0.586835013143964	0.198216555069994	-2.96057517969042	0.00307065168192613	0.0061870656840002
gene-OW489_RS04485	12925.2969633438	-0.303089744287864	0.192140680256274	-1.57743661510726	0.114695095986451	0.158394044712648
gene-OW489_RS04490	31.2685782947601	1.15064285665997	0.542385215256797	2.12144952386872	0.0338839914123225	0.054214386259716
gene-OW489_RS04495	13003.7156092514	-1.01038711734294	0.118533246682623	-8.52408202441539	1.54026452913656e-17	1.7499475994896e-16
gene-OW489_RS04500	449.195062578213	0.420472670865079	0.255654056611891	1.64469391347621	0.100032948630656	0.141469190950468
gene-OW489_RS04505	953.318875181962	-0.023666558489377	0.142138475170569	-0.166503534394728	0.867760701952202	0.908762563159858
gene-OW489_RS04510	67.4032662595425	0.578288339675755	0.326759055543119	1.76976989578624	0.0767654807587025	0.111839364208799
gene-OW489_RS04520	272.559750340743	0.25298694096188	0.293254052450942	0.862688644359662	0.388308677531711	0.463750246315331
gene-OW489_RS04525	585.268664207796	1.28672185069002	0.138890223843016	9.2643082794968	1.9634584157537e-20	2.9826918855045e-19
gene-OW489_RS04530	8.2089811483152	0.694757916219138	0.715563058000881	0.970924796146034	0.331585729342796	0.403513866850999
gene-OW489_RS04535	1158.715557647	0.639771982445377	0.200079803766621	3.19758401598407	0.00138584034830556	0.00302202604985342
gene-OW489_RS04545	356.321522574619	0.390116125177893	0.369462903885673	1.05590066303006	0.291013601190079	0.359972908333932
gene-OW489_RS04550	7.66338594092241	0.206133807019639	0.855806811048811	0.24086488253934	0.809659840585375	0.855871856506197
gene-OW489_RS04555	90.8346991486629	0.915204641001112	0.273304304986599	3.34866529470141	0.000812018272465798	0.00186076051588773
gene-OW489_RS04560	92.518454603437	0.198177522715066	0.254862228877257	0.777586869533774	0.436812604258959	0.508594998627805
gene-OW489_RS04565	1958.25274563418	-0.399132668075966	0.127869115245147	-3.12141573288248	0.00179983749985403	0.00381407570501984
gene-OW489_RS04570	222.106331769976	0.824930992849051	0.201425004702633	4.09547461134187	4.21304397889109e-05	0.000121970780716504
gene-OW489_RS04575	249.732594038336	0.701217627687924	0.290517679749299	2.41368314759031	0.0157921888733695	0.0269041222344582
gene-OW489_RS04580	87.9369107630291	0.0835420502626688	0.238753383045817	0.349909388494976	0.726406700912151	0.779445920343832
gene-OW489_RS04585	1436.58495196512	0.389030446015695	0.159553449882423	2.43824527957482	0.0147587559784433	0.0254189020163762
gene-OW489_RS04590	477.365443257926	0.384647983673194	0.195139843460786	1.97114016723341	0.0487078454268392	0.0747480215857964
gene-OW489_RS04595	2290.39808230824	-0.470099926639124	0.121772309427305	-3.86048296899354	0.000113163128464031	0.000304168090821808
gene-OW489_RS04600	2131.81614052779	-0.635699699920859	0.124826798766	-5.092654031067	3.53085651055542e-07	1.34470929641435e-06
gene-OW489_RS04605	421.240621769898	0.0187453396179913	0.175402947007147	0.106870152057522	0.914891992754718	0.942785041314313
gene-OW489_RS04625	339.174385551276	-0.340917971595945	0.317905269910717	-1.07238855050025	0.283545548406907	0.352671188082923
gene-OW489_RS04630	294.852309669707	0.24766792286066	0.190322464075856	1.30130683239761	0.19315344949184	0.250529903566636
gene-OW489_RS04635	473.880822916324	-1.6567887599743	0.207668674915437	-7.9780388671953	1.48676582527223e-15	1.47162919065206e-14
gene-OW489_RS04640	1069.31937042407	-0.0832598523132776	0.133823252467395	-0.622162821319586	0.533834810153925	0.601955515703175
gene-OW489_RS04645	334.076754987004	1.77357104768714	0.262389809802988	6.75929849950651	1.38661455886087e-11	8.96444487427197e-11
gene-OW489_RS04650	709.570763909284	-0.813742036442621	0.129060964397319	-6.30509806154464	2.88011488815663e-10	1.57648393878047e-09
gene-OW489_RS04655	187.388427049445	0.28538561682132	0.232624336932754	1.22680894262502	0.219894408917876	0.280733938486278
gene-OW489_RS04660	13463.2733808526	-0.247914581753633	0.135637915024813	-1.82776756564181	0.0675844429264238	0.0993197465614402
gene-OW489_RS04665	35562.0134333219	-0.063274578099949	0.168625522765848	-0.375237253899052	0.707484026363483	0.761990725243472
gene-OW489_RS04670	212.660648388124	-0.50057926533167	0.340332255639029	-1.47085460469138	0.141330441515849	0.190128116347689
gene-OW489_RS04675	5738.60337694785	0.175810340007817	0.412982600509327	0.425708830810286	0.670320026473811	0.732895510368808
gene-OW489_RS04680	4623.21234470123	0.604000782667119	0.110799871794619	5.45127690929739	5.00094292362956e-08	2.13289426900541e-07
gene-OW489_RS04685	1390.8873734245	-1.73655934306847	0.234318742891428	-7.41109875223728	1.25257265986634e-13	1.00802275960672e-12
gene-OW489_RS04690	1798.15208058779	-1.59702109653109	0.221840093119869	-7.19897415327966	6.06672485160842e-13	4.45772391270358e-12
gene-OW489_RS04695	49.852634534637	1.56528992088832	0.422667092745512	3.70336358745293	0.000212759609207188	0.000543763689315914
gene-OW489_RS04700	3862.68959513301	-0.0987226515843131	0.124567370639997	-0.792524166457877	0.428055106399465	0.500199225455554
gene-OW489_RS04705	464.381055283137	-0.563576776488138	0.237997584873039	-2.36799367854418	0.0178848414799264	0.0302632111149693
gene-OW489_RS04710	1142.48018612817	-0.0158773645381249	0.131558912617462	-0.12068634668859	0.903939473707206	0.934347223587265
gene-OW489_RS04715	5331.58620996996	-0.682101472434418	0.443300028752439	-1.5386903410632	0.123879911489431	0.169348473542681
gene-OW489_RS04725	9132.63756728886	-0.739752851253909	0.251771389509968	-2.93819267031778	0.00330131788957282	0.00659288299365207
gene-OW489_RS04730	3690.21323797572	-0.20211808642921	0.123491830994506	-1.63669195607118	0.101694850573956	0.143220247891654
gene-OW489_RS04735	6145.29081869072	-0.825667585782729	0.225827543475639	-3.65618636715055	0.000255995273938102	0.000643318978372331
gene-OW489_RS04740	1538.71697922663	0.0204134973160178	0.149668724728891	0.13639120232363	0.891512028216416	0.924328421893094
gene-OW489_RS04745	565.588390859022	0.539687860369695	0.259760230631576	2.0776385170952	0.0377426657928889	0.0591973134013756
gene-OW489_RS04750	181.949470306281	1.76436407352243	0.24063532317256	7.3321075653436	2.26561130545651e-13	1.75034656284411e-12
gene-OW489_RS04755	126.524893453064	-0.520913960768255	0.268220633975244	-1.9421099452637	0.0521237918004168	0.079092442776839
gene-OW489_RS04760	80.6800540478736	-0.827141856172721	0.285041991818547	-2.90182457291859	0.00370996232013591	0.00735464671088525
gene-OW489_RS04765	6.61093556691998	-0.776360207156995	0.740152776419376	-1.04891886093136	0.294215464024066	0.362937324234067
gene-OW489_RS04770	449.219235096635	-0.553341537705791	0.148845451981345	-3.71755757626468	0.000201158151116948	0.000515086780890368
gene-OW489_RS04775	714.016173829672	-0.533416405373882	0.225389115740447	-2.3666466928605	0.0179500591935031	0.0302977278771738
gene-OW489_RS04780	213.073112128069	-0.441794466495324	0.174938402565269	-2.52542872243555	0.0115557220216046	0.0205030658441068
gene-OW489_RS04790	976.911744465256	0.660567403604353	0.212373434748275	3.11040504848133	0.00186830952347571	0.00394064660801742
gene-OW489_RS04795	108.817597409035	0.434191823228533	0.235143458900012	1.84649756050906	0.0648199932633581	0.0955862540703373
gene-OW489_RS04800	452.037834021465	-0.745759611960236	0.432820959221613	-1.72302102306093	0.084884723345853	0.122349835782082
gene-OW489_RS04805	447.108365609646	0.33999459489413	0.379062608425351	0.896935195762221	0.369753498018396	0.442787182746565
gene-OW489_RS04810	788.307309838666	-0.632490786457917	0.198037356662345	-3.19379533799938	0.00140415626271672	0.00305212100834888
gene-OW489_RS04815	656.033399341549	-0.117190644930911	0.191833977036515	-0.610896186073461	0.541268309917541	0.608308192027029
gene-OW489_RS04820	2383.27891426424	0.115487563953714	0.149406616091972	0.772974898799812	0.439537236130212	0.510966761176309
gene-OW489_RS04825	366.141765279987	1.22946178399942	0.184789146777218	6.65332247830367	2.86549391040909e-11	1.76097625766958e-10
gene-OW489_RS04830	633.530867396444	0.907319905222919	0.230187011123695	3.94166421812286	8.09182048419914e-05	0.000225105787955499
gene-OW489_RS04835	905.983345507514	1.11574688710888	0.209725344526055	5.32003840370504	1.03745350189361e-07	4.22481064626555e-07
gene-OW489_RS04840	6977.32519476735	0.617323851870868	0.176465671904194	3.49826595285922	0.000468293905323359	0.00111861017667347
gene-OW489_RS04845	2059.08253225931	-0.285998898004277	0.135896842142206	-2.10452938784994	0.035332293866154	0.0560355595839895
gene-OW489_RS04850	611.986056667205	-0.201294567289263	0.2029760341666	-0.991715933931608	0.32133611603234	0.39352031601062
gene-OW489_RS04855	2876.52138383126	-0.775022607393886	0.138901749803708	-5.57964610589231	2.41008429861496e-08	1.05793310770371e-07
gene-OW489_RS04860	1013.62428438217	1.69848712637129	0.17394552465167	9.76447729697301	1.59934591849351e-22	3.0032162247267e-21
gene-OW489_RS04865	1410.50307705223	0.563002734834395	0.199269974447547	2.82532647678233	0.00472324632505846	0.00909662255196445
gene-OW489_RS04870	1411.35828323063	0.394131723095669	0.205017984857571	1.92242511489652	0.0545522879210805	0.0824074785131853
gene-OW489_RS04875	6405.55062883575	0.552919596352794	0.175730017724453	3.14641518570708	0.00165285191681682	0.00354145133365505
gene-OW489_RS04885	57.4327111551318	-0.458628973631029	0.309916127594126	-1.47984868419517	0.138913632929361	0.187623608112383
gene-OW489_RS04890	12607.5529407184	-0.830378401761627	0.268040424166692	-3.09795958704058	0.0019485799882223	0.00410355162628745
gene-OW489_RS04895	60083.6901103445	-0.712544565553634	0.406271891727105	-1.75386134276859	0.0794542688966847	0.115259840717079
gene-OW489_RS04900	219542.189684006	-1.33264868158335	0.261190979710963	-5.10220024848512	3.35727237147999e-07	1.28584482896344e-06
gene-OW489_RS04905	6725.70728197745	4.16545949353627	0.172588453100125	24.1352154139752	1.06759409771752e-128	4.81129073371361e-126
gene-OW489_RS04910	552.628868153187	-1.01911867912653	0.176214402639333	-5.78340171894129	7.32049641887148e-09	3.47274075730324e-08
gene-OW489_RS04915	1422.71126978445	-1.13007661186165	0.148776048863598	-7.5958235246436	3.05841098432569e-14	2.61707066506856e-13
gene-OW489_RS04925	25.9934740899462	-1.23074031921313	0.63285728388935	-1.94473596266345	0.0518067648659498	0.0787243529901152
gene-OW489_RS04930	1437.30929410392	-0.682928212155182	0.2305429060167	-2.96226079541876	0.00305388996532736	0.00616247646734715
gene-OW489_RS04935	447.803403298969	1.40552774617292	0.178337038920461	7.88130023174708	3.23991778307073e-15	3.06319499490323e-14
gene-OW489_RS04940	2728.10381245137	0.713091582310889	0.175700962529988	4.05855250900621	4.93778314378376e-05	0.000141651071896115
gene-OW489_RS04945	7846.62494662599	2.50439606915715	0.261524620802348	9.57613880281619	1.0074088576154e-21	1.70252096937002e-20
gene-OW489_RS04950	369.336178921874	-0.648483774525158	0.191232725337708	-3.39107113272567	0.000696200290944388	0.00162286688509795
gene-OW489_RS04955	425.216945956109	-0.313456680083703	0.290369369574401	-1.07951014441758	0.280360373999411	0.350186221946846
gene-OW489_RS04960	123.174035494881	-0.753347907933709	0.24388056577305	-3.08900344537808	0.00200829110047722	0.00420311078613809
gene-OW489_RS04965	3738.48751892697	-1.58056957812014	0.242385166201782	-6.52090060991742	6.98864844323927e-11	4.18081977666349e-10
gene-OW489_RS04980	2.97338592855324	0.234102843661903	1.11359578988438	0.210222457545578	0.833494052591481	0.879690834585232
gene-OW489_RS05000	481.71021638096	-0.543956362505736	0.293869477345541	-1.85101347516311	0.0641676145473553	0.0948459029539559
gene-OW489_RS05005	936.566911789184	-1.16242004761098	0.350198714481474	-3.31931557582139	0.000902383885189066	0.00204701847781144
gene-OW489_RS05010	4854.15991603743	-1.20104226473168	0.316420965609386	-3.79571013070713	0.000147221436002677	0.000387243932831945
gene-OW489_RS05015	433.680916780563	-3.08337194400218	0.318429891787618	-9.68304805397694	3.55942579462729e-22	6.41645823244813e-21
gene-OW489_RS05020	6.06387155946264	1.15750516111606	1.08282324920241	1.06896962359154	0.285083357285817	0.354257995450758
gene-OW489_RS05025	2.1989603770799	2.34486358303839	1.59178321547647	1.47310485513349	0.140722764493556	0.189499180871801
gene-OW489_RS05030	347.647321510248	0.456953200209231	0.239583039713444	1.90728526007423	0.0564836578902587	0.0848510060751442
gene-OW489_RS05035	2374.30735548976	-0.592531759188289	0.139056394971669	-4.26108960547273	2.03432642609885e-05	6.13930653590545e-05
gene-OW489_RS05040	4252.88302426093	-0.504878207708228	0.112299136316981	-4.49583339878176	6.92979814040231e-06	2.19931621732956e-05
gene-OW489_RS05045	209.783526759683	-0.015853871346504	0.214493002598509	-0.0739132333196879	0.941079425986448	0.963624615833925
gene-OW489_RS05055	412.023618003591	1.07686249666549	0.150278999532807	7.16575502906777	7.73589984323179e-13	5.59301421820823e-12
gene-OW489_RS05060	19279.4954746723	-0.334415272405046	0.205881102565741	-1.62431261654169	0.104309105936466	0.145989556134682
gene-OW489_RS05065	6882.88596907039	-0.865095390103659	0.394696366065147	-2.19179973387662	0.0283939703498278	0.0461957255270363
gene-OW489_RS05070	3822.34553449689	0.64462415674476	0.159071328745057	4.05242202872334	5.06901201454496e-05	0.00014367514137662
gene-OW489_RS05075	1408.77954290587	0.531054111113034	0.146966395910434	3.61343903021664	0.000302162432229764	0.000749584602522277
gene-OW489_RS05080	878.834351550221	0.923312784568206	0.178987589466015	5.15852963505897	2.48896717259919e-07	9.75386555754811e-07
gene-OW489_RS05085	6960.04223094852	0.592332027053259	0.257144652124477	2.30349735901382	0.0212508755810944	0.0352962945769529
gene-OW489_RS05090	16282.8551070689	-1.01014331109478	0.352079067748819	-2.86908085037149	0.00411666554544046	0.00806627799628334
gene-OW489_RS05095	213.020735261338	0.00251603686162141	0.219304738181679	0.0114727884243752	0.990846240057691	0.991579656963729
gene-OW489_RS05100	1753.6545022356	-0.618030246203236	0.212084947717742	-2.91406935218125	0.00356750643109498	0.00710348850491961
gene-OW489_RS05110	460.025436849124	-1.2532811749804	0.349253799128835	-3.58845394983973	0.000332644732940128	0.000814738548795386
gene-OW489_RS05115	682.994282955006	0.999528701489476	0.292014582358151	3.42287256142425	0.000619631200131747	0.00145947976058906
gene-OW489_RS05120	677.825655187834	0.482473198188718	0.189940554272167	2.54012735741193	0.0110812109257032	0.0197128910151983
gene-OW489_RS05125	1007.82492696959	-0.432843069051208	0.183090358493871	-2.36409537133381	0.0180741590559155	0.0304312117603956
gene-OW489_RS05130	347.80858900625	-0.112439494699816	0.146192090422324	-0.769121601414943	0.441821125697035	0.5131805514969
gene-OW489_RS05135	1818.7552777157	0.770667181958167	0.148137752668551	5.20236852574972	1.96764553604937e-07	7.7785285518677e-07
gene-OW489_RS05140	2786.64821916264	-0.531632784992816	0.115894312357588	-4.5872206683662	4.49185828538269e-06	1.46337166309335e-05
gene-OW489_RS05145	1754.21292495654	-0.189214358956211	0.147901893632798	-1.27932343737249	0.200783182549032	0.259273030378502
gene-OW489_RS05150	717.437953097336	0.251875077361816	0.276253968413647	0.911751888337301	0.361899342305476	0.435309529178829
gene-OW489_RS05155	50.255437747938	1.90258434873156	0.355295302023838	5.35493809767265	8.5585712540913e-08	3.53858970505549e-07
gene-OW489_RS05160	61.7006592586511	0.50226654552714	0.333563449889361	1.50576013557161	0.132128760318701	0.179355505974782
gene-OW489_RS05165	250.362039607699	2.63279960286122	0.473942272079496	5.55510609194954	2.77443198929811e-08	1.20611963007429e-07
gene-OW489_RS05170	43.1643038089036	1.87510520648042	0.462053285001948	4.05820122342062	4.94521493601822e-05	0.000141651071896115
gene-OW489_RS05175	247.070936101343	-0.983681945141011	0.270851485690542	-3.63181299387408	0.000281437042881642	0.000703332499031386
gene-OW489_RS05180	607.645559750493	1.29875500181679	0.207293714374443	6.26528887157087	3.72134891608745e-10	2.01250549382009e-09
gene-OW489_RS05185	1489.31241151859	0.354641089615513	0.146070852709726	2.42787033166884	0.0151877722698143	0.0260251813799606
gene-OW489_RS05190	933.851645619979	1.01846499501145	0.276929263511933	3.6777080980738	0.000235339058154452	0.000596957610928366
gene-OW489_RS05195	783.947855401907	0.592149110454763	0.214758896876097	2.75727394333003	0.00582854986661807	0.0110058651112676
gene-OW489_RS05200	2934.40018285512	0.234407699567604	0.218396404235385	1.07331299884847	0.283130704865836	0.352479477880857
gene-OW489_RS05205	869.618684221121	0.600041299773708	0.279001499883412	2.15067410040609	0.0315019320091363	0.0507635424032805
gene-OW489_RS05220	14.6469058242297	3.05508546291577	0.647149917532169	4.72083110906664	2.34882912813931e-06	8.0599415767623e-06
gene-OW489_RS05225	603.524945546285	3.51268443078676	0.48392300383808	7.25876720661558	3.90634091452826e-13	2.90185325079242e-12
gene-OW489_RS05230	1272.64663389202	4.05459095585739	0.236215326000922	17.1648090092239	4.87082619246889e-66	7.31706334690882e-64
gene-OW489_RS05235	3622.32283682396	2.35704963708817	0.407295233186783	5.78707886818611	7.16209571228726e-09	3.42160897632946e-08
gene-OW489_RS05240	18421.2950488245	-0.901616658316068	0.155145634578467	-5.81142138330722	6.19446221309199e-09	2.98305211349498e-08
gene-OW489_RS05245	1599.18122957575	-0.848766817307614	0.184552921483835	-4.59904297630941	4.24436226070207e-06	1.38608158851913e-05
gene-OW489_RS05250	692.858949616043	-0.451826614230813	0.312792831601803	-1.4444915886244	0.148600744100023	0.198722261150575
gene-OW489_RS05255	835.870788025988	-0.595566662873412	0.233305009611529	-2.55273842539891	0.0106879729860272	0.0190635085449984
gene-OW489_RS05260	329.183486292954	0.753338233731115	0.187041053714995	4.02766247713198	5.63341362567089e-05	0.000159005745760063
gene-OW489_RS05265	190.230239966781	-0.367255295452989	0.252832837855534	-1.452561694786	0.146345487971658	0.196288789422304
gene-OW489_RS05270	4047.33875820352	-0.337612928198339	0.218513428949249	-1.54504430149578	0.122335547984143	0.167576150835421
gene-OW489_RS05280	1287.19695361614	0.336737574840657	0.207915553039707	1.61958819298308	0.105320767570776	0.147253027668758
gene-OW489_RS05285	531.499780605411	1.5185107852015	0.150864676326579	10.0653832439501	7.85806812625261e-24	1.60971334949902e-22
gene-OW489_RS05290	1113.08855559131	0.870297195082251	0.179548199122934	4.84715078922275	1.25247230808899e-06	4.49162482900879e-06
gene-OW489_RS05295	6654.19826953925	-0.143820128349289	0.179590973189417	-0.800820474409922	0.423235584185594	0.496283182843819
gene-OW489_RS05300	609.233634299888	-0.17332601160239	0.1307548176565	-1.32558030907685	0.184978752087882	0.240703823698572
gene-OW489_RS05305	1169.2014401711	-0.290122814393605	0.200051271428486	-1.45024229199822	0.14699096526618	0.196959152665883
gene-OW489_RS05310	2824.48879069235	-0.464066466473343	0.153692814194689	-3.01944153280641	0.00253241166894242	0.0051797588145388
gene-OW489_RS05325	3.18641544676568	-1.06999995779138	1.40391513320302	-0.762154301556804	0.445967916891095	0.517108596600995
gene-OW489_RS05330	32.4438020846454	0.157180025659126	0.489204536857797	0.321297154496373	0.747985212581625	0.798165751705097
gene-OW489_RS05335	1123.73122427441	0.447116547109605	0.155820739104229	2.86942899693555	0.00411213645865017	0.00806627799628334
gene-OW489_RS05340	340.580321291521	0.855215586948818	0.147977696869291	5.77935462601659	7.49877165969895e-09	3.54487387549405e-08
gene-OW489_RS05345	566.740333003119	1.57595031514966	0.133821247066909	11.7765328727037	5.15710122496926e-32	1.88443266382661e-30
gene-OW489_RS05350	3627.26849273901	-0.0145616621940967	0.139340470522578	-0.104504184171943	0.916769247973735	0.94400001771553
gene-OW489_RS05355	2277.3223718448	-0.673444088123734	0.151978841714254	-4.43117002687731	9.37231496508912e-06	2.91967046838721e-05
gene-OW489_RS05360	3518.16070334896	0.138749223455406	0.160986075760018	0.861870958717197	0.388758531661736	0.463750246315331
gene-OW489_RS05365	233.192188095847	-0.567980274999169	0.288012525977133	-1.97206796153117	0.0486018487753495	0.0746701131184914
gene-OW489_RS05370	944.91546432346	-0.797186160927403	0.148682539423259	-5.36166629934957	8.24577615756934e-08	3.43024288154885e-07
gene-OW489_RS05375	2762.06911351821	0.328006925145979	0.178658292194896	1.83594571019496	0.0663656863507163	0.0977349831451839
gene-OW489_RS05380	2059.37717462348	-0.278114264562054	0.178036692169053	-1.56211768020254	0.118260268544086	0.162652983796138
gene-OW489_RS05385	1848.77987340648	0.0195518560633545	0.137925618722028	0.141756522425024	0.887272327247458	0.923122840070251
gene-OW489_RS05400	1275.80556811656	-1.16689711297811	0.203528179425452	-5.73334422914895	9.84695007582027e-09	4.59071603534793e-08
gene-OW489_RS05415	6899.6112993807	-2.37111939020965	0.175246863890579	-13.5301673169463	1.03787149245322e-41	6.37819208089433e-40
gene-OW489_RS05430	5.17263250583621	-1.49723355856207	1.12605091071994	-1.32963220784113	0.183639480892209	0.239421965444808
gene-OW489_RS05600	322.84192388999	-2.1270793237088	0.296759602571872	-7.16768490479982	7.62766095172878e-13	5.54440731545016e-12
gene-OW489_RS05605	1524.04178364662	1.77278560827854	0.195795921520561	9.05425197067945	1.37507015243498e-19	1.95694194325484e-18
gene-OW489_RS05610	254.03886078031	0.92431171969496	0.192969750409501	4.78993063800663	1.66838974661704e-06	5.82858640161819e-06
gene-OW489_RS05620	159.411548930574	-0.466531632466612	0.395758759266127	-1.17882831786647	0.238466545828508	0.302161921237247
gene-OW489_RS05625	28.3661967239133	0.209552515308509	0.368510648745199	0.568647109715955	0.569595647681273	0.636440756748001
gene-OW489_RS05630	1171.07539209076	-1.59062737413933	0.221241348082579	-7.18955741286491	6.5001682888512e-13	4.75039325758207e-12
gene-OW489_RS05635	767.232690911585	1.04677983573733	0.185382870288381	5.64658338771518	1.63667798181133e-08	7.35145724720573e-08
gene-OW489_RS05640	542.817046143286	-0.0586884795804184	0.149169104683648	-0.39343589079577	0.693997565525909	0.751830695986401
gene-OW489_RS05645	681.946783351165	0.177963126883358	0.147188109426094	1.20908630172138	0.226629691306588	0.288515388556033
gene-OW489_RS05650	320.808590552593	1.46313860000491	0.250420561666454	5.84272549453719	5.1353602284113e-09	2.49748454273816e-08
gene-OW489_RS05675	874.029802792938	1.34262466792392	0.154350162370742	8.69856336593287	3.36112108909934e-18	4.05735331469849e-17
gene-OW489_RS05680	2066.28074867412	0.763199899683129	0.284600385269324	2.68165448532649	0.00732590804898298	0.0135124524996248
gene-OW489_RS05685	1362.95756662125	-1.31169535334339	0.206848934343926	-6.34132033362301	2.27804316129602e-10	1.27269188184803e-09
gene-OW489_RS05690	293.358204787247	-1.0997483069602	0.304980001134183	-3.60596859751582	0.000310990745821326	0.000765864277505342
gene-OW489_RS05695	1292.32724788234	-0.593657562103566	0.194989072243357	-3.04456837131186	0.00233014459659335	0.00480698486425362
gene-OW489_RS05700	78.7946349202289	1.86050614482235	0.356183682396885	5.22344575782458	1.75623926993717e-07	6.98363380280896e-07
gene-OW489_RS05705	1.87142080803603	3.16643473756251	1.70949601661069	1.85226213269593	0.0639881905318979	0.0947557870746178
gene-OW489_RS05710	5713.80306184653	-0.154823651287126	0.305157369188283	-0.507356750711792	0.611904525892956	0.678110589350227
gene-OW489_RS05715	12764.6302771221	-0.538916255979712	0.218907787622317	-2.46184140744004	0.0138225772468499	0.0240207254983818
gene-OW489_RS05720	777.917117713601	0.129000821406793	0.208095106304201	0.619912806686646	0.535315193770067	0.602948263762508
gene-OW489_RS05725	1381.90410263278	-0.13575994930059	0.242080890681694	-0.560804072218558	0.574931110329168	0.641342294690623
gene-OW489_RS05730	464.430871704371	-1.28418428745512	0.334268214445448	-3.84177804517125	0.000122146266343351	0.000327013370487546
gene-OW489_RS05735	2999.14063374587	-1.00347985578564	0.133059795768657	-7.54157068999515	4.64344247286448e-14	3.92370888957048e-13
gene-OW489_RS05740	4482.55308390375	-0.29997684655367	0.221031905186379	-1.35716536624304	0.174728672626568	0.229575476570573
gene-OW489_RS05745	1165.38852415747	-0.0944545358778898	0.231654426050746	-0.407738964837212	0.683465327626868	0.744597198188175
gene-OW489_RS05750	9137.24578063385	-0.474025852800941	0.186090606615891	-2.54728522530628	0.0108564658163553	0.0193385267242588
gene-OW489_RS05755	1342.04286136043	0.452850222763728	0.190637244267079	2.37545514521441	0.0175273225499438	0.0296954136435139
gene-OW489_RS05760	1029.81366577885	0.777538109360352	0.152427982314691	5.10101949493177	3.37828759174555e-07	1.29023865085875e-06
gene-OW489_RS05765	928.194226673014	1.29892541404221	0.148337141321905	8.75657574675396	2.01271489619802e-18	2.49650508225662e-17
gene-OW489_RS05770	1403.25185944685	-0.111931040035004	0.12007798806856	-0.932152860281899	0.351257533183464	0.424776551756747
gene-OW489_RS05775	311.405120349597	-0.232322476491184	0.375034605004193	-0.619469439329703	0.535607148505009	0.602948263762508
gene-OW489_RS05780	1603.22674580539	0.242909449639668	0.217751939311544	1.11553288759523	0.264622133371979	0.333428820427694
gene-OW489_RS05785	4525.92042686241	-0.500914860985328	0.127764442256508	-3.92061243440221	8.83242148264007e-05	0.000243206391945608
gene-OW489_RS05790	9091.6389588746	-0.447593574540692	0.193504770369086	-2.31308806334316	0.0207177978638642	0.0346235633027743
gene-OW489_RS05795	5601.3288809066	-0.289196648856124	0.317838866500565	-0.909884470833305	0.362883440305808	0.436105254483069
gene-OW489_RS05805	925.156523042379	1.21524546092372	0.159471791703767	7.62044150843397	2.52809504414787e-14	2.19101570492816e-13
gene-OW489_RS05815	4625.4430538427	-0.197525680210278	0.234366727736695	-0.842805982392659	0.39933696166153	0.474431961481888
gene-OW489_RS05820	7649.21728256488	0.288970338339826	0.176497798082208	1.6372461383639	0.101579050116105	0.143206335513008
gene-OW489_RS05830	310.592612624405	-0.569075477785273	0.212921122137296	-2.67270561075815	0.00752422485412333	0.0138593351536441
gene-OW489_RS05835	4461.18890696056	-1.48568684278087	0.204096363298442	-7.27934010567548	3.35456999238822e-13	2.51965479428271e-12
gene-OW489_RS05840	124143.765060811	-0.843624763372782	0.130188746693704	-6.48001294119209	9.17147515802629e-11	5.39123235376154e-10
gene-OW489_RS05845	11874.5077942912	1.69227597787878	0.229880847145913	7.36153532966859	1.81806881969009e-13	1.42312951245504e-12
gene-OW489_RS05850	350.494608853598	1.23785383888468	0.207025221200363	5.97924171609341	2.24178701708282e-09	1.13093136085671e-08
gene-OW489_RS05855	45.0473499057893	1.67258775276872	0.383753754688989	4.35849221625013	1.30961579339381e-05	4.01496723961095e-05
gene-OW489_RS05860	256.849115362838	0.728908201221172	0.203259664935746	3.58609368686892	0.000335668407998967	0.0008162296539831
gene-OW489_RS05865	367.426749682607	0.358095986174668	0.270641254573816	1.32313895284948	0.185789172883297	0.241525924748286
gene-OW489_RS05870	617.482092167856	0.0328961247306059	0.225407808326898	0.145940484381527	0.883968371799834	0.922876632180213
gene-OW489_RS05875	494.11052727051	1.32529129952802	0.228055275046201	5.81127228589444	6.19998257316633e-09	2.98305211349498e-08
gene-OW489_RS05880	521.582032707801	0.336288576092319	0.19131777976434	1.75774868653896	0.0787902798176786	0.114419396684749
gene-OW489_RS05885	627.920600981691	0.483463633922357	0.257812335617799	1.8752540787617	0.0607577775920744	0.090467527868375
gene-OW489_RS05890	1019.31811938	-0.859525602529885	0.124942844305449	-6.87935037262796	6.01261132682846e-12	4.04430373824482e-11
gene-OW489_RS05895	2738.30783018782	-0.713263411930004	0.145928682367447	-4.88775338993342	1.01993178143745e-06	3.6969109075159e-06
gene-OW489_RS05900	469.888431969947	-0.209361599773936	0.163285685929649	-1.28217974883688	0.199779598503548	0.258223725790437
gene-OW489_RS05905	1006.43102728958	0.517416350173653	0.217481117830734	2.37913229127486	0.0173534468353907	0.029437716589019
gene-OW489_RS05910	602.941596207026	-0.261846898242906	0.196483717488172	-1.33266461766059	0.182641889468803	0.238581482668426
gene-OW489_RS05915	28.3723683819205	-0.0740473520931004	0.391465769467598	-0.189154091796599	0.84997204749311	0.893392827434742
gene-OW489_RS05920	351.238341708444	0.0565231021694578	0.286816179609873	0.197070828592517	0.843772111164854	0.889843911306461
gene-OW489_RS05925	172.06124961409	1.15719832543902	0.203895250181139	5.67545504081617	1.383204698016e-08	6.33929746344959e-08
gene-OW489_RS05930	3001.31436776968	1.95346236697264	0.1630623357525	11.9798502698848	4.53141363927038e-33	1.91452226259173e-31
gene-OW489_RS05935	2317.31799424247	2.22469353585499	0.237062321513883	9.38442482823952	6.32607647780088e-21	9.83086827354804e-20
gene-OW489_RS05940	355.691141788208	1.35757463865037	0.206987949897075	6.5587133904434	5.4274000818864e-11	3.29051341287462e-10
gene-OW489_RS05955	4263.93820174464	-0.879532708688853	0.149236868429158	-5.89353500878611	3.78019966037668e-09	1.84506496058819e-08
gene-OW489_RS05960	3511.99778740483	-1.5838360387976	0.374045219118839	-4.23434375803209	2.29220085253607e-05	6.88679011695282e-05
gene-OW489_RS05965	26496.9593977882	-1.92699088618568	0.180202080658758	-10.6934996485127	1.09172177477672e-26	2.58948743771601e-25
gene-OW489_RS05970	820.503138075935	-1.20530186936658	0.260653014314008	-4.62416240433176	3.76115104671666e-06	1.24026249150266e-05
gene-OW489_RS05975	335.642304269587	-0.975890950702562	0.304666694681076	-3.20314286969936	0.0013593652484369	0.00297388643347361
gene-OW489_RS05980	1215.65214682656	-0.690455857049884	0.229416335263137	-3.00961941641139	0.00261575228866683	0.00532604984077946
gene-OW489_RS05990	559.48789010519	-0.501546792444376	0.204560645202395	-2.4518244550321	0.0142133983244759	0.0246365570957582
gene-OW489_RS05995	838.957980729017	-0.727669172914218	0.180591474850443	-4.02936613434736	5.59274530441945e-05	0.000158188109865588
gene-OW489_RS06000	458.738862287263	3.10317600034055	0.46166748289449	6.72166898323604	1.79654721895734e-11	1.14572256605204e-10
gene-OW489_RS06005	602.015024908383	3.7228750110023	0.379288612599863	9.81541466664017	9.66398422947029e-23	1.8665295254634e-21
gene-OW489_RS06010	652.603467068367	2.86570001061507	0.385535896270266	7.43303033086749	1.06137551043806e-13	8.74987615922105e-13
gene-OW489_RS06015	379.202856240131	3.2737725549338	0.49951870713369	6.5538537559868	5.6070880897335e-11	3.38427816844629e-10
gene-OW489_RS06030	18840.437516565	-3.97232607461444	0.802438679144047	-4.95031729882672	7.40925841161854e-07	2.7520102671726e-06
gene-OW489_RS06035	12281.7981445629	-4.09234595108038	0.451698315352368	-9.05990970519329	1.30558588331393e-19	1.87782139812813e-18
gene-OW489_RS06040	714.907389911822	0.261311135165453	0.131140439942206	1.99260529612843	0.0463046848026343	0.0714656779145681
gene-OW489_RS06045	1631.45366409102	-0.262546604426631	0.158748126129352	-1.65385640024942	0.0981566931663694	0.139252727346203
gene-OW489_RS06050	2869.8128576246	-1.18697330752506	0.150677164813423	-7.87759252700857	3.33749025708584e-15	3.11192195005521e-14
gene-OW489_RS06055	282.564994835854	2.71187635756533	0.227942368754216	11.8972017900256	1.22382212347939e-32	5.01396215437618e-31
gene-OW489_RS06060	242.287830066648	2.43438101936069	0.221116086698593	11.0095156607897	3.43847199464001e-28	1.01061176885941e-26
gene-OW489_RS06065	874.329729217373	3.43633306175852	0.178747699737991	19.224488297167	2.30905540768029e-82	5.20307151863959e-80
gene-OW489_RS06070	102.22311046916	0.748674400213423	0.562626940759729	1.3306764144683	0.18329550688153	0.239204175003696
gene-OW489_RS06075	836.270857659896	1.12961721591056	0.13075292263246	8.63932670236254	5.65452646280162e-18	6.63012998141094e-17
gene-OW489_RS06080	3196.35789561819	-0.462876531189398	0.176644347358071	-2.62038688535622	0.00878300620098636	0.0159390931325283
gene-OW489_RS06085	1762.06225482792	-0.73248342902558	0.170776772352984	-4.28912795887479	1.79376012601299e-05	5.43758674970755e-05
gene-OW489_RS06090	65.796249716824	0.185088028022969	0.265130657974943	0.69810119069844	0.4851139135054	0.555825433101103
gene-OW489_RS06095	305.734038472543	1.2606638947191	0.244654990221663	5.15282313913527	2.56593939930992e-07	9.99755062785883e-07
gene-OW489_RS06100	1151.30502245181	3.03250820722409	0.180362234763382	16.8134322088128	1.94572256824991e-63	2.63061691227387e-61
gene-OW489_RS06110	292.294460652948	0.137395830542422	0.258144222106241	0.532244453977653	0.594556697809096	0.661053170590376
gene-OW489_RS06115	5004.7361227536	-0.0211741474917113	0.108920985718315	-0.194399154139778	0.845863352185673	0.891243874972895
gene-OW489_RS06120	2571.49055014945	-0.15495029142658	0.184506670092474	-0.839808616940079	0.401015701258764	0.475781643039843
gene-OW489_RS06125	8805.28935770548	-1.18739463590885	0.103704869854434	-11.4497480935616	2.35829834645369e-30	7.41492875443115e-29
gene-OW489_RS06130	26.321568522136	-0.0597868884042846	0.383132313281571	-0.156047627234057	0.875995479920783	0.915967431440757
gene-OW489_RS06135	3774.86245449445	-0.691814613603944	0.10859194707809	-6.37077271582996	1.88078187282193e-10	1.06394020588086e-09
gene-OW489_RS06140	2815.98850606967	-0.566824615531328	0.18353368829809	-3.08839549178954	0.00201240460406443	0.00420521023909599
gene-OW489_RS06145	6690.44840731099	-0.466765565999343	0.220745995393812	-2.11449165891608	0.0344732964334697	0.0550270327958099
gene-OW489_RS06150	1114.0166234529	-0.472511611245105	0.192707481402571	-2.45196298455074	0.0142079276567545	0.0246365570957582
gene-OW489_RS06155	355.737340714601	0.331349271320484	0.279824286051418	1.18413335738699	0.236360277433802	0.300055488347887
gene-OW489_RS06170	547.3057189974	1.00619418828055	0.14610452804073	6.88681043478718	5.70571710733169e-12	3.85706476455622e-11
gene-OW489_RS06175	404.423878532312	1.46389517948848	0.182399251037052	8.02577407070113	1.00887747000621e-15	1.0179121936182e-14
gene-OW489_RS06180	128.145546093812	0.0931096047768687	0.22664531395255	0.410816368329423	0.681207189956075	0.743335045052957
gene-OW489_RS06185	1878.31908382619	-0.215394070053834	0.113437306724317	-1.89879393537876	0.05759157490179	0.0862279172394463
gene-OW489_RS06190	235.461703402812	0.750374235431398	0.209175259550237	3.5872991722101	0.000334120891689888	0.000815399721235972
gene-OW489_RS06195	582.914571823845	-0.158597930380295	0.250843439302144	-0.632258634395702	0.527217888773065	0.59548754020149
gene-OW489_RS06200	90.6926041877253	0.150190751138871	0.284507116688572	0.527898046583042	0.597570100594642	0.663312623976975
gene-OW489_RS06205	147.203106489301	-0.549198815329458	0.334531514565986	-1.64169530049202	0.100653166084295	0.142049144620007
gene-OW489_RS06210	491.753207662464	0.131150473539121	0.179746323935593	0.729642034771823	0.465609021159609	0.537118939085146
gene-OW489_RS06215	838.884861208247	-0.0222163350815653	0.158174603493351	-0.140454501487018	0.888300898617897	0.923122840070251
gene-OW489_RS06220	646.569486046968	-0.174464330156979	0.255186789704515	-0.683673047335226	0.494181646683109	0.563825811236762
gene-OW489_RS06225	700.079490753524	-0.170986862650573	0.175687121961014	-0.973246420921597	0.330430844431989	0.402829826476306
gene-OW489_RS06235	732.127332931899	-0.825571574091179	0.25759495497213	-3.2049213626117	0.00135099385312918	0.00296036254364774
gene-OW489_RS06240	133.399035987312	-0.197470809754686	0.267150577534752	-0.739174182503864	0.459801235769913	0.531780385595314
gene-OW489_RS06250	6608.24435223237	0.00477746940702306	0.171631734464129	0.0278355830985415	0.97779328574165	0.984844468400169
gene-OW489_RS06255	790.85490497141	1.23072202662662	0.159620256808269	7.71031228263795	1.25510239802163e-14	1.13885801484916e-13
gene-OW489_RS06260	347.407944846813	1.21400769960832	0.192642451426917	6.30187007389118	2.9407563970382e-10	1.60318655193373e-09
gene-OW489_RS06265	189.835018457591	1.3632336901363	0.264025404510267	5.16326712069594	2.42676444965384e-07	9.5377486509651e-07
gene-OW489_RS06270	2529.47462951466	-0.221029975550311	0.153651854313466	-1.43851160493896	0.15028894712851	0.200583076522947
gene-OW489_RS06275	3685.15652439012	-1.10392717758171	0.162959742904601	-6.77423244480672	1.25068453931491e-11	8.12944950554695e-11
gene-OW489_RS06280	1164.24630635186	-0.887474385637592	0.240072814386469	-3.69668838975219	0.000218430182091765	0.000557203030543522
gene-OW489_RS06285	22.4985871600697	0.44071671725442	0.474623592890859	0.928560492684493	0.353116904233391	0.426262548681736
gene-OW489_RS06295	1941.94055542785	0.200985183359344	0.206636008112435	0.972653242749368	0.330725671145488	0.402829826476306
gene-OW489_RS06300	4421.61101578966	0.279887962795054	0.131116773141549	2.13464651462173	0.0327898949248371	0.0525883012317672
gene-OW489_RS06305	5257.78359383701	0.347385414462516	0.166065301626772	2.09186031675213	0.0364510128417841	0.057437959629478
gene-OW489_RS06310	313.462996071982	0.314365012303693	0.29767908184769	1.05605341951619	0.290943809848834	0.359972908333932
gene-OW489_RS06315	260.8990609409	0.0662221991787384	0.225731258438859	0.293367430088001	0.76924131780084	0.816978995810476
gene-OW489_RS06320	310.708964924276	0.534485537798967	0.422111576380778	1.26621862016127	0.205434822924187	0.264270105226928
gene-OW489_RS06325	1305.641778721	-0.381042765574085	0.231317391734316	-1.64727244552255	0.0995020588931748	0.141013400024709
gene-OW489_RS06330	885.320221533384	0.486647436357981	0.267951661630342	1.81617622147589	0.0693433444316892	0.10157334959008
gene-OW489_RS06335	142.269230631319	-1.07689212495074	0.364032183302363	-2.95823329459935	0.00309407858765511	0.00622499144421087
gene-OW489_RS06340	738.859763073437	0.670143783742739	0.171687453919102	3.90327754559461	9.4898772934906e-05	0.000259722957506059
gene-OW489_RS06345	273.414979886532	0.76848304548588	0.347975562615052	2.20843969533577	0.027213637240817	0.0444895254529438
gene-OW489_RS06350	127.877982021282	0.689058931495239	0.240474675748835	2.86541162535938	0.00416467499965229	0.0081095301460584
gene-OW489_RS06355	835.653877922273	-1.06128717715972	0.147055844105677	-7.21689901964771	5.31864410701934e-13	3.92940264081429e-12
gene-OW489_RS06360	166.536442523794	-0.883570021547157	0.273966507343994	-3.22510233135082	0.00125927648323371	0.0027853296518625
gene-OW489_RS06365	765.512778368937	-1.56203257651871	0.17966482120806	-8.69414816999599	3.49441430429808e-18	4.18092755700088e-17
gene-OW489_RS06370	2128.42166119325	-3.01354740024551	0.152325048686791	-19.7836628067779	4.11673086244995e-87	1.11316402520647e-84
gene-OW489_RS06375	2909.24874689005	-1.07516293975295	0.26858431397782	-4.00307420723661	6.25246797637613e-05	0.000175380429544824
gene-OW489_RS06385	275.090782977762	-0.742263784102492	0.212956526178659	-3.48551790086852	0.000491185357626281	0.00116915951322312
gene-OW489_RS06390	13.2133834700464	-1.64682130616312	0.590181663356707	-2.79036338878555	0.00526489132302907	0.01002553953343
gene-OW489_RS06395	43.592228751786	-0.562858479228076	0.349881214356868	-1.60871306069601	0.107679098598057	0.149621933509325
gene-OW489_RS06400	6208.47646878849	1.68115390293022	0.253101970558271	6.64219997664211	3.09035275858982e-11	1.89056874643142e-10
gene-OW489_RS06405	4660.91208726066	2.42361064346394	0.245568732716872	9.86937798086142	5.65139653717386e-23	1.10734610409552e-21
gene-OW489_RS06410	4787.41397328876	1.81328348043087	0.244976968396984	7.40185288558415	1.34297238742559e-13	1.07437790994047e-12
gene-OW489_RS06415	2855.12597451392	1.70028918981574	0.270732440629466	6.28033044677796	3.37854157761045e-10	1.83445309756198e-09
gene-OW489_RS06420	9846.23614126575	1.97049387386612	0.221773806025688	8.88515153876143	6.38336994414541e-19	8.29838092738903e-18
gene-OW489_RS06425	3459.54650344943	1.66813653467465	0.194026866866827	8.59745127884586	8.15059644237164e-18	9.33864948312411e-17
gene-OW489_RS06430	3850.91904736914	2.21716063670927	0.320381818624413	6.92036972081886	4.50466422118146e-12	3.06045528996851e-11
gene-OW489_RS06435	7026.53498408255	1.82218335845212	0.200124869566942	9.10523196040162	8.60822892119405e-20	1.26503538059286e-18
gene-OW489_RS06440	3236.87472300287	1.46958122874965	0.13716728160636	10.7137883869932	8.76979956429899e-27	2.11728018052361e-25
gene-OW489_RS06445	1167.8405159574	1.14262648141491	0.220486935654925	5.18228655144986	2.19182131108039e-07	8.63948225242183e-07
gene-OW489_RS06450	1565.0742167172	1.46068101252084	0.14932443045959	9.78192923974437	1.34619654000295e-22	2.56346158039998e-21
gene-OW489_RS06455	2464.51859782408	1.75221290817666	0.34114000757734	5.13634539853674	2.80132597207418e-07	1.08833123972537e-06
gene-OW489_RS06460	902.79966523046	1.28595932355181	0.215399890480728	5.97010203060836	2.37105261966038e-09	1.18728264510401e-08
gene-OW489_RS06465	3193.20701190085	1.53026740387612	0.18918230487096	8.08885061908884	6.02303851743953e-16	6.2161435691437e-15
gene-OW489_RS06470	952.721602239826	1.04820070510877	0.320455587818456	3.27097028404008	0.00107179171949743	0.00241108553204747
gene-OW489_RS06475	3188.9263183519	1.31996815192529	0.322582844298001	4.09187337534264	4.27902296937395e-05	0.000123616219115247
gene-OW489_RS06480	4068.98064628219	1.27734076810837	0.180407828570136	7.08029567359819	1.43847214020684e-12	1.01822739976945e-11
gene-OW489_RS06485	1689.16356061378	1.46305739113254	0.211376838857358	6.92155961382245	4.46698081071056e-12	3.05018083640438e-11
gene-OW489_RS06490	3767.35297113169	1.59589428691303	0.224741057146181	7.10103577502973	1.23825315861287e-12	8.81114879181367e-12
gene-OW489_RS06495	3434.73589456958	0.83461147991561	0.276097550412669	3.02288621781743	0.00250376363462787	0.00512892186972255
gene-OW489_RS06500	5704.41125389801	1.26508236599057	0.276234071438498	4.57974774582518	4.65537057978655e-06	1.50936715200753e-05
gene-OW489_RS06505	2585.1511118556	1.6613324058744	0.248892736221735	6.67489309287977	2.47412454824338e-11	1.53441118771792e-10
gene-OW489_RS06510	686.402619052252	1.2029574699082	0.178587847222972	6.73594249896674	1.62870692070637e-11	1.04360746767536e-10
gene-OW489_RS06515	406.29008479938	0.757319155450634	0.530766768183413	1.4268398114724	0.153626072922398	0.204765045366443
gene-OW489_RS06520	2744.15733163425	0.362827897984137	0.225760880212441	1.60713360810214	0.108025062241891	0.1499485463563
gene-OW489_RS06525	2169.29190790968	0.770019751205206	0.22367814716632	3.44253455672916	0.000576290231065126	0.00136214054615393
gene-OW489_RS06530	5808.82076592819	0.780730986795745	0.187394349386458	4.16624615070791	3.09656345744838e-05	9.14094714949828e-05
gene-OW489_RS06535	16851.9963682968	1.08604260333333	0.234755880230897	4.62626368406679	3.72321234814417e-06	1.23377036634581e-05
gene-OW489_RS06540	4787.36372287951	0.840495710290096	0.132844529448003	6.32691247266661	2.5011512995374e-10	1.39158706048336e-09
gene-OW489_RS06545	265.402612766152	0.367043679675692	0.186696431228788	1.96599194349835	0.0492995412518823	0.0754846883041279
gene-OW489_RS06550	1094.21868236827	0.0425420267210524	0.153224703012363	0.277644700134415	0.781285114893497	0.828468608106673
gene-OW489_RS06555	582.190385043757	-1.31627307621469	0.130872885102065	-10.0576454411329	8.50070720876384e-24	1.71536658899234e-22
gene-OW489_RS06560	372.800641838864	-0.257854822033684	0.232565154197077	-1.10874229169851	0.26754137186416	0.336391356483918
gene-OW489_RS06565	7470.54014249809	-1.09837859721624	0.102476763345253	-10.7183185861922	8.3507587831164e-27	2.05276834086789e-25
gene-OW489_RS06570	1329.59102593702	-0.312655718503031	0.193150178233499	-1.61871825002958	0.105507898356247	0.147362271257899
gene-OW489_RS06575	902.028970623039	-0.429038455602511	0.159403061339375	-2.69153209478877	0.0071124654423034	0.0131726757232797
gene-OW489_RS06580	168.750128448677	-0.104011654599035	0.237129279464775	-0.43862847655844	0.660930759759903	0.725151989333559
gene-OW489_RS06585	400.3625367671	-0.357000883815533	0.154754603465299	-2.30688377483765	0.0210613002832541	0.0350244501635418
gene-OW489_RS06590	297.434830851922	0.882721680603433	0.247345703223666	3.56877709658542	0.000358651397501267	0.000868990482834611
gene-OW489_RS06595	281.989749280842	-0.0200181982047185	0.177373639468069	-0.112858924611073	0.910142401618267	0.938606046520135
gene-OW489_RS06600	98.4354049561071	-0.692693663415066	0.412836843293104	-1.67788722026263	0.0933691178435113	0.133299944376375
gene-OW489_RS06610	1123.70996799686	0.464096741798411	0.143052218675108	3.24424707352804	0.00117761549887794	0.00262728738363528
gene-OW489_RS06615	1002.54678354506	0.667317081665795	0.235393697275655	2.83489783026918	0.00458403433117318	0.00885281624763859
gene-OW489_RS06620	5694.77974908338	-0.0959376747996425	0.238525585169586	-0.402211254324911	0.687528560296669	0.74842078383341
gene-OW489_RS06625	2367.13730016074	-0.301403044138101	0.215583295877766	-1.39808162274777	0.162088557765583	0.214426350390477
gene-OW489_RS06630	5875.94076040205	-0.239055033297122	0.259426619245143	-0.921474573398455	0.356802710294682	0.430327622050321
gene-OW489_RS06635	1279.02577502367	-0.652070214257852	0.156344480466803	-4.17072743668945	3.03628849535685e-05	8.98263029698569e-05
gene-OW489_RS06640	2527.5252747036	-0.637175839321171	0.228418397846666	-2.78951190152773	0.00527875562531666	0.0100378025392801
gene-OW489_RS06645	4796.18272878959	-0.60638765769408	0.241617516823881	-2.50970072727006	0.012083351942011	0.0212717341479152
gene-OW489_RS06650	6238.34696721413	-0.697002329265978	0.184301507444362	-3.78185907934798	0.000155661479210919	0.000407068317008052
gene-OW489_RS06655	11803.585008362	-0.782548975920416	0.176297759279211	-4.43879138974793	9.04654462512234e-06	2.83780239748617e-05
gene-OW489_RS06660	892.39030103719	-0.123310678606346	0.150557426228876	-0.819027541151576	0.412770700433557	0.486544016552894
gene-OW489_RS06665	1354.04579027953	-0.571794574180568	0.280751368084788	-2.03665819362235	0.0416843067415445	0.0647783709362853
gene-OW489_RS06670	7153.69301385061	-0.610799033860037	0.186147570169631	-3.28126245915234	0.00103343531356238	0.0023325618429655
gene-OW489_RS06675	4185.07241787233	-0.47882901408327	0.188928725936941	-2.53444261431737	0.0112626372482275	0.0200093108536183
gene-OW489_RS06680	4483.41653253222	0.0211849259003241	0.359598283698087	0.058912755874304	0.953021597980951	0.970244879872173
gene-OW489_RS06685	4231.6294395572	-0.665001635125964	0.130253905261339	-5.10542569753835	3.3005065785814e-07	1.26769457222786e-06
gene-OW489_RS06690	1678.00502327624	0.217025465221214	0.171308107407494	1.26687212009746	0.205201019076467	0.264220740753698
gene-OW489_RS06695	399.981988487211	0.376432149412444	0.210257750602461	1.79033661462579	0.0733998134575401	0.107051292119303
gene-OW489_RS06700	755.886942858593	0.0102789545234628	0.196450887722671	0.0523232785691127	0.958271105103753	0.974122206090432
gene-OW489_RS06705	2672.58712829488	-0.837377944949419	0.265156064025517	-3.15805692782057	0.00158824539196167	0.00341384383137072
gene-OW489_RS06710	1797.41612213346	-0.301193361994531	0.197929753886656	-1.5217184686998	0.128079637948212	0.174208924050285
gene-OW489_RS06715	134.816755410615	1.78909257876733	0.277417165465078	6.4491055402718	1.12512194348108e-10	6.50070456233513e-10
gene-OW489_RS06720	463.590844730386	-0.270687359054106	0.149100625194269	-1.81546763269045	0.0694520757017618	0.101622517693487
gene-OW489_RS06725	1972.03490265309	-0.341814692017827	0.204496094672741	-1.6714974071502	0.0946234704218951	0.134664138958318
gene-OW489_RS06730	996.944892996167	-0.936693125237115	0.212610857892572	-4.4056692801193	1.05457757868079e-05	3.26267479720007e-05
gene-OW489_RS06735	34.8153498986016	-0.156891723174153	0.393742027234526	-0.398463238166605	0.690288751285063	0.750143974586234
gene-OW489_RS06740	817.765712006798	-0.216082053976277	0.232428596387472	-0.929670691708068	0.352541613620263	0.425948401800353
gene-OW489_RS06745	326.405773281061	1.02520134098211	0.187636977875039	5.46374895072581	4.66182710154569e-08	1.99455387382588e-07
gene-OW489_RS06750	458.487141338825	0.454274950750806	0.23737400441806	1.91375189488206	0.0556518647527394	0.0837876627457725
gene-OW489_RS06755	6866.87019220762	0.302166014709478	0.183540470844269	1.64631818431947	0.0996982675638972	0.141143515964805
gene-OW489_RS06760	7371.62673207121	1.24505637691792	0.44663546372734	2.78763438650271	0.00530944277344303	0.0100819756035042
gene-OW489_RS06765	3131.45448774751	0.207382207858389	0.187112495193784	1.10832901695642	0.267719748207615	0.336391356483918
gene-OW489_RS06770	105.604597340377	-0.913291028428498	0.286619999786578	-3.18641765790437	0.00144046484875246	0.00311601356082133
gene-OW489_RS06775	5185.99716376014	-1.53480199710806	0.510257368399454	-3.00789776328432	0.00263061619297925	0.00534022986923115
gene-OW489_RS06780	833.845437503094	-0.352557666768641	0.167227256019714	-2.10825480941383	0.0350089546120971	0.0556848313359474
gene-OW489_RS06785	53.4377486939131	-0.536843952558887	0.332409260488878	-1.61500901560126	0.106308742499115	0.148174659648251
gene-OW489_RS06795	91.8530323052014	1.78893687532985	0.323619829096212	5.52789636013928	3.2409340452967e-08	1.39991783681825e-07
gene-OW489_RS06800	810.76866635409	1.64244928170595	0.153116055540529	10.726825974636	7.61676049362034e-27	1.90701114581013e-25
gene-OW489_RS06805	2908.20348938588	-0.542255810371052	0.11603427570724	-4.67323820540051	2.96487558667207e-06	9.92205889401147e-06
gene-OW489_RS06810	2552.25192116563	-0.790749044914545	0.125088168883813	-6.32153345892388	2.58980285396057e-10	1.4350055158011e-09
gene-OW489_RS06815	379.218595133728	-0.0246727956422083	0.177445848054743	-0.139044085351587	0.889415312305552	0.923571046265058
gene-OW489_RS06820	462.492012788323	0.243874544247398	0.168824281059449	1.44454661803963	0.148585276325569	0.198722261150575
gene-OW489_RS06825	1608.74132800227	1.55857718123812	0.181146575997805	8.60395606515362	7.70144711845776e-18	8.89945000355119e-17
gene-OW489_RS06830	559.571226681324	2.14271976339613	0.223243756068241	9.59811732759571	8.14179419262439e-22	1.41124432672156e-20
gene-OW489_RS06835	351.177526176771	1.39552731709678	0.29586583980624	4.71675715591466	2.39633430532255e-06	8.18142419392951e-06
gene-OW489_RS06840	976.801097774255	0.904085118702587	0.135335427749347	6.68032852696216	2.38407188463664e-11	1.48537566268605e-10
gene-OW489_RS06845	2137.07038803459	0.812966893378353	0.254326200346039	3.19655187814791	0.00139080813708188	0.00302797520343752
gene-OW489_RS06850	967.766925039438	1.04956307185085	0.131688543232427	7.97004087134898	1.58621899918333e-15	1.542854738774e-14
gene-OW489_RS06855	7408.68759082537	-2.7872133345417	0.238210227163711	-11.7006451306819	1.26488194744704e-31	4.38492408448307e-30
gene-OW489_RS06860	90.0231336526214	-0.929177858350193	0.236065541537618	-3.93610118739895	8.28160653885118e-05	0.000229912362228476
gene-OW489_RS06865	67.9616002976639	-0.0536590665018196	0.277224271754047	-0.193558327928176	0.846521730516329	0.891243874972895
gene-OW489_RS06870	36.5748101561818	-0.176492228136327	0.393115271953277	-0.448957953883062	0.653461988076751	0.718861357103147
gene-OW489_RS06875	709.780701265649	-2.01746776521518	0.226332044582315	-8.91375222160135	4.93340027626101e-19	6.60391799356919e-18
gene-OW489_RS06880	5662.42930812238	-1.47854429297209	0.114893132890684	-12.8688656647466	6.73844870977403e-38	3.6441530622458e-36
gene-OW489_RS06885	763.847755820822	-0.302235490135434	0.221803696307825	-1.36262602998277	0.173000400922564	0.227525819112166
gene-OW489_RS06890	412.995020240398	-0.00684054886460516	0.202230515802184	-0.0338255027312317	0.973016299340119	0.982191937120166
gene-OW489_RS06895	6189.44998029363	-0.177784898405349	0.10821492128107	-1.64288710189589	0.100406294134755	0.141848808432799
gene-OW489_RS06900	789.635564389109	0.471594185264395	0.169270380876917	2.7860407876515	0.00533561575553747	0.0101174649389715
gene-OW489_RS06905	818.375461310777	1.70838939176797	0.16791947701673	10.1738608416328	2.59417536257198e-24	5.56718268285288e-23
gene-OW489_RS06910	1069.27110961796	0.938600515700445	0.235886968195833	3.97902657734454	6.91980060046672e-05	0.000193697109975797
gene-OW489_RS06915	3145.09186437864	0.56703471381951	0.166305985198661	3.40958693183626	0.000650613390327484	0.00152713420785201
gene-OW489_RS06920	6167.37120350022	-0.0227385955716436	0.343701238655939	-0.0661580262572345	0.947252013719937	0.967057983758127
gene-OW489_RS06925	48.5427705675204	2.08395115082898	0.46966566288037	4.43709497102366	9.11810711176635e-06	2.85362981831206e-05
gene-OW489_RS06935	127.084833520039	0.234461257370958	0.228997167202231	1.02386095092566	0.305900956504112	0.376322195808517
gene-OW489_RS06945	23.008835154768	1.13140917216383	0.415672655663289	2.72187539100556	0.00649126137923762	0.0121553814192926
gene-OW489_RS06950	916.262604910946	-1.41328786992975	0.191988398400026	-7.36131913025823	1.82101631401422e-13	1.42312951245504e-12
gene-OW489_RS06955	918.780377950258	0.102066346571388	0.285628918136168	0.357338981071694	0.720838051075941	0.77408502387186
gene-OW489_RS06965	200.774055794866	3.88544815483495	0.332517175013015	11.6849547837126	1.52160518041775e-31	5.14302550981198e-30
gene-OW489_RS06970	146.282875305597	3.93576415335187	0.343505186832042	11.4576556751566	2.15262706537607e-30	6.92940902949632e-29
gene-OW489_RS06975	571.246919865898	1.07371657599603	0.352699733190474	3.0442795243516	0.00233238318857276	0.00480698486425362
gene-OW489_RS06980	59151.1510376234	0.164295764061297	0.260758082334278	0.630069689846387	0.528648989538475	0.596605537442419
gene-OW489_RS06985	4790.73280130143	-0.203953504748452	0.2962184373135	-0.688524004778944	0.491122859074168	0.561251004297478
gene-OW489_RS06990	388.872240770694	3.37477971335642	0.303242565969218	11.1289775647756	9.06695101492154e-29	2.72411506048309e-27
gene-OW489_RS06995	3817.50515927334	1.04552941809426	0.279389246469038	3.7421963490285	0.000182418891835319	0.000470668591147616
gene-OW489_RS07000	9898.88120447702	1.53560302436757	0.172077486235608	8.92390432915219	4.50132703402547e-19	6.08579415000244e-18
gene-OW489_RS07005	8279.10471410425	0.202234955906767	0.123838233833159	1.63305749482206	0.10245690505534	0.143993488185883
gene-OW489_RS07010	12041.5152516077	0.68860836985775	0.262444222881263	2.62382750246058	0.00869478082755347	0.0158001931167369
gene-OW489_RS07015	6506.54087851248	2.41717012498056	0.382533242759893	6.31884985352176	2.63517149623269e-10	1.45418443383943e-09
gene-OW489_RS07020	10856.5776790563	1.87134676950244	0.251852378102515	7.43033194127996	1.08325488081093e-13	8.82250169480389e-13
gene-OW489_RS07025	45167.242225656	1.17604544685886	0.244765076197875	4.80479268173093	1.54911937843755e-06	5.44002441466899e-06
gene-OW489_RS07030	4672.37362399874	-0.194241276418917	0.258217538747305	-0.752238896556923	0.451907406249592	0.523098299014938
gene-OW489_RS07035	4382.90988330925	-0.136214818197761	0.17000647594541	-0.801233114446182	0.42299670395189	0.496283182843819
gene-OW489_RS07040	31417.9481452131	0.457482478126262	0.287441543959316	1.59156700811144	0.111482028033625	0.154430022440022
gene-OW489_RS07045	572.834004796728	-0.794147164839543	0.286176611404699	-2.7750246987043	0.00551975157422104	0.0104519665663121
gene-OW489_RS07050	129.739166581909	0.685977230010532	0.256708195994089	2.67220618864202	0.00753543310402518	0.0138610959954313
gene-OW489_RS07055	3832.61660824927	-1.22530882395224	0.113098328514055	-10.8340135530824	2.3751138209994e-27	6.42230777198237e-26
gene-OW489_RS07060	2807.98668755452	-1.04530386228693	0.166958723638774	-6.26085202081753	3.82879724378392e-10	2.06236409306608e-09
gene-OW489_RS07070	5271.99214078567	0.559175859347487	0.332018017311204	1.6841732381751	0.0921481936279835	0.132198668269511
gene-OW489_RS07075	244.489593105927	2.12830520225302	0.179903156390561	11.8302827196237	2.72223343470731e-32	1.05155988677837e-30
gene-OW489_RS07080	774.155947888376	0.631525323815536	0.140378816160438	4.49872239336861	6.83630573552679e-06	2.17695393900183e-05
gene-OW489_RS07085	699.115698744399	0.55832329069591	0.148159870516963	3.76838403508181	0.000164307785373957	0.000427200241972289
gene-OW489_RS07090	2685.06637199381	0.969727589150642	0.239131022863312	4.05521449094851	5.00883192196787e-05	0.00014256717386317
gene-OW489_RS07095	606.757935120917	-0.446282380369255	0.16913583863531	-2.63860329052748	0.00832483355951093	0.0151686994237989
gene-OW489_RS07105	826.631974779094	-0.757321681623034	0.227105573089859	-3.33466797542385	0.000854013030501375	0.00194709210326789
gene-OW489_RS07110	964.066190057367	-1.15138710905061	0.185229530115132	-6.21600188876442	5.09981899992256e-10	2.72527876991909e-09
gene-OW489_RS07115	864.164791990566	-1.72726076724326	0.134614283966069	-12.8311848962376	1.09673911483387e-37	5.70304339713614e-36
gene-OW489_RS07120	7207.44010119966	0.889200123025325	0.201988846924993	4.4022238681105	1.0714691370162e-05	3.30736592065274e-05
gene-OW489_RS07125	1876.41651412667	0.185323227720191	0.143656839717503	1.29004110131215	0.197036387917521	0.254921719104774
gene-OW489_RS07130	659.537083190576	0.782104773666232	0.234801526148553	3.33091861239187	0.000865599062611636	0.00196687383638812
gene-OW489_RS07135	917.728224678688	-0.364791675445224	0.297266845374	-1.22715224089746	0.219765375989336	0.280733938486278
gene-OW489_RS07140	1788.19485446674	-0.250591590674108	0.110841887506857	-2.26080226808305	0.0237715040970688	0.0392418480332565
gene-OW489_RS07145	740.266778471077	0.111521614473899	0.254567017156203	0.438083518123124	0.661325741751685	0.725151989333559
gene-OW489_RS07150	71.7817141695189	1.29573698509572	0.265548116282888	4.87948098910774	1.06365375059111e-06	3.845079868447e-06
gene-OW489_RS07155	148.495579272274	1.29509314608519	0.21853795387829	5.92617036584166	3.10080893382093e-09	1.53003418924303e-08
gene-OW489_RS07160	2618.7214301164	-0.0401654770944945	0.297834437733411	-0.134858404555776	0.892723827394886	0.924875566772327
gene-OW489_RS07165	916.953144263801	-0.536390617531584	0.168926112412581	-3.17529723422225	0.00149683091131077	0.00323277219184052
gene-OW489_RS07170	1652.4528328588	-1.82697934329167	0.166193808241433	-10.9930650402907	4.1266949233235e-28	1.18708330560285e-26
gene-OW489_RS07175	642.805920025536	1.47403134183644	0.138440639357424	10.6473890085902	1.79324288830228e-26	4.18011100859429e-25
gene-OW489_RS07180	7715.57260345171	-0.785071273388737	0.192113088019842	-4.08650592981802	4.37918298650765e-05	0.000125971391441667
gene-OW489_RS07185	115.550114656139	-0.407863758646167	0.339620000020501	-1.2009415188197	0.229773887334309	0.292242987465649
gene-OW489_RS07190	57.614010968639	-0.77245710665515	0.2735191476294	-2.82414270938639	0.00474072713377107	0.00911730168543171
gene-OW489_RS07195	10941.7454328429	-1.50085961685496	0.262679762982581	-5.71364767431471	1.10579825663993e-08	5.13759190026524e-08
gene-OW489_RS07200	1511.60472123456	0.288825786296791	0.183951882840445	1.57011595552578	0.11638813725279	0.160404446040543
gene-OW489_RS07215	140.018305743187	0.415975815612023	0.49672448020254	0.8374377188787	0.402346571415126	0.476750713894172
gene-OW489_RS07220	397.490384691049	-0.71639091857016	0.216481466626002	-3.30924826838785	0.000935468456362898	0.00211851482915015
gene-OW489_RS07225	3256.3667602242	-0.482444832739085	0.26823398499114	-1.79859697030941	0.0720824569640213	0.105357277638224
gene-OW489_RS07230	4231.83356995843	-0.269616266567506	0.140329904084502	-1.92130300613013	0.0546935183884355	0.0825286125682642
gene-OW489_RS07235	5581.07789774095	1.0472805919171	0.126592266625048	8.27286389475137	1.30778962476557e-16	1.41450525814644e-15
gene-OW489_RS07240	5247.67209590012	1.20055039324645	0.109865557035716	10.9274501093747	8.52091942730251e-28	2.40005897202354e-26
gene-OW489_RS07245	4278.1899403492	-1.25628053489885	0.181014507231922	-6.94022017411706	3.91489307083225e-12	2.7004772611047e-11
gene-OW489_RS07250	2742.02387429559	-1.54820002343603	0.14994778054242	-10.3249279038048	5.43596273690972e-25	1.18539058391967e-23
gene-OW489_RS07255	3808.29968504229	-0.068568598687927	0.160406743382621	-0.42746705806731	0.669039173853326	0.732421832428904
gene-OW489_RS07260	2855.63940718767	0.0178211130714854	0.242968569194452	0.0733474009851162	0.94152967271939	0.963624615833925
gene-OW489_RS07265	297.201576710774	1.4938353060558	0.321246304226438	4.65012448828933	3.31734730858135e-06	1.10469299536995e-05
gene-OW489_RS07270	814.510447219466	2.23254299956909	0.163993802823053	13.6135814959908	3.32539735873221e-42	2.14092249000283e-40
gene-OW489_RS07275	3139.67509947891	-0.00926094195632207	0.364775249757406	-0.0253880765278924	0.979745421596322	0.984844468400169
gene-OW489_RS07290	340.605754236593	-2.56504505056918	0.285781245548837	-8.97555417131402	2.81928942625911e-19	3.88946867785951e-18
gene-OW489_RS07295	92.7508699064509	-0.74394418048956	0.278808114325279	-2.66830175402147	0.00762357541459639	0.0139851749803722
gene-OW489_RS07300	83.2085381795717	-0.72368497273705	0.296725234437596	-2.43890606105241	0.0147317972726831	0.02540483407228
gene-OW489_RS07305	6.43843265985481	0.0119082853882475	0.739907341977026	0.0160942927751314	0.987159166632248	0.989354479827131
gene-OW489_RS07310	3124.06985041331	0.488216463271933	0.156719142553924	3.11523184287424	0.00183800383042153	0.00388278309176548
gene-OW489_RS07315	1836.14567915741	-0.302460949285281	0.242310318642303	-1.2482380072793	0.211943909058209	0.272089739712855
gene-OW489_RS07320	2740.39398014777	1.09638263973552	0.224303893835824	4.88793404780569	1.01899652929824e-06	3.6969109075159e-06
gene-OW489_RS07325	4168.58232562156	0.465796557110828	0.14221423615425	3.27531595785959	0.00105543858730456	0.00237825495005961
gene-OW489_RS07330	988.047677981923	0.418021862262734	0.144253782161825	2.89782254578112	0.00375763133246538	0.00743823947509984
gene-OW489_RS07335	15566.1079881106	0.306690973699449	0.235839655566863	1.30042156380482	0.193456523168319	0.250529903566636
gene-OW489_RS07340	7112.41693783816	-0.0813481186179559	0.1035844801591	-0.785331147031004	0.432259438479037	0.504240518398325
gene-OW489_RS07345	9003.73330772604	-0.124908561878959	0.205987937431226	-0.606387749868423	0.544257301136506	0.6111593614091
gene-OW489_RS07350	1505.18249923295	0.339160785204303	0.332192415377709	1.02097690827369	0.30726537924365	0.377657084306741
gene-OW489_RS07355	3569.99405799899	-0.202617963409962	0.188161893225151	-1.07682783127354	0.281557189223215	0.35116726921567
gene-OW489_RS07360	2356.86563633911	0.303583250850156	0.200336043508186	1.51537010282301	0.129678704260411	0.17620664136691
gene-OW489_RS07365	1886.38684785365	1.19359490676564	0.198239593063481	6.02097133231819	1.73373466573666e-09	8.87882298513622e-09
gene-OW489_RS07370	3928.0953595979	0.150768794107656	0.127510037639241	1.18240725906003	0.237044144276327	0.300641353716317
gene-OW489_RS07375	9412.51296701369	-0.713655288986965	0.182600453301722	-3.90828870401404	9.29521908794968e-05	0.000255429597701381
gene-OW489_RS07380	9150.52006764874	-0.151629468767396	0.102834694071425	-1.47449720288057	0.140347770265695	0.18918263748676
gene-OW489_RS07385	1646.4916281724	-0.652048007673421	0.136379670664321	-4.78112320184688	1.74318485027716e-06	6.05857562358541e-06
gene-OW489_RS07390	571.143155668203	-0.656244586838206	0.211981229381184	-3.0957674354183	0.00196304260808451	0.00412117019585444
gene-OW489_RS07395	120.346530693105	0.153007267086339	0.325721372394501	0.469748932842583	0.638534403240838	0.704158656754986
gene-OW489_RS07400	719.150012929399	1.51369494311131	0.189814209531696	7.97461342249276	1.52858510944617e-15	1.49757033910958e-14
gene-OW489_RS07405	2387.8050038699	0.745217961711192	0.152331398269511	4.89208377377803	9.97739569270729e-07	3.63596737912136e-06
gene-OW489_RS07410	5544.35965393663	1.08064615081786	0.140366996995756	7.69871959895629	1.37436382593668e-14	1.23055622030887e-13
gene-OW489_RS07415	4549.38646155552	-0.943918706401838	0.253669203268514	-3.72106150151258	0.000198387111375238	0.000510894046817757
gene-OW489_RS07420	957.808389258338	-0.82686907822411	0.310389974131269	-2.66396838537837	0.00772248199949482	0.0141474195979905
gene-OW489_RS07430	643.470263697113	-0.574944162951341	0.168945982368935	-3.4031242110026	0.000666199866873557	0.00155830833912292
gene-OW489_RS07435	58.5615640847142	1.84976249941086	0.311101960269001	5.94584006417516	2.75042599638953e-09	1.36211573154529e-08
gene-OW489_RS07440	2326.91778558768	0.808921857732692	0.248084556707986	3.26066994442082	0.00111149337998199	0.00249210456009229
gene-OW489_RS07445	18559.9366083376	-1.58296933240328	0.232143078656051	-6.81893830980266	9.17157716811035e-12	6.04876699087083e-11
gene-OW489_RS07450	20401.8596769945	-1.39083788687262	0.281628579512811	-4.93855378342151	7.8704072748878e-07	2.90731984580555e-06
gene-OW489_RS07455	4867.47211334729	-1.68064382396319	0.174346219180488	-9.63969182620095	5.43508963430355e-22	9.66873840207684e-21
gene-OW489_RS07460	2702.14943830493	-1.72566599602614	0.186742417461601	-9.24088923921628	2.44457071724774e-20	3.67228845524327e-19
gene-OW489_RS07465	2502.71526537853	0.233195154899215	0.24690277293824	0.944481716928899	0.344923540413919	0.417490265568146
gene-OW489_RS07470	1408.58736864361	-0.561080904854284	0.231255820696944	-2.42623473503643	0.0152563988634687	0.0261096851435566
gene-OW489_RS07475	421.064046527468	0.425851393295264	0.202516476016642	2.1027987533235	0.0354833650606497	0.0561750697447287
gene-OW489_RS07480	33.9122925551162	0.537144849386804	0.376548459487058	1.42649594189952	0.153725237460754	0.204765045366443
gene-OW489_RS07485	4496.54324724212	-1.42172694764697	0.211650416222544	-6.71733594018577	1.85076953841001e-11	1.17476075865274e-10
gene-OW489_RS07490	2961.27228721583	-0.506521828509591	0.214347347722547	-2.3630888550356	0.0181233237339783	0.0304760369257944
gene-OW489_RS07495	595.774238702039	-0.0179521475966019	0.145087508071139	-0.123733240961032	0.901526491410551	0.932566041612138
gene-OW489_RS07500	3904.37248948722	-0.0978887253730035	0.228148855348352	-0.429056394885439	0.667882184389241	0.731747741729541
gene-OW489_RS07505	2985.88412902794	-0.9075398798027	0.234185253590649	-3.87530754344191	0.000106490117734024	0.000286802070072511
gene-OW489_RS07510	5.48110965539068	-4.09461054893271	1.2697440135671	-3.22475278889458	0.00126081490158273	0.0027853296518625
gene-OW489_RS07515	158.713596065878	-1.86525910160069	0.350398435982491	-5.3232517901247	1.01928502371652e-07	4.16336360140405e-07
gene-OW489_RS07520	130.613512855865	0.866973784621819	0.222319666726721	3.89967202356199	9.63230800356207e-05	0.000263088493349816
gene-OW489_RS07525	386.575023251015	-0.891224027276274	0.202592646738843	-4.39909365725957	1.08703909370783e-05	3.34778326809336e-05
gene-OW489_RS07530	110.342407412812	3.65503817019687	0.476537590997244	7.66998918710278	1.72010849768784e-14	1.50037850895094e-13
gene-OW489_RS07540	2883.7334326073	-0.740290678659451	0.130953391561658	-5.65308519184776	1.57593146159082e-08	7.12287856891483e-08
gene-OW489_RS07545	101.952064175736	0.782967940391895	0.232537341410295	3.36706326667082	0.00075973256714372	0.00175283008665241
gene-OW489_RS07550	993.739284357418	0.425816689748723	0.194189080210778	2.19279420493949	0.0283222096619253	0.0461344909191843
gene-OW489_RS07555	1441.44796725038	-0.136359880676319	0.233563240739329	-0.583824236402442	0.559338570415198	0.627005784510881
gene-OW489_RS07560	2893.07687386946	-0.580581961631416	0.161813189739536	-3.58797674383624	0.000333254006658497	0.000814754822788947
gene-OW489_RS07565	23.5660836613903	3.07219240423553	0.56939678347264	5.39552117856871	6.83249324276214e-08	2.86879840503553e-07
gene-OW489_RS07570	2158.98303268298	1.33196575289123	0.196273375941856	6.78627830442892	1.15063093559401e-11	7.51523200445941e-11
gene-OW489_RS07575	4510.19541318769	0.361721803919552	0.160706855043882	2.25081751379417	0.0243970978083936	0.0402254588255466
gene-OW489_RS08150	63.3398761145471	2.73776839545395	0.489307659825124	5.59518809992145	2.20382703766082e-08	9.73717044090664e-08
gene-OW489_RS08155	170.688983671707	1.71480296517962	0.366265686308437	4.68185535604763	2.84290055805215e-06	9.56119789673262e-06
gene-OW489_RS07585	1276.84845285271	1.28586761681855	0.211771565696138	6.07195594267638	1.26361604631089e-09	6.54562794870623e-09
gene-OW489_RS07590	7269.70048139902	0.0364739852619854	0.256863699266618	0.141997430412019	0.88708203535476	0.923122840070251
gene-OW489_RS07595	1083.28050871946	0.142956609410151	0.17733873103064	0.806121756817189	0.420172647764911	0.493547714837672
gene-OW489_RS07600	1543.61404486361	-0.0686094560532448	0.123611754121697	-0.555039903290248	0.578867367073663	0.644669423627341
gene-OW489_RS07605	200.648971982543	-2.09083245189358	0.370925505538576	-5.63679881990789	1.73240298599904e-08	7.75565840089636e-08
gene-OW489_RS07610	311.660492275836	0.605010196002718	0.186115419411373	3.25072580185018	0.00115110818249786	0.00257239382270597
gene-OW489_RS07615	678.250552047236	0.911979374441006	0.222011647400322	4.10779968132285	3.99446311745761e-05	0.000116390390836265
gene-OW489_RS07620	339.537897718009	2.20977134000129	0.302891094795347	7.29559692566846	2.97337828859741e-13	2.24581421574509e-12
gene-OW489_RS07625	1860.60945851138	-0.825243676431716	0.193633436158415	-4.26188623620028	2.02708635605609e-05	6.1311426250287e-05
gene-OW489_RS07630	4969.82559838437	0.209133424447445	0.144979265229038	1.44250575499232	0.149159749251374	0.199272708486025
gene-OW489_RS07635	63.636689294896	1.13694001976091	0.379588586922417	2.99519021100939	0.00274273747331724	0.00555949184996238
gene-OW489_RS07640	505.347792169403	-1.15673443639423	0.157930565597011	-7.32432276185123	2.40108164972002e-13	1.83404654826072e-12
gene-OW489_RS07645	1692.31494314095	-0.675975670613025	0.214370346410482	-3.15330773090532	0.00161431531814811	0.00346437192085117
gene-OW489_RS07650	9013.16246604639	-1.46740126875904	0.127684470856607	-11.4924020040539	1.44049989208635e-30	4.75013622951402e-29
gene-OW489_RS07655	170.172512555437	0.317017663168883	0.235155849212823	1.34811727724439	0.177620665325639	0.232696840620411
gene-OW489_RS07660	38.9675347168231	-0.447494275539294	0.684301946920084	-0.653942718639603	0.513148710526084	0.581052811248966
gene-OW489_RS07665	1221.01462651883	-1.2075370292043	0.396291051724464	-3.04709638017233	0.0023106360885359	0.00478404286631017
gene-OW489_RS07670	659.550389853798	-0.752963775449962	0.356665554653851	-2.11111997114699	0.0347620012591691	0.0553571563043541
gene-OW489_RS07675	662.15144755507	0.395616299671763	0.148551809216276	2.66315369539383	0.00774120471953483	0.0141625287967674
gene-OW489_RS07680	1929.18065253082	-1.74920744943596	0.231665403258363	-7.55057693049303	4.33334342286969e-14	3.6847045960502e-13
gene-OW489_RS07685	22803.7082507721	-3.11303188086495	0.136215519414553	-22.8537239680515	1.34195177546387e-115	4.5357970010679e-113
gene-OW489_RS07690	18110.0533946162	-0.983168294105773	0.203900609066192	-4.82180165428838	1.42267372546452e-06	5.02207539641782e-06
gene-OW489_RS07695	1672.73807287091	-1.10465207365977	0.143593251151284	-7.69292473568936	1.43809117947306e-14	1.27078383963894e-13
gene-OW489_RS07700	9676.81413003341	-0.713046851134482	0.198253170067632	-3.5966479168592	0.000322344316921692	0.000790942861121829
gene-OW489_RS07705	2701.81870736438	0.169764481406522	0.151890139040865	1.11767941275535	0.263703938491226	0.332581832873263
gene-OW489_RS07710	191.817163819053	1.58256683108647	0.374824429901832	4.2221549739993	2.41977636271367e-05	7.20603004931472e-05
gene-OW489_RS07715	1018.55739779834	1.61570660957874	0.249491827930644	6.47599010749118	9.4192218876474e-11	5.51289523467502e-10
gene-OW489_RS07720	3484.33972810775	0.429076024923688	0.123486753306535	3.47467249267279	0.000511477401332306	0.00121532064429047
gene-OW489_RS07725	4841.20231915842	0.404402068916476	0.215532582597311	1.87629203920429	0.0606151895811249	0.0903547258144221
gene-OW489_RS07730	354.211622823369	0.513275934165954	0.255459985501087	2.0092224352051	0.044513549451598	0.0689373640991528
gene-OW489_RS07735	24518.3612008039	0.584858237807164	0.15031490830586	3.89088643567608	9.98786735758434e-05	0.000271702146226439
gene-OW489_RS07740	2970.85573618601	-0.243243155829601	0.162893626963869	-1.49326379652381	0.135368148334851	0.183096351200548
gene-OW489_RS07745	1246.76652243936	0.36666999263409	0.154911537004554	2.36696375056502	0.0179346893253647	0.0302977278771738
gene-OW489_RS07750	2732.53213093664	-0.256067707151792	0.132548407102098	-1.93188068231216	0.0533742346300816	0.0807180819014209
gene-OW489_RS07755	2538.71027511466	-0.311627622706225	0.125286729356087	-2.48731549069755	0.012871119961702	0.0225182658818688
gene-OW489_RS07760	1147.58309125817	-0.476713606869435	0.211973154748304	-2.24893386823195	0.0245167038364842	0.0403734270242711
gene-OW489_RS07765	1881.23436946557	0.0260173223565354	0.221825183121606	0.117287505369814	0.906632225961698	0.936414644385192
gene-OW489_RS07770	1236.89974127579	0.296125296954645	0.114182644159585	2.59343527323444	0.00950224236297066	0.0170838187164047
gene-OW489_RS07780	701.443386895836	-0.961066416000337	0.161295510338463	-5.95842013199022	2.54688065616218e-09	1.27062090300047e-08
gene-OW489_RS07785	1696.92043908455	-0.198578975485334	0.253892264596218	-0.78213873826029	0.434133042735693	0.505989546360911
gene-OW489_RS07790	21.5409997547895	-1.28899992029394	0.454757926936534	-2.8344748798053	0.00459010664910847	0.00885281624763859
gene-OW489_RS07795	84.2142388727291	2.06449631462438	0.275888453243901	7.48308343589591	7.25987566874373e-14	6.0216882847494e-13
gene-OW489_RS07800	404.289162218578	2.74729698003354	0.383838262957841	7.15743385993618	8.22012268101742e-13	5.91149248124231e-12
gene-OW489_RS07805	241.591736261533	2.34340331112423	0.417849845232779	5.6082426207882	2.04391368708158e-08	9.09003718728387e-08
gene-OW489_RS07810	281.821964795483	3.39662903696681	0.27824150034057	12.2074853420834	2.83517009140032e-34	1.32177584950801e-32
gene-OW489_RS07815	3384.18731474288	-0.0203454649129855	0.118229819627556	-0.172084039179601	0.863371460468605	0.905568824323936
gene-OW489_RS07820	4604.30281897127	-0.102222435777616	0.134920809493631	-0.757647661330122	0.448661939456286	0.519786582814823
gene-OW489_RS07825	5793.90697987408	-0.116395673171753	0.215161506237373	-0.540968852687534	0.588529051593598	0.65488994053872
gene-OW489_RS07830	517.245185342116	0.00831904031065462	0.150662649836748	0.0552163414069034	0.95596611023622	0.972510294235794
gene-OW489_RS07835	533.1670978694	0.540236244338784	0.164212521324294	3.28986023710033	0.00100237157424253	0.00226623138524399
gene-OW489_RS07840	426.670545709514	0.327014325099862	0.150613768704526	2.1712113567877	0.0299151992727413	0.0486121988182046
gene-OW489_RS07845	1445.92897652585	0.530436149687074	0.148765740029759	3.56558001580853	0.000363052370401181	0.000876512151397138
gene-OW489_RS07850	2994.83642048879	0.125093967698975	0.174343214501295	0.717515551475886	0.473056044167454	0.543853547376189
gene-OW489_RS08050	185.137658183375	-0.0183074955109805	0.261967581104051	-0.0698845843207938	0.944285523057956	0.965041992121892
gene-OW489_RS08070	189.579459456348	-1.06986704337866	0.340380284709428	-3.14315220780771	0.00167138904898726	0.00357550315542844
gene-OW489_RS08075	1920.22110149219	-0.574746304580272	0.238138268675853	-2.4134982914594	0.0158002019631359	0.0269041222344582
gene-OW489_RS08080	84.2747815327094	-0.644182668204601	0.456371230548368	-1.41153215865637	0.158087760189633	0.209543776251356
