gene_id	WTS_1	WTS_2	WTS_3	WT_1	WT_2	WT_3
gene-OW489_RS00005	1444.28884743178	1648.73858846135	1454.89656255747	1359.51076820982	1343.78593904996	1171.59609765101
gene-OW489_RS00010	1460.94090946981	2526.92959939914	2193.14030919764	3355.65387445444	3057.68600913327	3244.14237717122
gene-OW489_RS00015	17.7621995072317	101.364233131737	64.7727921686544	26.1007910424255	29.7109967572639	28.8688976833924
gene-OW489_RS00020	1141.22131833964	1217.26782619263	1003.14785820172	464.140153754436	377.75410162807	467.916716618319
gene-OW489_RS00025	2699.85432509922	2416.59508014955	2229.67880734406	1062.18871372653	990.649520449342	1131.90136333634
gene-OW489_RS00035	410.750863604733	698.785288580735	582.124709105471	509.53283382822	547.531225955292	488.365519144055
gene-OW489_RS00040	69.9386605597248	106.746404802449	115.428437326192	340.445100553376	314.936565626997	359.658350305597
gene-OW489_RS00045	14.4317870996257	24.2197725182026	27.4038736098153	37.4489610608714	14.4310555678139	33.6803806306245
gene-OW489_RS00050	26.6432992608475	63.6890314367551	44.8427022706069	66.9542031088306	34.8043104870806	27.6660269465844
gene-OW489_RS00055	23.3128868532416	13.4554291767792	26.5734531973967	94.1898111531007	84.8885621636111	86.6066930501773
gene-OW489_RS00060	19.9824744456356	42.1603447539083	55.6381676320493	34.0445100553376	32.2576536221722	30.0717684202004
gene-OW489_RS00065	651.650694421562	1506.11103918749	1427.49268894765	625.284168016367	531.402399144206	639.927231981866
gene-OW489_RS00075	3825.53371887002	3418.57603951371	3267.70432286737	2023.3787142889	1959.22801473615	2085.7778576251
gene-OW489_RS00080	103.242784635784	232.330410452388	276.529997335409	124.829870202905	155.346068759408	133.51865178569
gene-OW489_RS00085	16436.6953690045	15076.3598782752	19910.1598081495	29941.0117766676	32912.1444364537	34784.6159670143
gene-OW489_RS00090	23.3128868532416	77.1444606135343	100.480869902656	145.256576236107	133.275042596869	117.881332207186
gene-OW489_RS00095	709.377842820065	686.226888015741	724.957020041478	1562.64301154	1817.46411592291	1551.70325048234
gene-OW489_RS00100	1031.31770888864	734.666433052147	734.922064990502	1596.68752159533	1324.26156975233	1669.58458268953
gene-OW489_RS00105	1427.63678539375	1319.52908793615	1202.4487571822	2406.94686091237	2207.95150187553	2215.68789720037
gene-OW489_RS00110	4143.03303506179	5051.16811296293	4964.25322543867	5935.09291964719	4806.39038970366	5811.06852951953
gene-OW489_RS00115	446.275262619196	360.605501937684	437.631557344626	568.543317924138	658.735242389622	661.57890524441
gene-OW489_RS00120	247.560655632042	268.211554923799	336.320267029552	348.388819566288	410.860640871878	241.777018098412
gene-OW489_RS00125	457.376637311216	915.866212632774	854.502604378787	709.260626152867	839.547879798114	665.187517454834
gene-OW489_RS00130	659.421656705976	627.022999637913	582.95512951789	306.400590498038	352.287532978986	318.760745254125
gene-OW489_RS00135	504.002411017699	628.817056861483	583.785549930308	3377.21539748949	2723.22507420865	3435.3988243237
gene-OW489_RS00140	15416.4790348079	14239.4321834796	15450.8021934613	21412.8620078055	16563.4562493638	24320.8434275213
gene-OW489_RS00150	857.026126223929	1131.15307946124	1159.26689573643	259.87309342241	449.909379467139	261.02294988734
gene-OW489_RS00155	2755.36119855932	1932.1996297855	1900.00190361386	1037.22273968595	1160.42664477656	1246.17408333311
gene-OW489_RS00160	9560.50388476746	10192.9361157162	9524.09171002945	10060.1527213523	10808.011734671	10989.4270514781
gene-OW489_RS00165	458.486774780418	664.698201332894	561.364198795005	1193.82748594051	1141.75116110057	1038.07744586532
gene-OW489_RS00170	230.908593594012	400.971789468021	352.098254865506	292.782786475903	271.643398923556	242.97988883522
gene-OW489_RS00175	492.901036325679	386.619331679457	366.215401876623	400.590401651139	434.629438277689	394.54160167303
gene-OW489_RS00180	186.503094825933	286.152127159505	287.325462696852	389.242231632693	297.109967572639	404.164567567494
gene-OW489_RS00185	507.332823425305	374.060931114463	494.930565801513	688.833920119664	1084.02693882931	777.05449597798
gene-OW489_RS00190	6044.69851980478	3437.4136403612	3637.24140639367	2707.67336640118	2760.57604156063	2529.63715950726
gene-OW489_RS00195	2039.32253092404	1698.07516210954	1600.22013473073	2033.5920673055	2409.98627982492	1941.43336920814
gene-OW489_RS00200	1116.79829401719	761.577291405705	710.009452617942	1036.08792268411	876.049961528467	1151.14729512527
gene-OW489_RS00205	1120.1287064248	834.236608960313	728.278701691153	729.687332186069	855.6767066092	688.042061454186
gene-OW489_RS00210	749.342791711337	792.076264206405	664.336329934917	472.083872767348	539.891255360567	455.888009250239
gene-OW489_RS00215	124.335396550622	163.259207344921	133.697686399402	83.9764581364994	52.6309085414389	73.3751149452891
gene-OW489_RS00220	264.212717670071	678.153630509674	604.546060240774	591.23965796103	442.269408872414	529.263124195528
gene-OW489_RS00225	1247.79451538303	1097.0659922134	1083.69863820633	1179.07486491653	983.858435476253	1149.94442438847
gene-OW489_RS00230	137.657046181046	103.158290355308	70.5857350555849	121.425419197371	131.577271353597	125.098556628034
gene-OW489_RS00235	2777.56394794335	1843.39379721876	1712.32689040725	2118.70334244384	2082.31642987338	2019.61996710066
gene-OW489_RS00240	2881.91687004834	2481.18114019809	2213.07039909569	2480.70996603227	2230.8714136597	2396.11850772157
gene-OW489_RS00245	2299.0946987173	2074.82717905936	1824.43364608377	1798.68494792367	1823.40631527437	1593.80372627062
gene-OW489_RS00250	1512.0072330531	1454.98040831573	1257.25650440183	1057.64944571915	921.889785096817	1115.06117302103
gene-OW489_RS00255	348.583165329422	383.031217232316	279.021258572665	308.670224501728	273.341170166828	306.732037886045
gene-OW489_RS00260	1191.17750445372	810.01683644211	648.558342098962	944.167745534696	794.5569418514	922.60185513175
gene-OW489_RS00265	289.745879461717	381.237160008745	342.963630328901	417.612656678808	530.55351352257	424.61337009323
gene-OW489_RS00270	149.868558342267	129.172120097081	130.376004749727	120.290602195526	78.0974771905223	114.272719996762
gene-OW489_RS00275	177.621995072317	137.245377603148	130.376004749727	70.3586541143644	65.3641928659806	68.563631998057
gene-OW489_RS00285	320.829728599372	406.353961138733	363.724140639367	459.600885747058	472.829291251314	506.408580196176
gene-OW489_RS00290	1317.73317594275	1379.63000492576	1211.5833817188	1806.62866693658	1712.20229884004	1716.49654142504
gene-OW489_RS00295	11213.4985764092	9091.38498044384	9750.79648261974	21172.2808034145	17051.5654818046	25042.5658696061
gene-OW489_RS00300	3096.17340160432	3015.81019282212	3117.3982282196	3654.11074593957	4641.70657910626	4048.86290009579
gene-OW489_RS00305	97.6920972897743	109.437490637804	119.580539388285	99.8638961623236	95.9240752448806	134.721522522498
gene-OW489_RS00310	1052.41032080348	1355.41023240756	1342.78980688095	868.135006411109	744.47269017487	992.368357866615
gene-OW489_RS00315	741.571829426923	487.983564811194	440.122818581882	559.464781909381	710.517265309425	603.841109877625
gene-OW489_RS00320	188.723369764337	252.96206852345	257.43032784978	359.736989584734	352.287532978986	505.205709459368
gene-OW489_RS00325	1568.6242439824	1212.7826831337	1267.22154935085	1940.53707315424	2293.68894966077	1978.72236204919
gene-OW489_RS00330	1646.33386682654	1322.22017377151	1304.59046790969	1592.14825358796	1544.12294575609	1539.67454311426
gene-OW489_RS00335	412.971138543137	262.829383253088	215.078886816429	4113.71163168663	3848.84740849813	3805.88301126057
gene-OW489_RS00340	2568.85810373338	2081.10637934186	2231.3396481689	9636.86597966423	10605.9769567216	9755.28167551303
gene-OW489_RS00345	765.994853749366	532.834995400458	453.409545180581	1614.84459362485	1279.27063180562	1831.97213215861
gene-OW489_RS00350	401.869763851117	460.17567784585	440.953238994301	1427.59978832049	1139.20450423566	1439.8362719592
gene-OW489_RS00355	6177.91501610902	4524.61231784497	4328.9816099384	3976.39877446343	3344.60934924628	4459.04182134732
gene-OW489_RS00360	4749.16809324607	5537.35762055055	5066.39493616616	10691.1109743779	6149.32744313199	11737.6126497726
gene-OW489_RS00365	1770.66926337716	2404.93370819634	2308.56874652384	4283.93418196332	3155.30785562143	4451.82459692647
gene-OW489_RS00370	8032.95472714553	6901.73813907596	6949.78843153165	11174.5430171636	11779.1368858227	10918.4576780064
gene-OW489_RS00375	485.130074041265	749.915919452496	636.932456325101	281.434616457458	218.163604760481	206.893766730979
gene-OW489_RS00380	1912.76685943501	2270.37941642855	1935.70998134786	501.589114815307	534.79794163075	529.263124195528
gene-OW489_RS00385	1217.82080371457	1830.83539665376	1818.62070319683	836.360130359461	900.667644555914	668.796129665258
gene-OW489_RS00390	4017.58750104197	4181.94738814299	3834.88146454931	1942.80670715793	2116.27185473883	1747.77118058205
gene-OW489_RS00395	1190.06736698452	1347.33697490149	1260.5781860515	324.557662527552	353.136418600622	321.166486727741
gene-OW489_RS00400	7631.08496329441	6747.4492178489	6728.06618141587	2952.79383879962	3391.29805843627	3123.85530349042
gene-OW489_RS00405	326.380415945382	514.894423164752	460.05290847993	500.454297813463	439.722752007506	471.525328828743
gene-OW489_RS00410	3573.53251336117	3524.42541570438	3442.09260947529	4411.03368616991	4173.97060158476	4300.26288408866
gene-OW489_RS00415	5681.68356737574	5142.66503136503	4945.15355595304	6867.91249516344	6230.82046280906	6790.20530928126
gene-OW489_RS00420	1053.52045827268	2169.01518329681	2026.2258063015	1650.02392068203	1462.62992607902	1427.80756459112
gene-OW489_RS00425	1362.13867471083	939.188956539191	891.871522937626	1081.48060275789	1155.33333104675	1199.26212459759
gene-OW489_RS00430	612.795882999493	732.872375828576	698.383566844081	1516.11551446437	1573.83394251335	1575.7606652185
gene-OW489_RS00435	4103.06808617052	2337.65656231245	2425.65802467486	5017.02596515492	3729.15453584744	4954.62456491223
gene-OW489_RS00440	455.156362372812	701.476374416091	733.261224165664	448.252715728612	514.424686711484	473.931070302359
gene-OW489_RS00470	1594.15740577404	1046.83238995342	1097.81578521745	1306.17436912312	1042.43154336914	1398.93866690772
gene-OW489_RS00475	736.021142080913	846.795009525307	858.65470644088	820.472692333636	871.805533420286	917.790372184518
gene-OW489_RS00485	137.657046181046	1636.18018789636	1610.18517967975	1901.95329509153	1145.14670358711	1811.52332963287
gene-OW489_RS00490	4178.55743407625	4412.48374137181	4103.93767817295	1996.14310624463	1969.41464219578	2024.43145004789
gene-OW489_RS00495	15537.4840189509	11156.3448447736	10753.113920409	6389.01972038502	6025.39014237312	6011.94794256647
gene-OW489_RS00500	3862.16825535369	2642.64629031944	2424.82760426245	819.337875331792	849.734507257748	921.398984394942
gene-OW489_RS00505	3641.2508989825	3510.07295791581	3250.26549420658	922.606222499649	934.623069421359	763.822917873091
gene-OW489_RS00510	5806.01896392636	49359.896392097	45646.5492298281	145076.140332814	77741.7941150567	125886.436960643
gene-OW489_RS00515	139.87732111945	181.199779580627	116.25885773861	214.480413348627	153.648297516136	153.967454311426
gene-OW489_RS00520	65.4981106829168	100.467204519952	61.4511105189798	88.5157261438778	99.319617731425	69.766502734865
gene-OW489_RS00525	10153.3172933213	7347.56135913325	6956.431794831	14687.9364548745	14094.0479760244	14715.9205941093
gene-OW489_RS00530	2033.77184357803	1394.87949132611	1336.97686399402	1975.71640021143	1919.33039051925	1741.75682689801
gene-OW489_RS00535	551.738322193384	479.013278693341	509.878133225049	613.935997997922	794.5569418514	570.160729247001
gene-OW489_RS00540	133.216496304238	140.833492050289	172.727445783078	275.760531448235	291.167768221186	241.777018098412
gene-OW489_RS00545	39.9649488912713	24.2197725182026	35.7080777340018	37.4489610608714	48.3864804332583	66.157890524441
gene-OW489_RS00550	1.11013746920198	15.2494864003498	12.4563061862797	10.2133530166013	10.1866274596333	8.42009515765613
gene-OW489_RS00555	5.5506873460099	8.97028611785283	8.30420412418646	1.13481700184459	5.09331372981667	6.01435368404009
gene-OW489_RS00560	268.653267546879	332.79761497234	283.173360634758	203.132243330181	213.070291030664	199.676542310131
gene-OW489_RS00565	67.7183856213208	65.4830886603256	58.9598492817239	53.3363990866956	54.3286797847111	43.3033465250886
gene-OW489_RS00570	530.645710278547	818.090093948178	812.981583757854	1177.94004791468	1156.18221666838	1082.58366312722
gene-OW489_RS00575	207.59570674077	246.682868240953	220.061409290941	805.720071309657	642.606415578536	787.880332609252
gene-OW489_RS00605	580.601896392636	542.702310130096	553.890415083237	1437.81314133709	2029.68552133194	1475.92239406344
gene-OW489_RS00610	174.291582664711	155.185949838854	195.148796918382	569.678134925983	606.95321946982	629.101395350593
gene-OW489_RS00615	640.549319729543	1215.47376896906	1186.67076934625	1739.67446382775	1797.09086100365	1554.10899195596
gene-OW489_RS00620	222.027493840396	506.821165658685	448.427022706069	1211.98455797002	1163.82218726311	1036.87457512851
gene-OW489_RS00630	13907.8022141624	9833.22764239027	9495.0269955948	17475.0470114048	17163.6183838605	16505.7922504796
gene-OW489_RS00635	18599.24315901	12208.5594063977	11909.0591344958	29937.607325662	22260.3276561638	30142.7377936721
gene-OW489_RS00640	11428.8652454344	6838.946136251	7050.2693014343	15341.591047937	17796.0381719794	15064.7531077836
gene-OW489_RS00645	119.894846673814	82.526632284246	72.2465758804222	56.7408500922293	51.7820229198028	61.3464075772089
gene-OW489_RS00655	1346.596750142	1318.63205932437	1158.43647532401	2275.3080886984	1939.70364543851	2292.67162435608
gene-OW489_RS00660	234.239006001618	107.643433414234	133.697686399402	242.850838394742	219.861376003753	242.97988883522
gene-OW489_RS00665	2692.0833628148	2256.92398725177	2257.08268095388	4651.61489056096	5018.61179511269	4874.03222554609
gene-OW489_RS00670	235.34914347082	151.597835391713	186.844592794195	216.750047352316	319.180993735178	275.457398729036
gene-OW489_RS00675	129.886083896632	165.950293180277	173.557866195497	323.422845525707	277.585598275008	407.773179777918
gene-OW489_RS00680	906.982312338018	1095.27193498983	1171.72320192271	1461.64429837583	1810.67303094983	1521.63148206214
gene-OW489_RS00685	606.135058184281	400.971789468021	434.309875694952	363.141440590268	422.745039574784	374.092799147294
gene-OW489_RS00695	832.603101901485	873.705867878865	680.114317770871	135.043223219506	168.928238705586	125.098556628034
gene-OW489_RS00700	137.657046181046	210.801723769541	176.049127432753	38.583778062716	33.9554248654445	43.3033465250886
gene-OW489_RS00705	376.336602059471	437.749962551218	323.033540430853	111.21206618077	72.1552778390695	89.0124345237933
gene-OW489_RS00710	1060.18128308789	1215.47376896906	1047.16014005991	916.932137490426	759.75263136432	900.950181869205
gene-OW489_RS00715	2567.74796626418	2988.00230585678	2851.66369624563	4560.82953041339	4325.07224223599	4431.37579440074
gene-OW489_RS00720	2890.79796980196	2325.09816174745	2149.95844775187	3197.91431119805	3114.56134578289	3683.19019610615
gene-OW489_RS00725	789.307740602608	489.777622034764	416.87104703416	1033.81828868042	1028.84937342297	992.368357866615
gene-OW489_RS00730	187.613232295135	188.376008474909	156.119037534705	221.289315359694	262.305657085558	222.531086309483
gene-OW489_RS00735	156.529383157479	272.696697982726	293.968825996201	508.398016826375	601.011020118367	479.945423986399
gene-OW489_RS00740	3.33041240760594	10.7643433414234	4.98252247451188	4.53926800737835	1.69777124327222	0
gene-OW489_RS00745	29.9737116684535	43.0573733656936	39.860179796095	24.9659740405809	9.33774183799723	25.2602854729684
gene-OW489_RS00750	1.11013746920198	8.97028611785283	9.96504494902375	1.13481700184459	3.39554248654445	3.60861221042405
gene-OW489_RS00755	760.444166403357	1552.75652700032	1365.21115801625	477.757957776571	479.620376224403	512.422933880216
gene-OW489_RS00760	797.078702887022	1518.66943975248	1522.9910363758	652.519776060637	692.690667255067	686.839190717378
gene-OW489_RS00770	1551.97218194437	1284.54497207652	1459.04866461956	2856.33439364283	3446.47562384261	3110.62372538553
gene-OW489_RS00775	11046.9779560289	7977.27544460652	8077.49935159617	14531.3317086199	15479.4293105345	14365.8852096982
gene-OW489_RS00780	933.625611598865	6030.72335703246	6294.58672613334	13853.8459585187	12653.4890761079	15013.0296661009
gene-OW489_RS08175	14.4317870996257	6.27920028249698	0.830420412418646	43.1230460700943	20.3732549192667	31.2746391570085
gene-OW489_RS00815	13.3216496304238	9.86731472963811	4.15210206209323	46.5274970756281	28.8621111356278	42.1004757882806
gene-OW489_RS00830	1680.7481283718	767.856491688202	612.019843952542	989.56042560848	1123.92456304621	1045.29467028617
gene-OW489_RS00835	10974.8190205308	4240.25424790903	4074.04254332588	6156.38223500688	5170.56232138556	6278.98524613785
gene-OW489_RS00840	550.628184724182	722.108032487153	717.48323632971	576.48703693705	471.980405629678	496.785614301711
gene-OW489_RS00845	7123.75213986911	4713.88535493166	5053.93862997988	6334.54850429648	6971.04872487575	6325.89720487337
gene-OW489_RS00850	25764.0703852396	14414.3527627777	14980.7842400324	17543.1360315155	20726.3913378673	17726.7060483398
gene-OW489_RS00855	66669.3057129249	38405.3829849751	39354.4537649321	76473.048120303	99753.3982840811	66851.9469395792
gene-OW489_RS00860	20397.6658591172	14609.0079715351	13225.2754881794	27044.9587879602	23570.1581703483	25771.5055361118
gene-OW489_RS00870	107.683334512592	163.259207344921	171.066604958241	110.077249178925	76.39970594725	117.881332207186
gene-OW489_RS00875	1528.65929509113	1237.0024556519	1155.11479367434	1345.89296418768	1237.67523634545	1306.31762017351
gene-OW489_RS00880	951.387811106097	4495.90740226784	3898.82383630554	5455.06532786693	3603.51946384529	4555.27148029196
gene-OW489_RS00885	6286.70848809082	5209.94217724892	4541.56923551758	434.634911706477	482.167033089311	518.437287564256
gene-OW489_RS00890	389.658251689895	428.779676433365	494.100145389094	773.945195258008	629.024245632359	716.910959137579
gene-OW489_RS00900	3819.98303152401	4788.33872970984	4604.68118686139	6200.64009807882	6007.56354431876	5991.49914004074
gene-OW489_RS00910	10232.1370536347	5261.07280812068	5137.81109163416	1486.61027241641	1087.42248131586	1786.26304415991
gene-OW489_RS00915	8104.00352517446	8393.49672047489	8956.0841479351	2220.83687260986	2371.7864268513	2440.62472498347
gene-OW489_RS00920	289.745879461717	270.00561214737	292.307985171363	466.409787758125	451.607150710411	390.932989462606
gene-OW489_RS00925	7391.29526994679	6481.92874876045	6459.00996779223	9935.32285114936	10397.9999794207	9597.70560899117
gene-OW489_RS00930	1971.60414530272	2170.80924052038	2012.10865929038	3385.1591165024	3307.25838189429	3199.63615990933
gene-OW489_RS00935	11079.1719426358	8635.69444565692	8737.68357946899	23516.8127292254	22330.7851627595	23603.9324683837
gene-OW489_RS00940	469.588149472438	483.498421752267	455.900806417837	230.367851374451	247.025715896108	310.340650096469
gene-OW489_RS00945	13422.6721401211	6196.67365021273	6100.26834962737	12925.5656510098	12647.5468767564	16784.8582614191
gene-OW489_RS00950	3193.8654988941	10781.3868850473	9963.38410819891	12269.6414239437	7789.37446413296	10072.8395500303
gene-OW489_RS00960	279.754642238899	217.977952663824	251.61738496285	119.155785193682	95.9240752448806	78.1865978925212
gene-OW489_RS00965	295.296566807727	209.904695157756	183.522911144521	65.819386106986	64.5153072443445	61.3464075772089
gene-OW489_RS00970	236.459280940022	287.04915577129	280.682099397502	173.627001282222	149.403869407956	145.54735915377
gene-OW489_RS00975	186.503094825933	253.859097135235	234.178556302058	264.412361429789	275.0389414101	280.268881676268
gene-OW489_RS00980	1887.23369764337	1265.70737122903	1238.1568349162	1595.55270459349	1265.68846185944	1543.28315532469
gene-OW489_RS00985	6764.06759984767	7302.70992854399	6614.29858491452	6604.6349507355	6170.54958367289	6757.72779938744
gene-OW489_RS00990	1276.65808958228	1264.81034261725	1141.82806707564	1850.88653000852	1856.51285451818	1833.17500289542
gene-OW489_RS00995	6270.05642605279	5075.38788548113	5130.33730792239	9684.52829374171	10429.4087474213	10142.6060527652
gene-OW489_RS01000	3043.99694055183	1688.2078473799	1668.31460854906	2815.48098157642	3347.15600611119	2919.36727823306
gene-OW489_RS01005	61.0575608061089	72.6593175546079	73.9074167052595	46.5274970756281	44.1420523250778	30.0717684202004
gene-OW489_RS01010	343.032477983412	490.67465064655	462.544169717186	71.493471116209	83.1907909203389	64.955019787633
gene-OW489_RS01030	86.5907225977545	126.481034261725	117.089278151029	112.346883182614	104.412931461242	97.4325296814495
gene-OW489_RS01035	1173.41530494649	867.426667596368	803.846959221249	2124.37742745307	1576.38059937826	2334.77210014436
gene-OW489_RS01040	331.931103291392	243.094753793812	298.120928058294	571.947768929672	593.371049523642	588.203790299121
gene-OW489_RS01045	180.952407479923	80.7325750606754	117.089278151029	147.526210239796	182.510408651764	186.444964205243
gene-OW489_RS01050	13.3216496304238	8.97028611785283	9.13462453660511	19.291889031358	27.1643398923556	19.2459317889283
gene-OW489_RS01055	267.543130077677	234.124467675959	399.432218373369	4324.78759402972	12079.6423958819	3870.8380310482
gene-OW489_RS01060	245.340380693638	110.33451924959	158.610298771961	1929.1889031358	2846.31348934588	2022.02570857428
gene-OW489_RS01065	1697.40019040983	639.581400202907	707.518191380686	10079.4446103836	16715.4067756367	10451.7438321249
gene-OW489_RS01070	1406.54417347891	1306.07365875937	1114.42419346582	1114.39029581138	973.67180801662	1092.20662902168
gene-OW489_RS01075	252.00120550885	548.084481800808	480.813418790396	1028.1442036712	867.561105312106	952.67362355195
gene-OW489_RS01080	6862.86983460664	6097.10347430457	7330.12098041939	1747.61818284066	2651.91868199121	1645.52716795337
gene-OW489_RS01085	6142.39061709456	5537.35762055055	7421.46722578544	3319.33973039542	3970.23805239209	3316.31462137971
gene-OW489_RS01090	915.863412091634	1047.72941856521	964.948519230467	2120.97297644753	1868.39725322108	2008.79413046939
gene-OW489_RS01095	563.949834354606	391.104474738383	389.467173424345	819.337875331792	776.730343797042	673.60761261249
gene-OW489_RS01100	11.1013746920198	21.5286866828468	21.5909307228848	34.0445100553376	51.7820229198028	33.6803806306245
gene-OW489_RS01105	2572.18851614099	1740.23550686345	2220.54418280746	4400.82033315331	6467.65955124553	4567.30018766004
gene-OW489_RS01110	9422.84683858641	8141.43168056323	7478.76623424233	5121.42912932462	4527.10702018538	5363.60061542695
gene-OW489_RS01115	3355.94556939759	3841.07651566458	3511.01750370604	2349.07119381829	1875.18833819417	2295.0773658297
gene-OW489_RS01120	520.654473055729	1093.47787776626	901.83656788665	792.102267287522	657.886356767986	874.487025659429
gene-OW489_RS01125	12727.7260844007	8725.39730683544	8005.25277571575	5877.21725255312	4974.46974278761	6560.45699855093
gene-OW489_RS01130	33802.5757997311	27687.6851313645	25877.5608917898	26500.2466270748	23711.9220691615	27156.0097541778
gene-OW489_RS01140	18423.8414388761	14823.3978097518	13716.0539519188	12578.3116484454	8922.63676901717	12729.9810076393
gene-OW489_RS01145	520.654473055729	374.060931114463	411.05810414723	661.598312075394	696.935095363247	696.462156611842
gene-OW489_RS01150	771.545541095376	677.256601897888	635.271615500264	1012.25676564537	1077.23585385623	1060.93198986467
gene-OW489_RS01155	3513.58509002427	1667.57618930884	1498.90884441566	2973.22054483282	2421.87067852783	3291.05433590674
gene-OW489_RS01160	72.1589354981287	121.098862591013	122.90222103796	110.077249178925	160.439382489225	107.055495575914
gene-OW489_RS01165	2837.51137128026	2155.55975412003	2219.71376239504	4750.34396972144	5184.14449133173	4206.43896661764
gene-OW489_RS01170	3177.21343685607	1921.43528644408	1948.99670794656	4245.3504039006	4095.87312439424	4437.39014808478
gene-OW489_RS01175	5794.91758923434	4351.48579577041	4502.5394761339	9700.41573176753	9976.95271108922	9260.90180268493
gene-OW489_RS01180	2121.47270364498	1568.00601340067	1510.53473018952	2480.70996603227	2252.0935542006	2770.21130686887
gene-OW489_RS01185	13045.2254005925	7923.4537278994	7513.64389156391	2697.46001338458	3068.72152221454	2699.24193339719
gene-OW489_RS01190	10639.5575048318	8060.69910550255	7799.30851343592	3094.64596403019	3306.40949627265	2836.36919739331
gene-OW489_RS01195	226.468043717204	258.344240194161	259.921589087036	152.065478247175	167.230467462314	137.127263996114
gene-OW489_RS01200	1260.00602754425	705.961517475017	568.007562094354	734.226600193448	617.139846929453	754.199951978627
gene-OW489_RS01205	1420.97596057853	1607.47527231923	1834.39869103279	4328.19204503525	4369.21429456107	5149.48962427512
gene-OW489_RS01210	1208.93970396096	1085.40462026019	1264.7302881136	3189.97059218513	3949.86479747283	3793.85430389249
gene-OW489_RS01215	412.971138543137	382.13418862053	422.683989921091	972.538170580811	1869.24613884272	1018.83151407639
gene-OW489_RS01220	4556.00417360493	2630.98491836623	2823.4294022234	7859.74255477561	7314.84740163837	7403.66938505335
gene-OW489_RS01225	502.892273548497	1037.86210383557	1106.95040975406	3235.36327225892	3811.49644114614	3164.7529085419
gene-OW489_RS01230	3838.85536850045	2377.125821231	2558.52529066185	5163.41735839287	6905.68453200977	5163.92407311682
gene-OW489_RS01235	376.336602059471	256.550182970591	269.056213623641	517.476552841132	514.424686711484	508.814321669792
gene-OW489_RS01240	2248.02837513401	2720.68777954476	2553.54276818734	4080.80193863313	3897.23388893139	4231.69925209061
gene-OW489_RS01245	220.917356371194	461.072706457635	386.14549177467	377.894061614247	305.598823789	406.57030904111
gene-OW489_RS01250	883.669425484776	879.088039549577	1093.66368315536	2107.3551724254	2800.47366577753	2434.61037129943
gene-OW489_RS01255	2336.83937267017	2108.9142663072	2689.73171582399	5206.54040446296	6165.45626994308	5823.09723688761
gene-OW489_RS01260	683.84468102842	528.349852341531	755.682575300968	1028.1442036712	1521.20303397191	1110.2496900738
gene-OW489_RS01265	1607.47905540447	1539.30109782354	2037.02127166294	2191.3316305619	2712.18956112738	2044.88025257363
gene-OW489_RS01270	864.797088508343	739.151576111073	800.525277571575	581.026304944428	714.761693417606	567.754987773385
gene-OW489_RS01275	747.122516772933	543.599338741881	557.212096732912	359.736989584734	384.545186601158	287.486106097116
gene-OW489_RS01280	179.842270010721	353.429273043401	385.315071362252	172.492184280377	202.034777949395	131.112910312074
gene-OW489_RS01285	58.837285867705	129.172120097081	180.201229494846	182.705537296978	271.643398923556	200.879413046939
gene-OW489_RS01290	1147.88214315485	1446.01012219788	1335.31602316918	897.640248459068	731.739405850328	970.71668460407
gene-OW489_RS01295	1317.73317594275	1233.41434120476	1259.74776563909	499.319480811618	438.024980764233	446.265043355775
gene-OW489_RS01300	3809.9917943012	4578.43403455208	5006.60466647202	1773.71897388309	2476.19935831254	1634.7013313221
gene-OW489_RS01305	23028.6916611259	15961.7271181073	16040.4006862786	11974.5890034641	11880.1542747974	12241.6154884952
gene-OW489_RS01310	32.1939866068574	82.526632284246	74.7378371176781	27.2356080442701	50.9331372981667	30.0717684202004
gene-OW489_RS01315	95.4718223513703	79.8355464488902	92.1766657784697	40.8534120664051	39.8976242168972	25.2602854729684
gene-OW489_RS01320	1611.91960528128	1635.28315928457	1690.73595968436	2043.8054203221	2445.63947593364	2153.13861888635
gene-OW489_RS01325	2641.01703923151	1850.57002611304	1945.67502629689	4323.65277702788	4748.66616743241	4413.33273334862
gene-OW489_RS01330	625.007395160715	801.943578936043	774.782244786597	773.945195258008	878.596618393375	850.429610923269
gene-OW489_RS01340	172.071307726307	181.199779580627	213.418045991592	145.256576236107	144.310555678139	163.59042020589
gene-OW489_RS01345	87.7008600669565	271.799669370941	222.552670528197	165.68328226931	188.452608003217	168.401903153123
gene-OW489_RS01355	14868.0711250221	11594.9918359366	12463.7799699915	18245.5877556573	19745.079559256	18496.5433198969
gene-OW489_RS01360	23210.754206075	12396.0383862608	12476.2362761777	16955.30082456	13960.7729334275	18502.5576735809
gene-OW489_RS01365	3845.51619331566	4526.40637506854	4247.60040952137	5868.13871653836	4003.3445916359	6586.92015476071
gene-OW489_RS01370	386.327839282289	438.646991163003	410.227683734811	489.106127795017	553.473425306745	489.568389880863
gene-OW489_RS01375	148.758420873065	269.108583535585	252.447805375268	239.446387389208	208.825862922483	229.748310730331
gene-OW489_RS01380	237.569418409224	409.045046974089	342.963630328901	222.424132361539	218.163604760481	188.850705678859
gene-OW489_RS01385	613.906020468695	726.593175546079	669.318852409429	468.679421761814	482.167033089311	476.336811775975
gene-OW489_RS01390	7159.27653888357	5803.77511825078	5659.31511063307	5734.2303103207	5679.89369436722	5446.59869626671
gene-OW489_RS01395	2285.77304908688	1817.37996747698	1927.40577722368	2580.57386219459	2803.86920826408	3125.05817422723
gene-OW489_RS01400	1107.91719426358	1507.00806779927	1581.95088565752	1703.36031976872	1396.4168475914	1916.17308373517
gene-OW489_RS01405	1221.15121612218	2271.27644504034	2255.42184012904	3332.95753441755	3321.6894374621	3328.34332874779
gene-OW489_RS01415	1597.48781818165	1132.94713668481	1310.40341079662	1080.34578575605	1050.07151396387	1123.48126817869
gene-OW489_RS01420	822.611864678667	666.492258556465	613.680684777379	539.038075876179	522.913542927845	473.931070302359
gene-OW489_RS01425	13882.2690523708	4740.79621328522	4581.42941531367	9931.91840014382	9934.50843000741	9849.10559298405
gene-OW489_RS01430	6156.82240419418	4244.73939096796	4746.68307738498	9593.74293359414	9347.07957983522	10256.878772762
gene-OW489_RS01435	1710.72184004025	1752.79390742844	2030.37790836359	2799.5935435506	3155.30785562143	3001.16248833601
gene-OW489_RS01440	1116.79829401719	1339.26371739543	1287.98205966132	2190.19681356005	2155.32059333409	2406.94434435284
gene-OW489_RS01445	1589.71685589724	935.60084209205	965.778939642885	2090.33291739773	1862.45505386963	2429.7988883522
gene-OW489_RS01450	438.504300334782	560.642882365802	638.593297149939	1189.28821793313	1630.70927916297	1515.6171283781
gene-OW489_RS01455	2408.9983081683	1959.11048813906	2053.62967991131	3744.89610608714	3375.16923162518	4542.03990218708
gene-OW489_RS01460	968.039873144127	1099.75707804876	1254.76524316457	1213.11937497186	1296.24834423834	1593.80372627062
gene-OW489_RS01465	77.7096228441386	69.0712031074668	59.7902696941425	23.8311570387363	18.6754836759945	27.6660269465844
gene-OW489_RS01470	254.221480447253	905.998897903135	1025.56920933703	1140.49108685381	1240.22189321036	1217.30518564971
gene-OW489_RS01475	676.073718744006	880.882096773148	1238.98725532862	948.707013542075	1904.0504493298	1046.49754102298
gene-OW489_RS01480	1132.34021858602	796.561407265331	1203.27917759462	835.225313357616	1984.69458338523	1015.22290186597
gene-OW489_RS01485	45.5156362372812	108.540462026019	112.106755676517	172.492184280377	136.670585083414	161.184678732274
gene-OW489_RS01490	83.2603101901485	123.789948426369	82.2116208294459	261.007910424255	196.941464219578	357.252608831981
gene-OW489_RS01505	1397.66307372529	692.506088298238	598.733117353844	1493.41917442748	1315.77271353597	1537.26880164065
gene-OW489_RS01510	32.1939866068574	54.7187453189022	30.7255552594899	4.53926800737835	18.6754836759945	10.8258366312722
gene-OW489_RS01515	105.463059574188	60.9979456013992	68.094473818329	15.8874380258242	15.27994118945	22.8545439993523
gene-OW489_RS01520	0	0	2.49126123725594	3.40445100553376	2.54665686490833	7.21722442084811
gene-OW489_RS01525	197.604469517953	269.108583535585	297.290507645875	208.806328339404	284.376683248097	208.096637467787
gene-OW489_RS01530	8374.87706765974	7069.48248947981	7457.17530351944	14382.6706813783	15055.8353853381	14211.9177553867
gene-OW489_RS01535	133.216496304238	179.405722357057	175.218707020334	356.3325385792	185.905951138308	368.078445463254
gene-OW489_RS01540	484.019936572063	317.54812857199	308.916393419736	220.15449835785	239.385745301383	164.793290942698
gene-OW489_RS01545	2695.41377522241	2451.57919600918	2520.32595169059	2036.99651831103	2011.01003765595	1898.13002268305
gene-OW489_RS01550	712.708255227671	568.716139871869	589.598492817239	554.925513902003	471.980405629678	540.0889608268
gene-OW489_RS01555	52.1764610524931	59.2038883778287	77.2290983549341	87.3809091420332	113.750673299239	143.141617680154
gene-OW489_RS01560	182.062544949125	218.874981275609	204.283421454987	276.895348450079	256.363457734106	383.715765041758
gene-OW489_RS01565	177.621995072317	504.130079823329	544.755790546632	663.867946079083	508.482487360031	653.158810086754
gene-OW489_RS01570	381.887289405481	463.763792292991	472.50921466621	207.671511337559	196.941464219578	198.473671573323
gene-OW489_RS01575	2465.6153190976	2941.35681804394	2823.4294022234	5344.988078688	4917.59440613799	5186.77861711617
gene-OW489_RS01580	243.120105755234	289.740241606646	328.016062905365	326.827296531241	314.087680005361	277.863140202652
gene-OW489_RS01585	174.291582664711	252.96206852345	305.594711770062	967.998902573433	1342.08816780669	884.109991553893
gene-OW489_RS01590	314.16890378416	127.37806287351	191.827115268707	621.879717010834	1097.60910877549	629.101395350593
gene-OW489_RS01595	896.9910751152	1137.43227974374	1072.90317284489	1209.71492396633	1590.81165494607	1110.2496900738
gene-OW489_RS01600	577.27148398503	560.642882365802	565.516300857098	483.432042785794	789.463628121584	537.683219353184
gene-OW489_RS01605	1960.5027706107	3336.94643584125	4032.52152270494	6836.13761911179	7163.74576098714	6995.89620527543
gene-OW489_RS01615	176.511857603115	269.108583535585	250.786964550431	249.659740405809	205.430320435939	297.10907199158
gene-OW489_RS01620	641.659457198745	918.557298468129	915.953714897767	4707.22092365135	4008.43790536572	3995.93658767624
gene-OW489_RS01625	14.4317870996257	24.2197725182026	14.9475674235356	64.6845691051414	51.7820229198028	79.3894686293292
gene-OW489_RS01630	12.2115121612218	43.9544019774789	32.3863960843272	3.40445100553376	7.639970594725	10.8258366312722
gene-OW489_RS01635	2418.98954539112	4843.95450364053	5258.22205143487	9201.09625095591	7947.26718975728	7940.14973366973
gene-OW489_RS01640	275.314092362091	384.825274455886	374.519606000809	431.230460700943	355.683075465531	323.572228201357
gene-OW489_RS01645	3106.16463882714	2531.41474245807	3334.96837627328	5684.29836223954	8642.50451387725	6079.30870382772
gene-OW489_RS01650	955.828360982905	723.902089710723	915.953714897767	1575.12599856029	2926.95762340131	1625.07836542763
gene-OW489_RS01655	4980.07668684008	4302.14922212222	5623.60703289907	9062.64857673087	15324.9321273967	8446.5583138659
gene-OW489_RS01660	2566.63782879498	1749.2057929813	1978.89184279363	2267.36436968548	2946.48199269894	2877.26680244478
gene-OW489_RS01665	1879.46273535895	2008.44706178725	1983.04394485573	3209.26248121649	2021.19666511558	3475.09355863836
gene-OW489_RS01670	54.396735990897	148.009720944572	131.206425162146	141.852125230573	127.332843245417	108.258366312722
gene-OW489_RS01675	668.302756459592	387.516360291242	328.016062905365	363.141440590268	373.509673519889	417.396145672382
gene-OW489_RS01680	1581.94589361282	1349.13103212507	1285.49079842406	1610.30532561747	1505.92309278246	1557.71760416638
gene-OW489_RS01685	1476.48283403863	1368.86566158434	1253.10440233974	1008.85231463984	1002.53391915225	846.820998712845
gene-OW489_RS01690	940.286436414077	918.557298468129	968.270200880141	583.295938948118	558.566739036561	502.799967985751
gene-OW489_RS01695	1232.2525908142	1251.35491344047	1374.34578255286	1474.12728539612	1431.22115807848	1123.48126817869
gene-OW489_RS01700	5380.836313222	1994.09460399868	2130.85877826625	7096.0107125342	7608.56182672447	6402.88093202908
gene-OW489_RS01705	10159.9781181365	10756.2700839173	11705.6061334532	84981.9060001337	88474.2550294021	83023.3411252262
gene-OW489_RS01710	1391.00224891008	1384.11514798469	1310.40341079662	1175.67041391099	1113.73793558658	1080.1779216536
gene-OW489_RS01715	633.888494914331	421.603447539083	382.823810124996	522.01582084851	531.402399144206	443.859301882159
gene-OW489_RS01720	1171.19503000809	1502.52292474035	1434.96647265942	1118.92956381876	969.427379908439	1189.63915870313
gene-OW489_RS01725	5728.30934108222	4624.18249375313	4440.2579452025	5747.84811434283	5335.24613198296	5177.15565122171
gene-OW489_RS01730	6392.171547665	4294.07596461615	4086.49884951216	7013.16907139955	5796.19102453137	6827.49430212231
gene-OW489_RS01735	734.911004611711	602.80322711971	515.691076111979	465.274970756281	594.219935145278	481.148294723207
gene-OW489_RS01740	1651.88455417255	1105.13924971947	1058.78602583377	952.111464547608	973.67180801662	844.415257239229
gene-OW489_RS01745	1226.70190346819	1942.06694451514	1759.66085391511	1187.01858392944	1083.17805320768	1086.19227533764
gene-OW489_RS01750	17.7621995072317	38.5722303067672	39.860179796095	6.80890201106752	3.39554248654445	9.62296589446414
gene-OW489_RS01755	3977.6225521507	3984.60109355023	4011.76101239448	3631.41440590268	2825.94023442662	3811.89736494461
gene-OW489_RS01760	4127.49111049296	2915.34298830217	2967.09213357182	4209.03625984157	3863.27846406594	4442.20163103201
gene-OW489_RS01765	4201.8703209295	2816.66984100579	2825.09024304823	1046.30127570071	1178.25324283092	1071.75782649594
gene-OW489_RS01770	769.325266156972	732.872375828576	653.540864573474	201.997426328336	218.163604760481	200.879413046939
gene-OW489_RS01775	1672.97716608738	1788.67505189985	1714.8181516445	228.098217370762	346.345333627533	221.328215572675
gene-OW489_RS01780	328.600690883786	272.696697982726	249.956544138012	74.8979221217427	84.039676541975	98.6354004182575
gene-OW489_RS01785	310.838491376554	359.708473325898	446.766181881232	72.6282881180536	157.892725624317	51.7234416827448
gene-OW489_RS01790	28.8635741992515	61.8949742131845	51.4860655699561	30.6400590498038	23.7687974058111	20.4488025257363
gene-OW489_RS01795	79.9298977825426	200.934409039903	171.066604958241	278.030165451924	204.581434814303	245.385630308836
gene-OW489_RS01800	132.106358835036	306.783785230567	272.377895273316	284.839067462991	267.398970815375	270.645915781804
gene-OW489_RS01805	63.2778357445129	69.0712031074668	52.3164859823747	34.0445100553376	45.83982356835	25.2602854729684
gene-OW489_RS01810	2334.61909773176	1568.00601340067	2149.95844775187	5475.49203390013	7550.83760445321	5433.36711816182
gene-OW489_RS01815	1150.10241809325	806.428721994969	884.397739225858	2162.96120551578	2963.45970513167	2320.33765130267
gene-OW489_RS01820	1165.64434266208	891.646440114571	1127.71092006452	2010.89572726861	2536.4702374487	1916.17308373517
gene-OW489_RS01825	942.506711352481	735.563461663932	807.168640870924	1770.31452287756	2314.06220458004	1752.58266352928
gene-OW489_RS01830	921.414099437644	1528.53675448212	1631.77611040264	4256.69857391904	3980.42467985173	4331.53752324567
gene-OW489_RS01835	4953.43338757924	3228.40597381523	3589.07702247339	6959.83267231285	8729.09084728413	7692.35836188727
gene-OW489_RS01840	245.340380693638	339.973843866622	407.736422497555	411.938571669585	695.237324119975	517.234416827448
gene-OW489_RS01845	1747.35637652392	1467.53880888072	1736.40908236739	995.234510617703	1801.33528911183	958.68797723599
gene-OW489_RS01850	382.997426874683	496.056822317261	520.673598586491	402.860035654828	474.527062494586	344.021030727093
gene-OW489_RS01855	255.331617916455	444.029162833715	416.040626621742	415.343022675119	323.425421843358	366.875574726446
gene-OW489_RS01860	84.3704476593505	129.172120097081	114.598016913773	118.020968191837	63.6664216227084	119.084202943994
gene-OW489_RS01865	2272.45139945645	1996.78568983404	2184.00568466104	3107.12895105048	3049.19715291691	3125.05817422723
gene-OW489_RS01870	1286.6493268051	1174.21045282694	1238.1568349162	1277.803944077	1409.99901753758	1254.59417849076
gene-OW489_RS01875	542.857222439768	593.832941001857	552.2295742584	646.845691051415	499.144745522034	716.910959137579
gene-OW489_RS01880	4631.49352151066	2615.73543196588	2510.36090674157	2158.4219375084	1970.26352781741	2215.68789720037
gene-OW489_RS01885	304.177666561343	472.734078410844	419.362308271416	195.188524317269	229.19911784175	175.619127573971
gene-OW489_RS01890	1910.54658449661	1278.26577179403	1119.40671594033	832.955679353927	711.366150931061	805.923393661372
gene-OW489_RS01895	210.926119148376	229.639324617032	203.453001042568	274.62571444639	235.141317193203	239.371276624796
gene-OW489_RS01900	2203.62287636593	1805.71859552377	1853.49836051842	1088.28950476896	1042.43154336914	1010.41141891874
gene-OW489_RS01905	243.120105755234	308.577842454137	339.641948679226	394.916316641916	485.562575575856	387.324377252182
gene-OW489_RS01910	656.09124429837	813.604950889251	812.981583757854	939.628477527318	1308.13274294125	839.603774291997
gene-OW489_RS01915	548.407909785778	679.947687733244	694.231464781988	821.607509335481	835.303451689934	773.445883767556
gene-OW489_RS01920	853.695713816323	816.296036724607	807.999061283343	966.864085571588	868.409990933742	1048.90328249659
gene-OW489_RS01925	260.882305262465	280.769955488793	268.225793211223	226.963400368917	174.021552435403	199.676542310131
gene-OW489_RS01930	703.827155474056	958.923585998467	931.731702733721	851.11275138344	820.87239612212	912.978889237286
gene-OW489_RS01935	762.66444134176	1152.68176614409	998.165335727213	928.280307508872	994.045062935886	813.14061808222
gene-OW489_RS01940	1435.40774767816	1168.82828115622	1023.07794809977	764.866659243252	603.557676983275	725.331054295235
gene-OW489_RS01945	494.011173794881	372.266873890892	345.454891566157	263.277544427944	323.425421843358	222.531086309483
gene-OW489_RS01950	912.532999684028	984.040387128455	957.474735518699	596.913742970253	668.921869849256	630.304266087401
gene-OW489_RS01955	517.324060648123	658.419001050397	525.656121061003	157.739563256398	111.204016434331	110.664107786338
gene-OW489_RS01960	11529.8877551318	7965.61407265331	11407.4852053949	1234.68089800691	2369.23976998639	1388.11283027645
gene-OW489_RS01965	4036.4598380184	4181.0503595312	4433.61458190315	1797.55013092183	1757.19323678675	1635.9042020589
gene-OW489_RS01970	2886.35741992515	6066.60450150387	5812.1124665181	2821.15506658564	1934.6103317087	2975.90220286304
gene-OW489_RS01975	3438.09574211853	5173.16400416573	4745.85265697256	2841.58177261885	1831.04628586909	3167.15865001551
gene-OW489_RS01980	9120.88944696347	6502.56040683151	6569.45588264391	3073.08444099514	3394.69360092281	3233.31654053995
gene-OW489_RS01985	1378.79073674886	713.1377463693	836.233355305577	583.295938948118	1052.61817082878	524.451641248296
gene-OW489_RS01990	1106.80705679437	592.038883778287	714.991975092454	593.509291964719	1137.50673299239	541.291831563608
gene-OW489_RS01995	421.852238296753	279.872926877008	434.309875694952	261.007910424255	596.766592010186	274.254527992228
gene-OW489_RS02000	1613.02974275048	737.357518887502	1032.21257263638	744.439953210049	1722.38892629967	641.130102718674
gene-OW489_RS02005	1607.47905540447	1163.44610948551	1527.97355885031	882.887627435089	1859.05951138308	811.937747345412
gene-OW489_RS02010	1141.22131833964	1300.69148708866	1257.25650440183	657.059044068016	601.859905740003	564.14637556296
gene-OW489_RS02015	1756.23747627753	2138.51621049611	2123.38499455448	4676.58086460154	5820.80870755882	4966.65327228031
gene-OW489_RS02020	788.197603133406	588.450769331145	784.74728973562	913.527686484892	1040.73377212587	1164.37887323016
gene-OW489_RS02025	75.4893479057347	77.1444606135343	69.7553146431663	68.0890201106752	83.1907909203389	121.48994441761
gene-OW489_RS02030	162.080070503489	162.362178733136	181.862070319683	24.9659740405809	39.8976242168972	28.8688976833924
gene-OW489_RS02035	1293.31015162031	853.971238419589	758.173836538224	274.62571444639	209.67474854412	316.355003780509
gene-OW489_RS02040	6708.56072638757	3493.02941429189	3518.4912874178	4241.94595289507	4022.0200753119	4638.26956113172
gene-OW489_RS02055	426.29278817356	449.411334504427	400.262638785787	436.904545710166	501.691402386942	452.279397039815
gene-OW489_RS02060	1412.09486082492	1513.28726808177	1635.92821246473	1344.75814718584	1572.13617127008	1244.9712125963
gene-OW489_RS02065	970.260148082531	1141.02039419088	1114.42419346582	1520.65478247175	1521.20303397191	1528.84870648299
gene-OW489_RS02070	12927.5508288571	7005.79345804306	6825.22536966885	48845.9282103966	50493.4145461592	51919.5096128445
gene-OW489_RS02075	12844.2905186669	10304.1676635775	10034.8002636669	5739.90439532992	5746.95565847647	6078.10583309091
gene-OW489_RS02080	3243.82168500819	4472.58465836142	4208.5706501377	3253.52034428843	2389.61302490565	3309.09739695886
gene-OW489_RS02085	727.140042327297	988.525530187381	984.048188716096	1693.14696675212	1754.64657992184	1569.74631153446
gene-OW489_RS02090	592.813408553857	740.048604722858	822.946628706878	1869.04360203803	1878.58388068071	1775.43720752863
gene-OW489_RS02095	1887.23369764337	1763.55825076987	1767.13463762688	3723.33458305209	3204.54322167632	4372.43512829715
gene-OW489_RS02100	3307.0995207527	4258.19482014474	3996.81344497094	2973.22054483282	2518.64363939434	3321.12610432694
gene-OW489_RS02105	2938.53388097764	2622.01463224838	2373.34153869249	3203.58839620727	2735.10947291155	3331.95194095821
gene-OW489_RS02110	871.457913323555	621.640827967201	583.785549930308	448.252715728612	487.260346819128	473.931070302359
gene-OW489_RS02115	98.8022347589763	148.009720944572	117.919698563448	71.493471116209	66.2130784876167	36.0861221042405
gene-OW489_RS02120	132.106358835036	182.993836804198	170.236184545822	97.5942621586345	129.030614488689	122.692815154418
gene-OW489_RS02125	378.556876997875	430.573733656936	375.350026413228	76.0327391235873	115.448444542511	90.2153052606013
gene-OW489_RS02130	496.231448733285	636.890314367551	616.171946014635	179.301086291445	167.230467462314	165.996161679506
gene-OW489_RS02135	11.1013746920198	20.6316580710615	30.7255552594899	7.94371901291211	3.39554248654445	1.20287073680802
gene-OW489_RS02140	988.022347589762	1287.23605791188	1307.08172914695	810.259339317035	1111.19127872167	970.71668460407
gene-OW489_RS02145	993.573034935772	1007.36313103487	1068.7510707828	991.830059612169	807.290226175942	1053.71476544382
gene-OW489_RS02150	62.1676982753109	94.1880042374547	99.6504494902375	91.9201771494115	89.1329902717917	91.4181759974094
gene-OW489_RS02155	432.953612988772	522.070652059035	409.397263322392	229.233034372607	299.656624437547	297.10907199158
gene-OW489_RS02160	4.44054987680792	12.558400564994	7.47378371176781	4.53926800737835	5.94219935145278	3.60861221042405
gene-OW489_RS02205	520.654473055729	349.84115859626	375.350026413228	242.850838394742	185.905951138308	161.184678732274
gene-OW489_RS02210	2551.09590422615	1824.55619637127	1792.04724999944	2299.13924573713	2185.88047571299	2130.284074887
gene-OW489_RS02215	3528.01687712389	3149.46745597813	3117.3982282196	5250.7982675349	4546.63138948301	5390.06377163673
gene-OW489_RS02220	72.1589354981287	114.819662308516	102.141710727493	219.019681356005	150.252755029592	194.865059362899
gene-OW489_RS02225	4474.96413835318	3229.30300242702	3227.84414307128	4146.62132474012	3678.22139854927	3963.45907778242
gene-OW489_RS02230	2006.01840684798	2057.78363543544	1993.83941021717	2512.48484208392	2284.35120782278	2185.61612878017
gene-OW489_RS02235	1368.79949952604	1062.97890496556	987.36987036577	728.552515184225	835.303451689934	678.419095559722
gene-OW489_RS02240	3756.7051957795	2442.60890989132	2335.97262013365	2327.50967078325	2247.84912609242	2386.49554182711
gene-OW489_RS02245	3763.36602059471	2337.65656231245	2142.48466404011	2804.13281155797	2554.29683550306	2770.21130686887
gene-OW489_RS02250	418.521825889147	385.722303067672	313.898915894248	220.15449835785	285.225568869733	193.662188626091
gene-OW489_RS02260	3025.1246035754	3589.9085043647	3468.66606267268	2054.0187733387	1848.87288392345	1922.18743741921
gene-OW489_RS02265	639.439182260341	470.042992575488	465.035430954442	293.917603477748	292.016653842822	263.428691360956
gene-OW489_RS02270	2736.48886158288	2917.13704552574	2569.32075602329	2116.43370844015	1850.57065516672	2111.03814309807
gene-OW489_RS02275	1427.63678539375	1951.03723063299	1928.2361976361	1365.18485321904	1545.82071699936	1314.73771533116
gene-OW489_RS02280	3335.96309495195	2105.32615186006	2071.0685085721	2249.20729765597	2066.1876030623	2255.38263151503
gene-OW489_RS02285	179.842270010721	287.946184383076	269.88663403606	119.155785193682	123.937300758872	73.3751149452891
gene-OW489_RS02290	25.5331617916455	47.54251642462	45.6731226830255	9.0785360147567	5.09331372981667	4.81148294723207
gene-OW489_RS02295	1080.16375753353	1336.57263156007	1248.12187986522	553.790696900158	385.394072222795	511.220063143408
gene-OW489_RS02300	935.845886537269	634.199228532195	679.283897358452	1079.2109687542	1089.12025255913	1039.28031660213
gene-OW489_RS02305	89.9211350053604	92.3939470138841	74.7378371176781	139.582491226884	139.217241948322	133.51865178569
gene-OW489_RS02310	974.700697959339	1027.99478910593	909.310351598417	899.909882462757	826.814595473573	934.63056249983
gene-OW489_RS02315	124.335396550622	139.039434826719	148.645253822938	100.998713164168	107.808473947786	68.563631998057
gene-OW489_RS02320	65.4981106829168	72.6593175546079	69.7553146431663	59.0104840959185	56.8753366496195	46.9119587355127
gene-OW489_RS02335	438.504300334782	350.738187208046	334.659426204714	371.08515960318	333.612049302992	446.265043355775
gene-OW489_RS02340	5467.42703581975	5000.03748209117	5154.41949988254	2300.27406273898	2432.05730598746	2455.05917382516
gene-OW489_RS02345	953.608086044501	1123.97685056696	1033.87341346121	789.832633283832	691.841781633431	827.575066923916
gene-OW489_RS02355	460.707049718822	765.165405852846	713.331134267617	1470.72283439058	898.969873312642	1631.09271911167
gene-OW489_RS02360	1644.11359188813	1601.19607203673	1561.19037534705	877.213542425866	1047.52485709896	840.806645028805
gene-OW489_RS02365	1762.89830109274	1401.15869160861	1311.23383120904	1177.94004791468	1051.76928520714	1098.22098270572
gene-OW489_RS02370	1099.03609450996	775.032720582484	876.92395551409	1017.93085065459	1324.26156975233	1115.06117302103
gene-OW489_RS02375	11530.997892601	8853.67239832074	8696.16255884806	14431.4678124576	11263.0144278679	15609.6535515576
gene-OW489_RS02380	1640.78317948053	2285.6289028289	2430.64054714938	2616.88800625362	2958.36639140185	2471.89936414048
gene-OW489_RS02385	4336.19695470293	4895.98216312407	4759.13938357126	7321.83929590127	6038.12342669766	7389.23493621165
gene-OW489_RS02390	701.606880535652	789.385178371049	858.65470644088	620.744900008989	492.353660548945	593.015273246353
gene-OW489_RS02395	56.617010929301	177.611665133486	171.066604958241	48.7971310793172	18.6754836759945	32.4775098938165
gene-OW489_RS02400	215.366669025184	349.84115859626	287.325462696852	154.335112250864	161.288268110861	122.692815154418
gene-OW489_RS02405	15.5419245688277	21.5286866828468	20.7605103104661	9.0785360147567	7.639970594725	3.60861221042405
gene-OW489_RS02410	284.195192115707	359.708473325898	301.442609707969	138.44767422504	176.568209300311	128.707168838458
gene-OW489_RS02415	248.670793101244	339.973843866622	304.764291357643	132.773589215817	111.204016434331	90.2153052606013
gene-OW489_RS02420	1288.8696017435	1076.43433414234	1101.13746686712	705.856175147333	555.171196550017	697.66502734865
gene-OW489_RS02425	1248.90465285223	1820.07105331234	1763.8129559772	797.776352296745	784.370314391767	732.548278716083
gene-OW489_RS02430	2084.83816716132	1872.09871279588	1944.01418547205	2936.90640077379	2786.04261020972	2659.54719908253
gene-OW489_RS02435	477.359111756852	680.84471634503	578.803027455796	1071.26724974129	878.596618393375	1023.64299702362
gene-OW489_RS02440	117.67457173541	183.890865415983	202.62258063015	68.0890201106752	61.1197647578	38.4918635778566
gene-OW489_RS02445	408.530588666329	373.163902502678	366.215401876623	332.501381540464	258.061228977378	336.803806306245
gene-OW489_RS02450	326.380415945382	643.169514650048	589.598492817239	283.704250461147	297.958853194275	359.658350305597
gene-OW489_RS02455	340.812203045008	467.351906740132	509.04771281263	195.188524317269	284.376683248097	210.502378941403
gene-OW489_RS02460	147.648283403863	303.195670783426	289.816723934107	191.784073311735	178.265980543583	203.285154520555
gene-OW489_RS02465	7692.14252410052	5478.15373217272	6679.90179749559	10829.5586486029	13659.4185377467	11677.4691129322
gene-OW489_RS02470	425.182650704358	723.902089710723	994.843654077538	983.886340599257	1730.87778251603	928.61620881579
gene-OW489_RS02475	8500.32260167956	4033.93766719842	4214.38359302463	3108.26376805232	3027.97501237601	3265.79405043377
gene-OW489_RS02480	1269.99726476707	830.648494513172	871.941433039578	490.240944796862	399.825127790608	366.875574726446
gene-OW489_RS02485	5639.49834354606	5475.46264633737	5180.99295307993	3138.90382710213	2971.94856134803	3085.36343991257
gene-OW489_RS02490	209.815981679174	223.360124334535	173.557866195497	80.5720071309657	119.692872650692	85.4038223133693
gene-OW489_RS02495	752.673204118943	624.331913802557	573.820504981284	163.413648265621	202.883663571031	205.690895994171
gene-OW489_RS02500	2716.50638713725	2548.45828608199	2468.00946570822	5671.81537521924	4981.2608277607	6459.41585665906
gene-OW489_RS02505	620.566845283907	757.989176958564	644.406240036869	474.353506771037	450.758265088775	431.830594514078
gene-OW489_RS02510	3753.3747833719	3073.22002397638	3073.38594636141	5718.34287229487	5566.14302106798	5829.11159057166
gene-OW489_RS02515	377.446739528673	406.353961138733	382.823810124996	322.288028523863	364.171931681892	359.658350305597
gene-OW489_RS02520	2100.38009173015	2148.38352522575	2049.47757784922	1777.12342488862	1681.64241646114	1569.74631153446
gene-OW489_RS02525	9178.61659536197	9540.79631494827	9084.79931185999	6193.83119606775	5254.60199792753	5997.51349372478
gene-OW489_RS02530	2389.01583372266	2002.16786150475	1970.58763866945	352.928087573667	435.478323899325	418.59901640919
gene-OW489_RS02535	5224.30693006452	6205.64393633059	5850.31180548936	22408.0965184232	15953.1074874074	22715.0109938826
gene-OW489_RS02540	15957.1159823093	6609.30681163396	7158.22395504873	30254.2212691767	32176.1606024952	32547.2763965514
gene-OW489_RS02545	530.645710278547	673.668487450747	861.976388090555	1241.48980001798	2307.27111960695	1107.84394860018
gene-OW489_RS02550	1373.24004940285	1265.70737122903	1880.07181371581	1458.23984737029	2842.91794685934	1412.17024501261
gene-OW489_RS02555	882.559288015574	654.830886603256	759.004256950642	675.216116097529	889.632131474645	709.693734716731
gene-OW489_RS02560	361.904814959846	287.946184383076	336.320267029552	309.805041503572	338.705363032808	292.297589044348
gene-OW489_RS02565	860.356538631535	757.989176958564	705.857350555849	697.912456134421	663.828556119439	600.232497667201
gene-OW489_RS02570	122.115121612218	153.391892615283	175.218707020334	135.043223219506	96.7729608665167	132.315781048882
gene-OW489_RS02575	476.24897428765	402.765846691592	407.736422497555	384.702963625315	418.500611466603	390.932989462606
gene-OW489_RS02580	22.2027493840396	17.9405722357057	29.8951348470713	23.8311570387363	25.4665686490833	24.0574147361604
gene-OW489_RS02585	563.949834354606	592.935912390072	514.860655699561	459.600885747058	549.228997198564	523.248770511488
gene-OW489_RS02590	3784.45863250955	3334.2553500059	3310.05576390072	2933.50194976826	2726.62061669519	2864.03522433989
gene-OW489_RS02595	175.401720133913	250.270982688094	269.056213623641	188.379622306201	252.967915247561	168.401903153123
gene-OW489_RS02600	216.476806494386	178.508693745271	225.043931765453	312.074675507261	345.496448005897	338.006677043053
gene-OW489_RS02605	466.257737064832	521.173623447249	544.755790546632	790.967450285677	826.814595473573	956.282235762374
gene-OW489_RS02610	456.266499842014	629.714085473268	575.481345806122	916.932137490426	749.566003904686	1047.70041175978
gene-OW489_RS02615	1485.36393379225	2129.54592437826	2002.14361434136	610.531546992388	584.882193307281	530.465994932336
gene-OW489_RS02620	2320.18731063214	1978.84511759833	2138.33256197801	1863.36951702881	2180.78716198317	1579.36927742893
gene-OW489_RS02625	4842.41964065904	2944.94493249108	2773.60417747828	3711.98641303364	3676.523627306	3317.51749211651
gene-OW489_RS02630	9737.01574237057	7373.57518887502	7676.40629239796	11769.1871261302	11399.6850129513	11230.0011988397
gene-OW489_RS02635	984.691935182157	795.664378653546	910.971192423255	684.294652112286	897.27210206937	661.57890524441
gene-OW489_RS02640	768.21512868777	948.159242657044	927.579600671628	369.950342601335	464.340435034953	376.49854062091
gene-OW489_RS02645	391.878526628299	397.38367502088	412.718944972067	200.862609326492	354.834189843895	198.473671573323
gene-OW489_RS02650	1556.41273182118	1476.50909499858	1699.04016380855	2032.45725030365	2511.00366879962	2180.80464583294
gene-OW489_RS02655	3270.46498426903	2978.13499112714	3021.89988079145	2642.98879729604	2740.20278664137	2501.97113256068
gene-OW489_RS02660	15448.6730214148	11935.862708415	11759.5834602604	13480.4911649118	14089.8035479162	13267.6642269924
gene-OW489_RS02665	381.887289405481	314.857042736634	303.103450532806	240.581204391052	232.594660328295	264.631562097764
gene-OW489_RS02670	1024.65688407343	1341.057774619	1343.62022729337	1135.95181884643	1190.98652715546	1034.4688336549
gene-OW489_RS02685	4.44054987680792	11.6613719532087	6.64336329934917	6.80890201106752	5.09331372981667	1.20287073680802
gene-OW489_RS02690	22.2027493840396	70.8652603310373	60.6206901065612	32.909693053493	38.199852973625	26.4631562097764
gene-OW489_RS02695	198.714606987154	327.415443301628	311.407654656992	192.91889031358	202.883663571031	178.024869047587
gene-OW489_RS02700	1395.44279878689	1472.92098055143	1431.64479100975	1898.54884408599	1915.9348480327	1798.29175152799
gene-OW489_RS02705	821.501727209465	1183.18073894479	1087.02031985601	1444.62204334816	1405.7545894294	1355.63532038264
gene-OW489_RS02710	4527.14059940568	4655.57849516562	4727.58340789935	9404.22849428609	10089.0056131452	8602.93150965095
gene-OW489_RS02715	2598.83181540184	1019.02450298808	1029.72131139912	2328.64448778509	2614.56771463922	2417.77018098412
gene-OW489_RS02720	6899.50437109031	6060.32530122137	6247.25276262547	16107.5925241821	18300.2762312313	14994.9866050488
gene-OW489_RS02725	266.432992608475	475.4251642462	442.614079819138	262.1427274261	307.296595032272	293.500459781156
gene-OW489_RS02730	1.11013746920198	9.86731472963811	7.47378371176781	1.13481700184459	0	1.20287073680802
gene-OW489_RS02735	25166.8164268089	21794.2071519352	22067.5920396131	47193.6346557108	41086.9129728094	48064.3089013748
gene-OW489_RS08110	5.5506873460099	1.79405722357057	1.66084082483729	1.13481700184459	2.54665686490833	0
gene-OW489_RS02755	1546.42149459836	1399.36463438504	1394.27587245091	2666.81995433478	2481.29267204235	2447.84194940432
gene-OW489_RS02760	11.1013746920198	11.6613719532087	18.2692490732102	18.1570720295134	11.8843987029056	12.0287073680802
gene-OW489_RS02765	152.088833280671	215.286866828468	245.804442075919	203.132243330181	226.652460976842	128.707168838458
gene-OW489_RS02770	22.2027493840396	48.4395450364053	23.2517715477221	12.4829870202905	16.1288268110861	14.4344488416962
gene-OW489_RS02775	6796.26158645452	4214.24041816726	4552.36470087902	9265.78082006105	8291.91475214154	10496.2500493868
gene-OW489_RS02780	351.913577737028	557.054767918661	666.827591172173	766.001476245096	970.276265530075	986.354004182575
gene-OW489_RS02785	29.9737116684535	80.7325750606754	87.1941433039578	144.121759234263	206.279206057575	157.57606652185
gene-OW489_RS02790	59.9474233369069	109.437490637804	88.0245637163765	21.5615230350471	54.3286797847111	28.8688976833924
gene-OW489_RS02800	3837.74523103125	3149.46745597813	3036.84744821499	6846.35097212839	5569.53856355453	6870.7976486474
gene-OW489_RS02805	9164.18480826235	8841.11399775575	8535.06099883884	9516.57537746871	7464.25127104633	9470.20131088953
gene-OW489_RS02840	5446.33442390492	5162.3996608243	5222.51397370086	2817.75061558011	3242.74307464995	2861.62948286627
gene-OW489_RS02845	2447.85311959037	3753.16771170962	3806.64717052707	3322.74418140095	3326.78275119192	3388.48686558819
gene-OW489_RS02850	1125.67939377081	2134.03106743719	2014.59992052764	2270.76882069102	2158.71613582063	2287.86014140885
gene-OW489_RS02855	1122.3489813632	933.806784868479	825.437889944134	549.25142889278	526.309085414389	494.379872828095
gene-OW489_RS02860	386.327839282289	513.100365941182	454.239965592999	314.344309510951	339.554248654445	271.848786518612
gene-OW489_RS02865	54.396735990897	53.821716707117	58.1294288693052	70.3586541143644	61.1197647578	57.7377953667849
gene-OW489_RS02870	587.262721207848	696.991231357165	646.067080861707	444.848264723078	353.136418600622	402.961696830686
gene-OW489_RS02875	5451.88511125093	4634.04980848277	5150.26739782044	6349.30112532046	6493.97500551625	6449.79289076459
gene-OW489_RS02880	1684.0785407794	1230.72325536941	1380.98914585221	927.145490507027	910.005386393911	959.890847972798
gene-OW489_RS02885	353.02371520623	605.494312955066	705.857350555849	178.1662692896	361.625274816983	185.242093468435
gene-OW489_RS02890	5661.7010929301	5071.79977103399	5387.76763577218	8546.30684089158	9553.3587858928	7947.36695809057
gene-OW489_RS02895	15641.8369410559	11220.9309048221	11265.4833148714	14362.2439753451	14736.6543916029	13778.8842901358
gene-OW489_RS02910	1023.54674660423	1462.15663721001	1355.24611306723	908.988418477514	818.325739257211	893.732957448357
gene-OW489_RS02915	2253.57906248002	1574.28521368317	1566.17289782157	865.86537240742	984.707321097889	989.962616392999
gene-OW489_RS02920	1802.86324998402	1681.03161848562	1522.9910363758	1760.10116986095	1800.48640349019	1729.72811952993
gene-OW489_RS02925	615.016157937897	535.526081235814	672.640534059103	859.056470396352	1202.02204023673	956.282235762374
gene-OW489_RS02930	492.901036325679	455.690534786924	547.247051783888	541.307709879868	727.494977742148	682.027707770146
gene-OW489_RS02940	15322.1173499257	9342.55299174372	9088.95141392208	16761.2471172445	13302.0376910379	16891.913756995
gene-OW489_RS02950	263.102580200869	721.211003875367	838.724616542832	1126.87328283167	1625.61596543315	1291.88317133181
gene-OW489_RS02955	163.190207972691	205.41955209883	270.717054448479	186.109988302512	342.100905519353	220.125344835867
gene-OW489_RS02960	4860.18184016627	4274.34133515687	4959.27070296415	3810.71549219412	4825.06587337966	3686.79880831658
gene-OW489_RS02965	2191.41136420471	2372.64067817207	2431.4709675618	933.954392518095	901.51653017755	804.720522924564
gene-OW489_RS02970	3385.91928106604	2243.46855807499	2212.23997868327	1214.25419197371	1311.52828542779	1046.49754102298
gene-OW489_RS02980	4047.56121271042	1662.19401763813	1856.82004216809	7454.61288511709	8452.35413463076	7487.87033662991
gene-OW489_RS02985	1601.92836805846	2115.1934665897	2059.44262279824	3482.75337866104	3101.82806145835	3162.34716706828
gene-OW489_RS02995	2685.42253799959	2552.04640052913	2409.04961642649	1942.80670715793	2160.4139070639	1834.37787363223
gene-OW489_RS03000	2497.80930570446	2155.55975412003	2094.32028011983	3111.66821905786	2644.27871139649	3204.44764285656
gene-OW489_RS03005	1734.03472689349	1991.40351816333	1669.14502896148	2980.02944684389	2792.83369518281	3209.25912580379
gene-OW489_RS03010	3752.26464590269	4667.23986711883	4179.50593570304	4134.13833771983	4100.11755250242	3914.14137757329
gene-OW489_RS03015	1040.19880864226	2303.56947506461	2043.66463496229	1804.35903293289	1432.07004370012	1467.50229890578
gene-OW489_RS03020	1658.54537898776	2109.81129491898	2093.48985970741	1870.17841903988	1760.5887792733	1982.33097425961
gene-OW489_RS03025	3616.82787466005	4770.39815747413	4527.45208850646	5919.20548162136	5540.6764524189	5975.86182046223
gene-OW489_RS03030	1226.70190346819	1794.05722357057	1760.49127432753	3248.98107628105	2734.26058728991	3529.22274179472
gene-OW489_RS03035	1922.75809665783	2708.12937897977	2776.09543871553	6997.28163337372	5993.13248875095	8079.68273913946
gene-OW489_RS03040	1859.48026091332	1730.36819213381	1706.51394752032	2644.12361429789	2646.8253682614	2750.96537507994
gene-OW489_RS03050	13.3216496304238	7.17622889428226	4.15210206209323	22.6963400368917	20.3732549192667	22.8545439993523
gene-OW489_RS03055	291.966154400121	4209.75527510833	3466.17480143543	1230.14162999953	1503.37643591755	1374.88125217156
gene-OW489_RS03060	3764.47615806392	4727.34078410844	4799.82998377977	7128.92040558769	6769.86283254799	6693.97565033662
gene-OW489_RS03065	696.056193189642	1402.0557202204	1407.56259904961	1303.90473511943	1213.90643893964	1091.00375828487
gene-OW489_RS03070	471.808424410842	682.6387735686	627.797831788496	598.048559972097	610.348761956364	501.597097248943
gene-OW489_RS03075	1811.74434973763	1753.69093604023	1600.22013473073	3837.95110023839	3741.03893455034	3677.17584242211
gene-OW489_RS03080	4788.02290466814	3755.85879754498	3702.01419856232	9752.61731385238	9286.80870069906	9484.63575973122
gene-OW489_RS03085	56.617010929301	49.3365736481905	53.977326807212	98.7290791604791	75.5508203256139	107.055495575914
gene-OW489_RS03090	2416.76927045271	2386.09610734885	2130.02835785383	5670.6805582174	5548.31642301362	5509.14797458072
gene-OW489_RS03095	3813.3222067088	5309.51235315709	5146.94571617077	7039.26986244197	7461.70461418142	7301.42537242467
gene-OW489_RS03100	14236.4029050462	11566.2869203594	11216.4885105387	8359.06203558723	9358.96397853813	8341.9085597636
gene-OW489_RS03105	7966.34647899341	8062.49316272612	8545.02604378787	12708.8156036575	14347.8647768936	13190.6804998367
gene-OW489_RS03110	5370.84507599918	4660.06363822454	4506.69157819599	11008.8597348943	6549.1525709226	12099.6767415519
gene-OW489_RS03115	29.9737116684535	84.3206895078166	100.480869902656	20.4267060332026	23.7687974058111	28.8688976833924
gene-OW489_RS03120	2598.83181540184	2127.75186715469	2381.64574281668	16788.4827252888	18511.6487510187	12568.796328907
gene-OW489_RS03130	2001.57785697117	2263.20318753427	1960.62259372042	532.229173865111	615.442075686181	487.162648407247
gene-OW489_RS03135	24947.0092079069	14042.0858888868	13382.2249461265	7781.44018164833	7297.02080358401	7177.52968653344
gene-OW489_RS03140	1557.52286929038	2555.63451497627	2728.76147520767	4182.93546879915	3905.72274514775	4161.93274935574
gene-OW489_RS03145	5403.03906260604	3690.37570888465	4075.70338415071	3963.91578744314	4700.27968699915	4439.79588955839
gene-OW489_RS03150	899.211350053604	554.363682083305	583.785549930308	434.634911706477	342.100905519353	565.349246299768
gene-OW489_RS03155	1020.21633419662	1280.0598290176	1336.97686399402	919.201771494115	1196.07984088528	937.036303973446
gene-OW489_RS03160	1362.13867471083	1202.91536840406	1229.0222103796	644.576057047725	721.552778390695	698.867898085458
gene-OW489_RS03170	8583.58291186971	5401.00927155919	6952.2796927689	3734.68275307054	4748.66616743241	3856.40358220651
gene-OW489_RS03175	16463.3386682654	8221.26722701212	10762.2485449457	10209.9485655957	11147.5659833254	11865.1169478743
gene-OW489_RS03180	3276.01567161504	4877.14456227658	4701.84037511437	6536.54593062482	4357.32989585816	7627.40334209964
gene-OW489_RS03185	4385.04300334782	3823.13594342887	3880.55458723233	2396.73350789577	2335.28434512094	3079.34908622853
gene-OW489_RS03190	2616.59401490907	4312.91356546364	4380.46767550836	3356.78869145629	3578.90178081785	3671.16148873807
gene-OW489_RS03195	1251.12492779063	1656.81184596742	1646.72367782617	2329.77930478694	2081.46754425175	2422.58166393135
gene-OW489_RS03200	380.777151936279	1035.17101800022	899.345306649394	401.725218652984	399.825127790608	447.467914092583
gene-OW489_RS03205	10872.6863733642	6930.44305465309	7350.88149072985	17203.8257479639	16683.1491220145	17446.4371666635
gene-OW489_RS03210	321.939866068574	357.914416102328	356.250356927599	657.059044068016	617.988732551089	816.749230292644
gene-OW489_RS03215	118.784709204612	130.966177320651	133.697686399402	191.784073311735	139.217241948322	170.807644626739
gene-OW489_RS03220	214.256531555982	326.518414689843	318.88143836876	69.2238371125198	123.088415137236	58.9406661035929
gene-OW489_RS03225	18875.6673888413	6664.02555695287	7289.43038021087	9192.01771494115	9196.82682480563	9050.39942374353
gene-OW489_RS03230	24843.7664232711	15754.5135087849	16823.4871351893	25617.3589996397	29233.9230379044	24638.4013020386
gene-OW489_RS03235	355.243990144634	582.171569048649	515.691076111979	574.217402933361	503.389173630214	721.722442084811
gene-OW489_RS03240	959.158773390511	988.525530187381	1015.604164388	1199.50157094973	1300.49277234652	1252.18843701715
gene-OW489_RS03245	467.367874534034	1739.33847825166	1667.48418813664	2771.22311850448	2100.14302792774	2380.48118814307
gene-OW489_RS03250	657.201381767572	383.928245844101	416.040626621742	483.432042785794	476.224833737858	434.236335987694
gene-OW489_RS03255	1020.21633419662	855.76529564316	855.333024791205	885.157261438778	824.267938608664	814.343488819028
gene-OW489_RS03260	2523.3424674961	2424.66833765562	2343.44640384542	3132.09492509106	2866.68674426515	3169.56439148913
gene-OW489_RS03265	1258.89589007505	879.088039549577	933.392543558558	762.597025239562	537.344598495658	706.085122506307
gene-OW489_RS03270	258.662030324061	537.320138459384	424.344830745928	189.514439308046	165.532696219042	210.502378941403
gene-OW489_RS03275	8.88109975361584	65.4830886603256	68.9248942307476	15.8874380258242	15.27994118945	19.2459317889283
gene-OW489_RS03280	99.9123722281782	184.787894027768	170.236184545822	91.9201771494115	79.7952484337945	89.0124345237933
gene-OW489_RS03285	845.924751531909	950.8503284924	935.053384383395	733.091783191603	719.855007147422	591.812402509545
gene-OW489_RS03290	303.067529092141	766.959463076417	743.226269114688	495.915029806084	403.220670277153	502.799967985751
gene-OW489_RS03295	676.073718744006	1125.77090779053	1252.27398192732	450.522349732301	440.571637629142	352.441125884749
gene-OW489_RS03300	2707.62528738363	2132.23701021362	2063.59472486034	1720.38257479639	1667.21136089332	1644.32429721656
gene-OW489_RS03305	49.9561861140891	62.7920028249698	38.1993389712577	36.3141440590268	29.7109967572639	26.4631562097764
gene-OW489_RS03310	0	2.69108583535585	2.49126123725594	4.53926800737835	3.39554248654445	0
gene-OW489_RS03315	805.959802640638	1753.69093604023	1872.59803000405	1258.51205504565	1235.97746510218	1000.78845302427
gene-OW489_RS03320	202.04501939476	246.682868240953	274.869156510572	232.63748537814	212.221405409028	226.139698519907
gene-OW489_RS03325	1921.64795918863	1383.21811937291	1168.40152027303	1724.92184280377	789.463628121584	1988.34532794365
gene-OW489_RS03330	6486.53323254717	3802.50428535781	3707.82714144925	6555.83781965618	6429.45969827191	7015.14213706436
gene-OW489_RS03335	4488.28578798361	2131.33998160183	2134.18045991592	3957.10688543207	5455.78789025529	4137.87533461958
gene-OW489_RS03340	830.382826963081	763.371348629276	773.121403961759	1379.93747424302	1705.41121386695	1515.6171283781
gene-OW489_RS03345	1626.3513923809	2655.20469088444	2691.39255664883	907.85360147567	969.427379908439	923.804725868558
gene-OW489_RS03350	47.7359111756852	78.9385178371049	72.2465758804222	28.3704250461147	23.7687974058111	26.4631562097764
gene-OW489_RS03355	661.64193164438	604.597284343281	617.002366427054	399.455584649295	453.304921953684	499.191355775327
gene-OW489_RS03360	6876.19148423707	8492.16986777127	10171.819631716	19237.4178152694	17993.8285218207	20018.174801959
gene-OW489_RS03365	5443.00401149731	3866.19331679457	4054.11245342783	5613.93970812517	5933.71049523642	5848.35752236058
gene-OW489_RS03370	1867.25122319773	1533.02189754105	1465.69202791891	1744.21373183513	1777.56649170602	1443.44488416962
gene-OW489_RS03375	2437.86188236755	2048.81334931759	1973.0788999067	2184.52272855083	2698.6073911812	1943.83911068176
gene-OW489_RS03380	9987.90681041022	7558.36308290279	7595.02509198094	15611.677494376	14342.7714631637	15637.3195785042
gene-OW489_RS03385	0	10.7643433414234	9.13462453660511	0	0	0
gene-OW489_RS03390	156914.600859292	104207.813831096	105905.176036575	203875.548466389	163083.661200622	210410.960765406
gene-OW489_RS03395	1852.81943609811	1153.57879475587	1335.31602316918	472.083872767348	599.313248875095	464.308104407895
gene-OW489_RS03400	104.352922104986	209.904695157756	269.88663403606	74.8979221217427	118.843987029056	70.9693734716731
gene-OW489_RS03405	4081.97547425568	3517.24918681009	3661.32359835381	5417.61636680606	5054.26499122141	5953.00727646288
gene-OW489_RS03410	3613.49746225245	2990.69339169213	3585.75534082371	6082.61912988699	7211.28335579877	5814.67714172996
gene-OW489_RS03415	761.554303872559	649.448714932545	748.2087915892	1164.32224389255	1126.47121991112	1336.38938859371
gene-OW489_RS03420	4638.15434632587	3081.29328148245	3742.70479877084	4740.13061670484	6097.54542021219	5129.04082174939
gene-OW489_RS03425	135.436771242642	216.183895440253	237.500237951733	344.984368560754	317.483222491906	357.252608831981
gene-OW489_RS03430	3633.47993669808	3185.34860044954	3949.47948146308	1606.90087461194	2090.80528608974	1477.12526480025
gene-OW489_RS03435	7.77096228441386	7.17622889428226	2.49126123725594	2.26963400368917	2.54665686490833	2.40574147361604
gene-OW489_RS03440	3.33041240760594	67.2771458838962	59.7902696941425	24.9659740405809	17.8265980543583	8.42009515765613
gene-OW489_RS03445	311.948628845757	454.793506175138	456.731226830255	405.129669658518	402.371784655517	410.178921251534
gene-OW489_RS03450	1977.15483264873	1415.51114939718	1379.32830502737	2924.4234137535	3111.16580329635	2777.42853128971
gene-OW489_RS03455	913.64313715323	896.131583173497	793.881914272226	1423.06052031311	1474.51432478193	1473.51665258982
gene-OW489_RS03460	2102.60036666855	2147.48649661397	2228.84838693165	2999.32133587524	3392.99582967954	3324.73471653736
gene-OW489_RS03465	506.222685956103	299.607556336284	310.577234244574	529.959539861422	585.731078928917	632.710007561017
gene-OW489_RS03470	106.57319704339	259.241268805947	358.741618164855	236.041936383674	458.3982356835	137.127263996114
gene-OW489_RS03475	208.705844209972	844.103923689951	687.588101482639	601.453010977631	574.695565847647	602.638239140817
gene-OW489_RS03480	2666.55020102316	2652.51360504908	2377.49364075458	2629.37099327391	2072.97868803538	2824.34049002523
gene-OW489_RS03485	850.365301408717	1018.1274743763	921.766657784697	349.523636568133	358.229732330439	238.168405887988
gene-OW489_RS03490	277.534367300495	398.280703632666	359.572038577274	194.053707315424	175.719323678675	135.924393259306
gene-OW489_RS03495	1197.83832926894	1051.31753301235	1029.72131139912	566.273683920449	461.793778170045	466.713845881511
gene-OW489_RS03500	940.286436414077	1290.82417235902	1277.18659429988	590.104840959185	616.290961307817	506.408580196176
gene-OW489_RS03505	2595.50140299423	2170.80924052038	2262.06520342839	3483.88819566288	2588.2522603685	3571.32321758301
gene-OW489_RS03510	625.007395160715	497.850879540832	661.845068697661	1537.67703749942	3092.49031962035	1421.79321090708
gene-OW489_RS03515	346.362890391018	229.639324617032	267.395372798804	800.045986300434	1192.68429839874	785.474591135636
gene-OW489_RS03520	124.335396550622	91.4969184020988	109.615494439261	147.526210239796	152.7994118945	133.51865178569
gene-OW489_RS03525	2017.11978154	920.3513556917	881.906477988602	2624.83172526653	3005.05510059183	3346.38638979991
gene-OW489_RS03530	960.268910859713	601.009169896139	631.94993385059	6775.99231801403	7836.91205894458	7581.69425410094
gene-OW489_RS03535	1353.25757495721	861.147467313871	1013.11290315075	11248.3061222835	14254.4873585136	12104.4882244991
gene-OW489_RS03540	242.009968286032	208.110637934186	261.582429911873	2816.61579857826	4018.62453282535	2921.77301970668
gene-OW489_RS03545	873.678188261959	315.75407134842	323.033540430853	2106.22035542355	2722.37618858701	2329.96061719713
gene-OW489_RS03550	448.4955375576	262.829383253088	272.377895273316	1019.06566765644	1632.40705040624	882.907120817085
gene-OW489_RS03555	340.812203045008	640.478428814692	568.837982506773	1149.56962286857	1106.94685061349	1172.79896838782
gene-OW489_RS03560	892.550525238392	1297.10337264152	1241.47851656588	2547.6641691411	2213.89370122698	2598.20079150532
gene-OW489_RS03570	627.227670099119	864.735581761013	758.173836538224	499.319480811618	433.780552656053	451.076526303007
gene-OW489_RS03755	2.22027493840396	3.58811444714113	3.32168164967458	3.40445100553376	0	1.20287073680802
gene-OW489_RS03760	29.9737116684535	32.2930300242702	23.2517715477221	18.1570720295134	21.2221405409028	4.81148294723207
gene-OW489_RS03765	17.7621995072317	43.0573733656936	41.5210206209323	4.53926800737835	3.39554248654445	4.81148294723207
gene-OW489_RS03770	2215.83438852715	1840.7027113834	1827.75532773344	568.543317924138	533.100170387478	479.945423986399
gene-OW489_RS03775	8455.91710291148	7294.63667103792	7369.15073980306	6459.37837449939	5894.66175664116	6897.26080485717
gene-OW489_RS03780	2352.381297239	2205.79335638001	2027.88664712633	1939.4022561524	1798.78863224692	2194.03622393782
gene-OW489_RS03785	2018.2299190092	1853.26111194839	1741.3916048419	1740.8092808296	2074.67645927866	1605.8324336387
gene-OW489_RS03790	542.857222439768	570.51019709544	545.58621095905	564.00404991676	732.588291471964	477.539682512783
gene-OW489_RS03795	6617.529453913	4797.30901582769	4319.8469854018	6551.2985516488	6295.3357700534	6697.58426254704
gene-OW489_RS03800	102.132647166582	91.4969184020988	92.1766657784697	61.2801180996077	74.7019347039778	66.157890524441
gene-OW489_RS03805	1609.69933034287	1700.7662479449	1873.42845041647	1331.1403431637	1486.39872348483	1312.33197385755
gene-OW489_RS03810	6241.19285185353	3049.89728006996	3544.23432020278	2599.86575122595	3925.24711444538	2545.27447908577
gene-OW489_RS03815	15337.6592744946	7104.46660533944	9803.94338901454	5854.52091251622	13369.9485407688	5018.37671396305
gene-OW489_RS03820	25314.4647102128	9360.49356397942	12166.4894623456	7720.16006354872	12292.7126869125	6780.5823433868
gene-OW489_RS03825	2224.71548828077	2526.92959939914	2700.52718118544	2097.1418194088	2162.96056392881	1887.30418605178
gene-OW489_RS03830	2475.60655632042	1433.45172163288	1974.73974073154	896.505431457224	1766.53097862475	879.298508606661
gene-OW489_RS03835	133.216496304238	120.201833979228	168.575343720985	107.807615175236	210.523634165756	86.6066930501773
gene-OW489_RS03840	297.516841746131	307.680813842352	490.77846373942	321.153211522018	590.824392658734	276.660269465844
gene-OW489_RS03845	909.202587276422	505.027108435114	851.180922729112	531.094356863267	1093.36468066731	413.787533461958
gene-OW489_RS03850	817.061177332658	694.300145521809	704.196509731012	1604.63124060825	1551.76291635081	1566.13769932404
gene-OW489_RS03855	1091.26513222555	1143.71148002624	1121.06755676517	524.285454852199	628.175360010722	620.681300192937
gene-OW489_RS03860	1984.92579493314	2368.15553511315	3638.90224721851	632.093070027435	802.196912446125	578.580824404657
gene-OW489_RS03865	599.474233369069	728.38723276965	758.173836538224	587.835206955496	584.882193307281	447.467914092583
gene-OW489_RS03870	316.389178722564	416.221275868371	418.531887858998	809.12452231519	533.100170387478	809.532005871796
gene-OW489_RS03880	51.0663235832911	17.9405722357057	42.3514410333509	41.9882290682497	185.905951138308	33.6803806306245
gene-OW489_RS03885	11.1013746920198	26.0138297417732	39.0297593836764	63.5497521032969	41.5953954601695	43.3033465250886
gene-OW489_RS03895	10061.1758833775	6618.27709775182	6885.01563936299	5173.63071140947	4752.91059554059	5162.72120238001
gene-OW489_RS03900	1817.29503708364	1734.85333519274	1776.26926216348	1799.81976492551	1655.32696219042	2059.31470141533
gene-OW489_RS03905	102.132647166582	129.172120097081	155.288617122287	62.4149351014523	76.39970594725	89.0124345237933
gene-OW489_RS03910	361.904814959846	309.474871065923	261.582429911873	77.1675561254319	83.1907909203389	55.3320538931688
gene-OW489_RS03915	56.617010929301	80.7325750606754	62.2815309313984	93.0549941512561	65.3641928659806	85.4038223133693
gene-OW489_RS03925	2401.22734588388	2238.98341501607	2296.94286074997	843.169032370528	633.268673740539	908.167406290054
gene-OW489_RS03930	13202.8649212192	10575.0703043367	10553.8130214286	10177.0388725423	8667.1221969047	10446.9323491776
gene-OW489_RS03940	1853.92957356731	1453.18635109216	1492.26548111631	811.39415631888	896.423216447734	811.937747345412
gene-OW489_RS03945	2788.66532263537	1870.30465557231	1890.86727907726	1457.10503036845	1634.10482164951	1366.46115701391
gene-OW489_RS03950	690.505505843632	1077.33136275412	1063.76854830829	1221.06309398478	1399.81239007795	1111.45256081061
gene-OW489_RS03955	38.8548114220693	35.8811444714113	68.094473818329	26.1007910424255	26.3154542707195	13.2315781048882
gene-OW489_RS03960	296.406704276929	267.314526312014	264.073691149129	93.0549941512561	120.541758272328	121.48994441761
gene-OW489_RS03965	173.181445195509	159.67109289778	131.206425162146	26.1007910424255	18.6754836759945	15.6373195785042
gene-OW489_RS03970	1500.90585836108	1473.81800916322	1383.48040708946	313.209492509106	375.207444763161	293.500459781156
gene-OW489_RS03975	2359.04212205421	2814.87578378222	2564.33823354878	1130.27773383721	1044.97820023405	1063.33773133829
gene-OW489_RS03980	11593.1655908763	7328.72375828576	7022.03500741207	5261.01162055151	5315.72176268533	5003.94226512135
gene-OW489_RS03985	8620.21744835338	6391.32885897014	6484.75300057721	5039.72230519181	5645.93826950178	5203.61880743149
gene-OW489_RS03990	7508.96984168219	4639.43198015348	4374.65473262143	3076.48889200068	2842.0690612377	3096.18927654384
gene-OW489_RS03995	5396.37823779083	3704.72816667322	4226.83989921091	2801.86317755428	3381.11143097663	2716.0821237125
gene-OW489_RS04000	910.312724745624	940.085985150976	1057.95560542135	1871.31323604172	1736.81998186748	1853.62380542116
gene-OW489_RS04005	2668.77047596156	2368.15553511315	2237.98301146825	150583.407242766	134726.637009867	177831.206858961
gene-OW489_RS04010	340.812203045008	303.195670783426	303.933870945224	785.293365276454	788.614742499948	768.634400820323
gene-OW489_RS04015	39.9649488912713	39.4692589185524	44.8427022706069	48.7971310793172	55.1775654063472	38.4918635778566
gene-OW489_RS04020	1010.2250969738	1650.53264568492	1704.02268628306	776.214829261697	752.961546391231	589.406661035929
gene-OW489_RS04025	15317.6768000489	8368.3799193449	8286.76529552567	5919.20548162136	5916.7327828037	5966.23885456777
gene-OW489_RS04030	1275.54795211308	902.410783455994	852.841763553949	719.473979169468	589.126621415461	701.273639559074
gene-OW489_RS04035	954.718223513703	872.80883926708	864.46764932781	806.854888311501	1137.50673299239	712.099476190347
gene-OW489_RS04040	2959.62649289248	2703.64423592084	2779.41712036521	3582.61727482336	3237.64976092013	3485.91939526964
gene-OW489_RS04045	1631.90207972691	2298.18730339389	2196.46199084732	1125.73846582983	1132.41341926257	879.298508606661
gene-OW489_RS04050	458.486774780418	531.040938176887	476.661316728303	478.892774778416	467.735977521497	413.787533461958
gene-OW489_RS04055	3481.39110341741	3650.9064499661	3736.89185588391	2571.49532617983	2628.1498845854	2507.98548624472
gene-OW489_RS04060	3758.92547071791	2678.52743479085	2853.32453707047	4314.57424101312	3730.85230709071	4107.80356619938
gene-OW489_RS04065	3970.96172733548	2884.84401550147	2816.78603892405	4596.00885747058	4917.59440613799	4839.14897417866
gene-OW489_RS04075	91.0312724745624	105.849376190663	101.311290315075	54.4712160885402	47.5375948116222	27.6660269465844
gene-OW489_RS04080	555.06873460099	452.999448951568	479.982998377977	458.466068745213	388.789614709339	384.918635778566
gene-OW489_RS04090	481.799661633659	627.920028249698	600.393958178681	431.230460700943	463.491549413317	341.615289253477
gene-OW489_RS04095	602.804645776675	565.128025424728	546.416631371469	367.680708597646	366.7185885468	473.931070302359
gene-OW489_RS04100	45.5156362372812	50.2336022599758	51.4860655699561	49.9319480811618	53.479794163075	66.157890524441
gene-OW489_RS04105	1035.75825876545	1127.5649650141	1111.10251181615	1284.61284608807	1095.06245191058	1152.35016586208
gene-OW489_RS04110	182.062544949125	335.488700807696	264.904111561548	280.299799455613	290.31888259955	283.877493886692
gene-OW489_RS04115	16333.4525843687	7729.69554775378	7749.4832886908	11998.4201605028	11927.691869609	13022.2785966836
gene-OW489_RS04120	10727.2583648987	7350.25244496861	7312.6821517586	12299.1466659916	11611.0575327387	13318.1847979384
gene-OW489_RS04125	36.6345364836654	29.6019441889143	46.5035430954442	373.354793606869	902.365415799187	316.355003780509
gene-OW489_RS04130	441.834712742388	329.209500525199	347.115732390994	1521.78959947359	2317.45774706658	1252.18843701715
gene-OW489_RS04140	545.077497378172	681.741744956815	781.425608085946	556.060330903848	635.815330605447	603.841109877625
gene-OW489_RS04145	616.126295407099	774.135691970699	757.343416125805	282.569433459302	252.967915247561	267.03730357138
gene-OW489_RS04150	111.013746920198	160.568121509566	128.71516392489	106.672798173391	114.599558920875	89.0124345237933
gene-OW489_RS04160	1.11013746920198	1.79405722357057	4.98252247451188	9.0785360147567	8.48885621636111	4.81148294723207
gene-OW489_RS04175	964.709460736521	908.689983738491	764.817199837573	1360.64558521166	1282.66617429216	1457.87933301132
gene-OW489_RS04180	601.694508307473	801.046550324257	794.712334684644	1110.98584480585	1097.60910877549	1148.74155365166
gene-OW489_RS04185	2622.14470225508	1373.35080464327	1327.011819045	1728.32629380931	1715.59784132658	1728.52524879312
gene-OW489_RS04190	122.115121612218	254.75612574702	222.552670528197	130.503955212127	145.159441299775	119.084202943994
gene-OW489_RS04195	1993.80689468676	3133.32094096599	3108.26360368299	3892.42231632693	3819.13641174087	3515.99116368984
gene-OW489_RS04200	1564.18369410559	1475.61206638679	1496.4175831784	742.17031920636	644.304186821809	682.027707770146
gene-OW489_RS04205	1288.8696017435	1341.057774619	1325.35097822016	1159.78297588517	1038.18711526096	1101.82959491614
gene-OW489_RS04210	785.977328195002	660.213058273968	633.610774675427	491.375761798706	415.953954601695	459.496621460663
gene-OW489_RS04215	3492.49247810943	1998.57974705761	1830.2465889707	2594.19166621673	2043.26769127812	2732.92231402782
gene-OW489_RS04225	699.386605597248	663.801172721109	612.850264364961	300.726505488816	351.43864735735	295.906201254772
gene-OW489_RS04240	278.644504769697	223.360124334535	231.687295064802	57.8756670940739	49.2353660548945	55.3320538931688
gene-OW489_RS04245	1466.49159681582	2091.87072268328	1954.80965083349	3074.21925799699	3082.30369216072	2788.25436792099
gene-OW489_RS04250	620.566845283907	634.199228532195	680.94473818329	616.205632001611	633.268673740539	496.785614301711
gene-OW489_RS04255	873.678188261959	1011.8482740938	857.824286028461	771.675561254319	686.748467903614	797.503298503716
gene-OW489_RS04260	893.660662707594	981.349301293099	985.709029540933	695.642822130732	824.267938608664	674.810483349298
gene-OW489_RS04265	1269.99726476707	2021.00546235224	1941.52292423479	2309.35259875373	2345.47097258058	2096.60369425638
gene-OW489_RS04270	2094.82940438414	2280.24673115819	2485.44829436901	2370.63271685334	2055.15208998103	2220.4993801476
gene-OW489_RS04275	3843.29591837726	3139.60014124849	3730.24849258456	3827.73774722179	3749.5277907667	4247.33657166911
gene-OW489_RS04280	311.948628845757	444.9261914455	521.50401899891	568.543317924138	513.575801089847	540.0889608268
gene-OW489_RS04285	51.0663235832911	148.906749556357	147.814833410519	106.672798173391	104.412931461242	103.44688336549
gene-OW489_RS04290	162.080070503489	164.156235956707	184.353331556939	128.234321208438	129.879500110325	141.938746943346
gene-OW489_RS04295	28.8635741992515	46.6454878128347	56.4685880444679	63.5497521032969	79.7952484337945	45.7090879987047
gene-OW489_RS04300	148.758420873065	156.980007062424	174.388286607916	155.469929252708	226.652460976842	208.096637467787
gene-OW489_RS04305	1550.86204447517	1344.64588906614	1305.42088832211	882.887627435089	948.205239367536	820.357842503068
gene-OW489_RS04310	832.603101901485	891.646440114571	754.021734476131	330.231747536775	295.412196329367	342.818159990285
gene-OW489_RS04315	1345.4866126728	1759.07310771094	1962.28343454526	1471.85765139243	1486.39872348483	1647.93290942698
gene-OW489_RS04320	4910.13802628036	4974.92068096118	5109.57679761193	2829.09878559855	2904.03771161714	2890.49838054967
gene-OW489_RS04325	226.468043717204	1033.37696077665	1006.4695398514	835.225313357616	897.27210206937	745.779856820971
gene-OW489_RS04330	1026.87715901183	928.424613197768	966.609360055304	1128.00809983352	1016.11608909843	1317.14345680478
gene-OW489_RS04335	5.5506873460099	17.9405722357057	13.2867265986983	4.53926800737835	8.48885621636111	12.0287073680802
gene-OW489_RS04360	15.5419245688277	48.4395450364053	63.1119513438171	46.5274970756281	38.199852973625	34.8832513674325
gene-OW489_RS04365	54.396735990897	60.1009169896139	80.5507800046087	171.357367278533	162.986039354133	98.6354004182575
gene-OW489_RS04370	1204.49915408415	1943.86100173871	1741.3916048419	386.972597629004	435.478323899325	417.396145672382
gene-OW489_RS04375	263.102580200869	357.017387490542	377.841287650484	167.952916272999	231.745774706658	209.299508204595
gene-OW489_RS04380	671.633168867198	714.034774981085	843.707139017344	558.329964907537	617.988732551089	633.912878297826
gene-OW489_RS04385	1687.40895318701	1876.58385585481	1689.90553927194	1472.99246839427	1241.07077883199	1653.94726311102
gene-OW489_RS04390	6794.04131151612	6289.9646258384	6321.16017933073	2505.67594007285	2504.21258382653	2617.44672329425
gene-OW489_RS04395	518.434198117325	1418.20223523253	1636.75863287715	1974.58158320958	2294.53783528241	1823.55203700096
gene-OW489_RS04400	343.032477983412	385.722303067672	614.511105189798	661.598312075394	1174.00881472274	587.000919562313
gene-OW489_RS04405	36.6345364836654	75.3504033899637	68.9248942307476	213.345596346782	196.092578597942	209.299508204595
gene-OW489_RS04410	17473.5637652392	8843.8050835911	8831.5210860723	19701.5579690239	17777.3626883034	20644.870455836
gene-OW489_RS04415	85.4805851285525	69.0712031074668	97.9896086654002	121.425419197371	142.612784434867	156.373195785042
gene-OW489_RS04420	1698.51032787903	1792.26316634699	1747.20454772883	899.909882462757	1185.04432780401	737.359761663315
gene-OW489_RS04425	1215.60052877617	1219.0618834162	1140.1672262508	2179.98346054345	2262.28018166024	2220.4993801476
gene-OW489_RS04430	16108.0946781207	8535.22724113696	8747.64862441802	13539.5016490078	12843.6394553544	12626.5341242738
gene-OW489_RS04435	78178.1008561419	186753.28371619	160246.226984426	435555.248294973	514752.356561435	508999.56376326
gene-OW489_RS04440	1129.00980617841	1318.63205932437	1282.16911677439	1703.36031976872	1676.54910273132	1665.9759704791
gene-OW489_RS04445	3893.25210449135	3476.88289927976	3777.58245609242	6125.74217595708	7037.26180336336	6297.02830718997
gene-OW489_RS04450	1615.25001768888	1066.5670194127	1178.36656522206	829.551228348393	1072.14254012641	860.052576817733
gene-OW489_RS04455	8672.39390940587	8321.73443153207	9215.17531660972	12990.250220115	18572.7685157765	12549.5503971181
gene-OW489_RS04465	1961.6129080799	1405.64383466754	1748.03496814125	2679.30294135507	4217.2637682882	2796.67446307864
gene-OW489_RS04470	3782.23835757115	3208.67134435596	3551.70810391455	2997.05170187155	3514.3864735735	2871.25244876074
gene-OW489_RS04475	545.077497378172	495.159793705476	704.196509731012	798.911169298589	1115.43570682985	932.224821026214
gene-OW489_RS04480	1237.80327816021	1075.53730553055	1434.96647265942	1568.31709654922	2167.20499203699	1893.31853973582
gene-OW489_RS04485	13968.8597749685	9626.91106167965	11123.4814243478	13742.6338923379	15848.6945559462	13241.2010707827
gene-OW489_RS04490	73.2690729673307	34.984115859626	21.5909307228848	14.7526210239796	23.7687974058111	19.2459317889283
gene-OW489_RS04495	9168.62535813916	8373.76209101561	8340.74262233288	17577.1805415708	16381.7947263337	18180.1883161164
gene-OW489_RS04500	402.979901320319	599.215112672569	538.942847659701	379.028878616092	296.261081951003	478.742553249591
gene-OW489_RS04505	1045.74949598827	906.895926514921	885.228159638277	914.662503486737	1005.08057601716	962.296589446414
gene-OW489_RS04510	53.2865985216951	98.6731472963811	89.6854045412138	48.7971310793172	52.6309085414389	61.3464075772089
gene-OW489_RS04520	203.155156863962	276.284812429867	409.397263322392	220.15449835785	280.981140761553	245.385630308836
gene-OW489_RS04525	829.272689493879	818.090093948178	842.046298192507	347.254002564444	314.087680005361	360.861221042405
gene-OW489_RS04530	5.5506873460099	12.558400564994	12.4563061862797	4.53926800737835	9.33774183799723	4.81148294723207
gene-OW489_RS04535	1747.35637652392	1291.72120097081	1195.80539388285	879.483176429555	853.978935365928	983.948262708959
gene-OW489_RS04545	193.163919641145	547.187453189022	471.678794253791	343.84955155891	294.563310707731	287.486106097116
gene-OW489_RS04550	2.22027493840396	11.6613719532087	10.7954653614424	3.40445100553376	11.8843987029056	6.01435368404009
gene-OW489_RS04555	138.767183650248	122.892919814584	94.6679270157256	53.3363990866956	61.9686503794361	73.3751149452891
gene-OW489_RS04560	113.234021858602	83.4236608960313	99.6504494902375	85.111275138344	73.8530490823417	99.8382711550655
gene-OW489_RS04565	1823.95586189885	1644.25344540242	1599.38971431831	2245.80284665044	2114.57408349555	2321.54052203947
gene-OW489_RS04570	321.939866068574	266.417497700229	263.243270736711	146.391393237952	149.403869407956	185.242093468435
gene-OW489_RS04575	421.852238296753	243.991782405597	263.243270736711	170.222550276688	234.292431571567	164.793290942698
gene-OW489_RS04580	79.9298977825426	95.9820614610253	94.6679270157256	88.5157261438778	74.7019347039778	93.8239174710254
gene-OW489_RS04585	1759.56788868514	1641.56235956707	1485.62211781696	1370.85893822826	1091.66690942404	1270.23149806927
gene-OW489_RS04590	522.874747994133	578.583454601507	519.012757761654	458.466068745213	329.367621194811	455.888009250239
gene-OW489_RS04595	1960.5027706107	1906.18580004373	1894.18896072693	2813.21134757273	2455.82610339327	2712.47351150208
gene-OW489_RS04600	1605.25878046606	1698.07516210954	1705.6835271079	2652.0673333108	2738.5050153981	2391.30702477434
gene-OW489_RS04605	398.539351443511	439.544019774789	432.649034870115	478.892774778416	361.625274816983	416.193274935574
gene-OW489_RS04625	277.534367300495	290.637270218432	330.507324142621	297.322054483282	569.602252117831	269.443045044996
gene-OW489_RS04630	264.212717670071	339.973843866622	355.41993651518	283.704250461147	270.79451330192	255.0085962033
gene-OW489_RS04635	177.621995072317	269.108583535585	236.669817539314	790.967450285677	689.295124768522	679.62196629653
gene-OW489_RS04640	1124.56925630161	1019.92153159987	972.422302942235	1074.67170074682	1156.18221666838	1068.14921428552
gene-OW489_RS04645	445.165125149994	563.333968201158	543.925370134213	125.964687204749	204.581434814303	121.48994441761
gene-OW489_RS04650	497.341586202487	542.702310130096	503.234769925699	937.358843523629	879.445504015011	897.341569658781
gene-OW489_RS04655	260.882305262465	173.12652207456	184.353331556939	158.874380258242	171.474895570495	175.619127573971
gene-OW489_RS04660	13595.8535853167	11744.7956141047	11587.6864348898	14666.3749318394	13711.2005606665	15473.7291582983
gene-OW489_RS04665	38068.8340938743	33312.95155587	32964.3686913706	38253.5463151792	30417.2695944651	40355.1103491722
gene-OW489_RS04670	92.1414099437644	226.948238781677	208.43552351708	248.524923403965	237.687974058111	262.225820624148
gene-OW489_RS04675	2447.85311959037	8234.72265618889	7580.0775245574	5966.86779569884	4270.74356245128	5931.35560320034
gene-OW489_RS04680	5807.12910139556	5505.96161913806	5417.66277061925	3756.24427610558	3495.71098989751	3756.56531105144
gene-OW489_RS04685	579.491758923434	601.009169896139	745.717530351944	1856.56061501774	2769.064897777	1793.48026858075
gene-OW489_RS04690	798.188840356224	831.545523124957	1050.48182170959	2414.89057992528	3387.90251594972	2305.90320246097
gene-OW489_RS04695	73.2690729673307	70.8652603310373	78.8899391797714	13.617804022135	20.3732549192667	42.1004757882806
gene-OW489_RS04700	4025.35846332638	3597.08473325898	3569.97735298776	4220.38442986002	3891.29168957993	3872.04090178501
gene-OW489_RS04705	261.992442731667	427.88264782158	433.479455282533	587.835206955496	545.83345471202	529.263124195528
gene-OW489_RS04710	1060.18128308789	1179.59262449765	1167.57109986062	1222.19791098662	1087.42248131586	1137.91571702039
gene-OW489_RS04715	1740.69555170871	5674.6029981537	4866.26361677327	7767.8223776262	3855.63849347122	8084.49422208669
gene-OW489_RS04725	9456.15096266247	5335.52618289886	5733.22252733833	12141.4071027352	11338.5652481935	10790.9533799047
gene-OW489_RS04730	3649.02186126691	3238.27328854487	3410.53663380338	3994.55584649295	4133.22409174623	3715.66770599997
gene-OW489_RS04735	5096.64112110629	4273.44430654509	3929.54939156503	8280.75966245995	5877.68404420844	9413.66638625955
gene-OW489_RS04740	1503.12613329948	1557.24167005925	1589.42466936929	1561.50819453815	1691.82904392077	1329.17216417286
gene-OW489_RS04745	486.240211510467	757.989176958564	766.47804066241	476.623140774726	544.135683468747	362.064091779213
gene-OW489_RS04750	264.212717670071	298.710527724499	280.682099397502	104.403164169702	82.3419052987028	61.3464075772089
gene-OW489_RS04755	77.7096228441386	137.245377603148	96.3287678405629	152.065478247175	150.252755029592	145.54735915377
gene-OW489_RS04760	54.396735990897	46.6454878128347	73.0769962928408	88.5157261438778	103.564045839606	117.881332207186
gene-OW489_RS04765	4.44054987680792	3.58811444714113	6.64336329934917	7.94371901291211	11.0355130812694	6.01435368404009
gene-OW489_RS04770	370.785914713461	370.472816667322	352.098254865506	510.667650830064	584.882193307281	506.408580196176
gene-OW489_RS04775	454.04622490361	648.551686320759	647.727921686544	823.87714333917	996.591719800795	713.302346927155
gene-OW489_RS04780	190.943644702741	188.376008474909	163.592821246473	236.041936383674	258.910114599014	240.574147361604
gene-OW489_RS04790	1389.89211144088	1183.18073894479	1016.43458480042	783.023731272765	612.046533199636	876.892767133045
gene-OW489_RS04795	136.546908711844	111.231547861375	127.884743512471	76.0327391235873	100.168503353061	101.041141891874
gene-OW489_RS04800	346.362890391018	266.417497700229	401.093059198206	383.56814662347	1000.83614790898	313.949262306893
gene-OW489_RS04805	802.629390233032	384.825274455886	311.407654656992	424.421558689875	296.261081951003	463.105233671087
gene-OW489_RS04810	502.892273548497	656.624943826827	694.231464781988	825.011960341015	1003.38280477388	1047.70041175978
gene-OW489_RS04815	649.430419483159	618.05271352006	621.984888901566	561.734415913071	823.419052987028	661.57890524441
gene-OW489_RS04820	2169.20861482067	2691.98286396763	2574.3032784978	2357.01491283121	2376.87974058111	2130.284074887
gene-OW489_RS04825	472.918561880044	561.539910977587	506.556451575374	226.963400368917	243.630173409564	185.242093468435
gene-OW489_RS04830	1060.18128308789	749.018890840711	670.149272821847	434.634911706477	396.429585304064	490.771260617671
gene-OW489_RS04835	1381.01101168726	1271.08954289975	1066.25980954554	601.453010977631	453.304921953684	662.781775981218
gene-OW489_RS04840	10264.3310402415	7553.87793984387	7526.10019775019	5445.98679185217	5601.7962171767	5471.85898173967
gene-OW489_RS04845	1664.09606633377	2003.96191872832	1898.34106278902	2198.14053257296	2351.41317193203	2238.54244119972
gene-OW489_RS04850	520.654473055729	679.050659121459	507.386871987793	695.642822130732	553.473425306745	715.708088400771
gene-OW489_RS04855	1865.03094825933	2194.1319844268	2305.24706487416	3640.49294191743	3632.38157498092	3621.84378852894
gene-OW489_RS04860	1738.4752767703	1504.31698196392	1408.39301946202	466.409787758125	540.740140982203	423.410499356422
gene-OW489_RS04865	1373.24004940285	1712.4276198981	1961.45301413284	1090.55913877265	1300.49277234652	1024.84586776043
gene-OW489_RS04870	1803.97338745322	1334.7785743365	1671.63629019873	1171.13114590361	1447.34998488957	1039.28031660213
gene-OW489_RS04875	9036.51899930412	6398.50508786442	7420.63680537302	4914.89243498891	5378.5392986864	5284.21114679762
gene-OW489_RS04885	52.1764610524931	54.7187453189022	38.1993389712577	80.5720071309657	55.1775654063472	63.752149050825
gene-OW489_RS04890	11953.9602683669	7770.9588638959	7505.33968743972	14690.2060888782	20607.5473508382	13117.3053848914
gene-OW489_RS04895	80763.6110219133	28705.8126057408	27153.0866452649	75046.5831489844	78190.8546089022	70642.1926312613
gene-OW489_RS04900	175988.982855121	102520.503012328	95855.4282054843	328228.795528519	306109.852933225	308549.575569362
gene-OW489_RS04905	12134.9126758468	11267.5763926349	14823.0043616728	680.890201106752	782.672543148495	665.187517454834
gene-OW489_RS04910	385.217701813087	356.120358878757	353.759095690343	788.697816281988	618.837618172725	813.14061808222
gene-OW489_RS04915	932.515474129664	876.396953714221	867.789330977485	2081.25438138297	1704.56232824531	2073.74915025702
gene-OW489_RS04925	23.3128868532416	7.17622889428226	16.6084082483729	22.6963400368917	64.5153072443445	21.6516732625443
gene-OW489_RS04930	797.078702887022	1210.09159729835	1302.09920667244	1719.24775779455	1984.69458338523	1610.64391658594
gene-OW489_RS04935	620.566845283907	707.755574698588	621.154468489147	223.558949363384	227.501346598478	286.283235360308
gene-OW489_RS04940	4005.37598888074	3183.55454322597	2977.88759893326	2036.99651831103	1914.23707678943	2250.5711485678
gene-OW489_RS04945	18534.8551857963	11554.6255484062	9935.9802345891	2475.03588102304	2129.00513906337	2450.24769087793
gene-OW489_RS04950	344.142615452614	243.991782405597	275.699576922991	464.140153754436	426.140582061328	461.902362934279
gene-OW489_RS04955	542.857222439768	313.062985513064	282.34294022234	493.645395802395	405.767327142061	513.625804617024
gene-OW489_RS04960	105.463059574188	99.5701759081664	70.5857350555849	148.661027241641	145.159441299775	169.604773889931
gene-OW489_RS04965	2002.68799444037	1871.2016841841	1746.37412731641	6015.66492677815	3870.06954903903	6924.92683180376
gene-OW489_RS04980	5.5506873460099	0.897028611785283	3.32168164967458	2.26963400368917	3.39554248654445	2.40574147361604
gene-OW489_RS05000	576.161346515828	309.474871065923	291.477564758945	554.925513902003	606.104333848184	552.11766819488
gene-OW489_RS05005	928.074924252856	398.280703632666	410.227683734811	1135.95181884643	1483.85206661992	1263.01427364842
gene-OW489_RS05010	4407.24575273186	2291.9081031114	2130.02835785383	7078.98845750653	5420.98357976821	7795.80524525276
gene-OW489_RS05015	62.1676982753109	106.746404802449	104.632971964749	879.483176429555	514.424686711484	934.63056249983
gene-OW489_RS05020	6.66082481521188	10.7643433414234	7.47378371176781	9.0785360147567	0	2.40574147361604
gene-OW489_RS05025	2.22027493840396	5.3821716707117	3.32168164967458	2.26963400368917	0	0
gene-OW489_RS05030	289.745879461717	444.029162833715	472.50921466621	305.265773496194	307.296595032272	267.03730357138
gene-OW489_RS05035	1866.14108572853	1922.33231505586	1890.86727907726	3136.63419309844	2538.16800869197	2891.70125128648
gene-OW489_RS05040	3564.65141360756	3384.48895226587	3599.87248783483	5207.67522146481	5023.70510884251	4736.90496154997
gene-OW489_RS05045	164.300345441893	226.948238781677	234.178556302058	199.727792324647	226.652460976842	206.893766730979
gene-OW489_RS05055	513.993648240517	567.819111260084	594.581015291751	268.951629437167	259.75900022065	267.03730357138
gene-OW489_RS05060	20448.7321827005	13895.8702251658	16821.8262943645	20754.6681467357	24815.4733772884	18940.4026217791
gene-OW489_RS05065	5186.56225611165	3533.39570182223	5917.57585889527	6185.88747705484	14858.8939211185	5615.00059941983
gene-OW489_RS05070	5451.88511125093	4268.95916348616	4266.700079007	3044.71401594903	2857.34900242715	3044.46583486109
gene-OW489_RS05075	1546.42149459836	1607.47527231923	1841.87247474456	1072.40206674313	1239.37300758872	1145.13294144123
gene-OW489_RS05080	1302.19125137392	1125.77090779053	1026.39962974945	562.869232914915	695.237324119975	560.537763352536
gene-OW489_RS05085	10510.7815584043	6646.08498471716	7952.10586932095	4809.35445381736	7145.91916293279	4696.0073564985
gene-OW489_RS05090	16489.9819675262	7084.73197588016	8839.82529019649	17359.2956772166	28863.8089068711	19059.486824723
gene-OW489_RS05095	166.520620380297	241.300696570241	230.856874652384	233.772302379985	201.185892327758	204.488025257363
gene-OW489_RS05100	1022.43660913502	1611.96041537815	1515.51725266403	2221.9716896117	2125.60959657682	2024.43145004789
gene-OW489_RS05110	159.859795565085	328.312471913413	326.355222080528	762.597025239562	431.233895791145	751.794210505011
gene-OW489_RS05115	1336.60551291918	713.1377463693	682.605579008127	463.005336752591	457.549350061864	445.062172618967
gene-OW489_RS05120	911.422862214826	817.193065336392	642.745399212032	520.881003846665	592.522163902006	582.189436615081
gene-OW489_RS05125	1013.55550938141	856.662324254945	704.196509731012	1118.92956381876	1151.9377885602	1201.66786607121
gene-OW489_RS05130	336.3716531682	330.106529136984	336.320267029552	384.702963625315	356.531961087167	342.818159990285
gene-OW489_RS05135	2033.77184357803	2396.86045069028	2448.90979622259	1431.00423932602	1358.21699461778	1243.76834185949
gene-OW489_RS05140	2286.88318655608	2328.68627619459	2220.54418280746	3422.60807756327	3082.30369216072	3378.86389969372
gene-OW489_RS05145	1840.60792393688	1606.57824370744	1471.50497080584	1842.94281099561	1794.54420413874	1969.09939615473
gene-OW489_RS05150	1116.79829401719	634.199228532195	589.598492817239	640.036789040347	652.79304303817	671.201871138874
gene-OW489_RS05155	73.2690729673307	92.3939470138841	73.0769962928408	15.8874380258242	28.8621111356278	18.0430610521203
gene-OW489_RS05160	96.5819598205723	63.6890314367551	57.2990084568866	39.7185950645605	55.1775654063472	57.7377953667849
gene-OW489_RS05165	155.419245688277	662.904144109324	475.000475903466	83.9764581364994	61.1197647578	63.752149050825
gene-OW489_RS05170	38.8548114220693	96.8790900728105	68.094473818329	18.1570720295134	23.7687974058111	13.2315781048882
gene-OW489_RS05175	107.683334512592	207.2136093224	181.862070319683	335.905832545998	308.145480653908	341.615289253477
gene-OW489_RS05180	1009.1149595046	864.735581761013	719.144077154547	397.185950645605	357.380846708803	298.311942728388
gene-OW489_RS05185	1803.97338745322	1720.50087740417	1489.77421987905	1302.76991811759	1228.33749450745	1390.51857175007
gene-OW489_RS05190	1664.09606633377	998.39284491702	1090.34200150568	515.206918837442	787.765856878311	547.306185247648
gene-OW489_RS05195	1140.11118087043	761.577291405705	927.579600671628	573.082585931516	721.552778390695	579.783695141465
gene-OW489_RS05200	4141.92289759259	2682.115549238	2693.88381788609	2774.62756951001	2738.5050153981	2575.34624750597
gene-OW489_RS05205	1496.46530848427	817.193065336392	830.420412418646	725.148064178691	617.139846929453	731.345407979275
gene-OW489_RS05220	25.5331617916455	27.8078869653438	24.9126123725594	2.26963400368917	2.54665686490833	4.81148294723207
gene-OW489_RS05225	363.014952429048	1482.78829528107	1483.1308565797	91.9201771494115	76.39970594725	123.895685891226
gene-OW489_RS05230	3036.22597826742	2139.4132391079	2026.2258063015	128.234321208438	134.972813840142	170.807644626739
gene-OW489_RS05235	2497.80930570446	7720.72526163593	7966.22301633207	1004.31304663246	1434.61670056503	1110.2496900738
gene-OW489_RS05240	11495.4734935865	14042.9829174986	12996.0794543518	25531.1129074995	21210.2561421999	25251.8653778107
gene-OW489_RS05245	972.480423020935	1240.59057009905	1212.41380213122	1960.96377918745	2380.27528306766	1828.36351994819
gene-OW489_RS05250	602.804645776675	531.937966788673	621.984888901566	591.23965796103	1211.35978207473	597.826756193585
gene-OW489_RS05255	481.799661633659	698.785288580735	815.47284499511	914.662503486737	1005.08057601716	1099.42385344253
gene-OW489_RS05260	398.539351443511	447.617277280856	392.78885507402	288.243518468525	218.163604760481	229.748310730331
gene-OW489_RS05265	188.723369764337	153.391892615283	156.119037534705	181.570720295134	182.510408651764	279.06601093946
gene-OW489_RS05270	4672.56860787114	3099.23385371815	2957.1270886228	4372.44990810719	4477.02276850885	4705.63032239297
gene-OW489_RS05280	1214.49039130697	1657.7088745792	1436.62731348426	1327.73589215817	935.471955042995	1151.14729512527
gene-OW489_RS05285	784.8671907258	843.206895078166	735.75248540292	295.052420479593	269.096742058647	261.02294988734
gene-OW489_RS05290	1697.40019040983	1301.58851570045	1319.53803533323	727.41769818238	867.561105312106	765.025788609899
gene-OW489_RS05295	5060.00658462263	7145.72992148156	6761.28299791262	7243.536922774	6635.73890432948	7078.89428611519
gene-OW489_RS05300	582.82217133104	586.656712107575	548.907892608725	674.081299095685	643.455301200172	619.478429456129
gene-OW489_RS05305	1250.01479032143	932.012727644909	974.083143767072	1356.10631720428	1076.38696823459	1426.60469385431
gene-OW489_RS05310	2667.66033849236	2143.00135355504	2311.89042817351	3255.78997829212	3023.73058426783	3544.86006137323
gene-OW489_RS05325	5.5506873460099	0	0.830420412418646	1.13481700184459	6.79108497308889	4.81148294723207
gene-OW489_RS05330	21.0926119148376	39.4692589185524	42.3514410333509	24.9659740405809	47.5375948116222	19.2459317889283
gene-OW489_RS05335	1362.13867471083	1287.23605791188	1241.47851656588	827.281594344704	1061.95591266678	962.296589446414
gene-OW489_RS05340	436.284025396378	436.852933939433	442.614079819138	229.233034372607	241.083516544656	257.414337676916
gene-OW489_RS05345	817.061177332658	859.353410090301	869.450171802322	283.704250461147	280.981140761553	289.891847570732
gene-OW489_RS05350	3972.07186480469	3507.38187208046	3349.0855232844	3729.00866806131	3834.41635293032	3371.64667527287
gene-OW489_RS05355	2001.57785697117	1602.09310064851	1663.33208607455	2966.41164282175	2781.79818210154	2648.72136245126
gene-OW489_RS05360	4296.23200581166	3441.89878342013	3324.17291091184	3551.97721577356	3180.77442427051	3313.90887990609
gene-OW489_RS05365	117.67457173541	214.389838216683	230.856874652384	278.030165451924	305.598823789	252.602854729684
gene-OW489_RS05370	741.571829426923	681.741744956815	647.727921686544	1307.30918612496	1088.27136693749	1202.87073680802
gene-OW489_RS05375	2465.6153190976	3372.82758031266	3384.7936010184	2554.47307115217	2443.09281906873	2351.61229045968
gene-OW489_RS05380	1726.26376460908	2028.18169124652	1828.58574814586	2503.40630606916	1855.66396889654	2414.16156877369
gene-OW489_RS05385	2040.43266839324	1804.82156691199	1739.73076401706	1947.34597516531	1837.83737084218	1722.51089510908
gene-OW489_RS05400	601.694508307473	894.337525949927	861.145967678136	1764.64043786833	1626.46485105479	1906.55011784071
gene-OW489_RS05415	2502.24985558126	2088.28260823614	2116.74163125513	11283.4854493407	13395.4151094178	10011.4931424531
gene-OW489_RS05430	0	6.27920028249698	1.66084082483729	12.4829870202905	3.39554248654445	7.21722442084811
gene-OW489_RS05600	74.3792104365327	141.730520662075	143.662731348426	602.587827979476	550.0778828202	424.61337009323
gene-OW489_RS05605	2931.87305616243	2117.88455242505	2024.56496547666	689.968737121509	671.468526714164	708.490863979923
gene-OW489_RS05610	360.794677490644	339.973843866622	298.951348470713	164.548465267465	201.185892327758	158.778937258658
gene-OW489_RS05620	82.1501727209465	154.288921227069	165.253662071311	133.908406217661	280.132255139917	140.735876206538
gene-OW489_RS05625	31.0838491376554	31.3960014124849	29.0647144346526	20.4267060332026	30.5598823789	27.6660269465844
gene-OW489_RS05630	461.817187188024	603.700255731495	685.096840245383	1469.58801738874	2050.05877625121	1756.19127573971
gene-OW489_RS05635	1017.99605925822	1065.66999080092	1016.43458480042	540.172892878023	398.976242168972	564.14637556296
gene-OW489_RS05640	560.619421947	540.908252906525	494.100145389094	603.72264498132	533.100170387478	524.451641248296
gene-OW489_RS05645	702.717018004854	784.003006700337	685.927260657802	644.576057047725	685.050696660342	589.406661035929
gene-OW489_RS05650	341.92234051421	557.951796530446	511.538974049886	173.627001282222	148.554983786319	191.256447152475
gene-OW489_RS05675	1173.41530494649	1351.82211796042	1235.66557367895	550.386245894625	483.015918710947	449.873655566199
gene-OW489_RS05680	3693.42736003499	2134.92809604897	1973.0788999067	1764.64043786833	1283.5150599138	1548.09463827192
gene-OW489_RS05685	634.998632383533	911.381069573847	800.525277571575	2074.4454793719	1627.31373667643	2129.08120415019
gene-OW489_RS05690	244.230243224436	187.478979863124	128.71516392489	431.230460700943	294.563310707731	473.931070302359
gene-OW489_RS05695	1232.2525908142	928.424613197768	930.070861908884	1575.12599856029	1346.33259591487	1741.75682689801
gene-OW489_RS05700	92.1414099437644	147.112692332786	132.036845574565	38.583778062716	42.4442810818056	20.4488025257363
gene-OW489_RS05705	2.22027493840396	5.3821716707117	2.49126123725594	1.13481700184459	0	0
gene-OW489_RS05710	7184.80970067522	4015.10006635093	5024.04349513281	4955.74584705531	8272.39038284391	4830.728879021
gene-OW489_RS05715	11418.8740082116	8909.28817225143	10896.7766517575	13581.489878076	19164.4417940569	12616.9111583793
gene-OW489_RS05720	621.676982753109	938.291927927406	876.92395551409	807.989705313346	696.086209741611	726.533925032043
gene-OW489_RS05725	1762.89830109274	1100.65410666054	1087.85074026843	1490.01472342194	1282.66617429216	1567.34057006085
gene-OW489_RS05730	138.767183650248	340.870872478407	330.507324142621	653.654593062482	681.655154173797	641.130102718674
gene-OW489_RS05735	2084.83816716132	1842.49676860697	2061.9338840355	3681.34635398384	4173.12171596312	4151.10691272447
gene-OW489_RS05740	5202.10418068048	3261.59603245129	3592.39870412306	4711.76019165872	5436.26352095766	4691.19587355127
gene-OW489_RS05745	1447.61925983938	867.426667596368	1067.09022995796	1244.89425102351	1066.20034077496	1299.10039575266
gene-OW489_RS05750	9000.99460028966	6663.12852834108	7286.1086985612	9876.31236705344	12195.939726046	9800.99076351173
gene-OW489_RS05755	1888.34383511257	1363.48348991363	1402.58007657509	1082.61541975974	1241.07077883199	1074.16356796956
gene-OW489_RS05760	1353.25757495721	1294.41228680616	1256.42608398941	772.810378256164	840.39676541975	661.57890524441
gene-OW489_RS05765	1458.7206345314	1285.44200068831	1215.7354837809	571.947768929672	515.27357233312	522.04589977468
gene-OW489_RS05770	1412.09486082492	1323.11720238329	1311.23383120904	1442.35240934447	1400.66127569958	1530.0515772198
gene-OW489_RS05775	299.737116684535	299.607556336284	259.091168674618	375.624427610558	160.439382489225	473.931070302359
gene-OW489_RS05780	1863.92081079012	1709.73653406275	1641.74115535166	1302.76991811759	1894.7127074918	1206.47934901844
gene-OW489_RS05785	3838.85536850045	3660.77376469574	3743.53521918326	5583.29964907537	4782.62159229785	5546.43696742177
gene-OW489_RS05790	9648.20474483441	6657.74635667037	6772.90888368648	10299.5991087415	10529.5772507743	10641.7974085405
gene-OW489_RS05795	7803.15627102072	3610.54016243576	3712.80966392377	5872.67798454574	6555.94365589569	6052.84554761795
gene-OW489_RS05805	1175.6355798849	1411.92303495003	1291.30374131099	621.879717010834	516.122457954756	534.07460714276
gene-OW489_RS05815	3122.81670086517	4949.80387983119	4853.80731058699	5522.01953097576	4188.40165715257	5115.8092436445
gene-OW489_RS05820	6898.39423362111	9229.52738665877	9108.88150382013	7507.94928420379	6361.54884854102	6789.00243854445
gene-OW489_RS05830	206.485569271568	282.564012712364	259.921589087036	394.916316641916	310.692137518817	408.976050514726
gene-OW489_RS05835	2999.59144178375	1993.1975753869	2051.96883908647	6500.23178656579	6720.62746649309	6501.51633244734
gene-OW489_RS05840	98499.1672298841	83020.8950493397	85021.7635050707	161484.459362485	153419.098398294	163417.20681979
gene-OW489_RS05845	23341.7504274408	14896.0571273064	16174.098372678	5268.95533956442	6546.60591405769	5019.57958469986
gene-OW489_RS05850	519.544335586527	535.526081235814	422.683989921091	231.502668376296	224.105804111933	169.604773889931
gene-OW489_RS05855	64.3879732137149	78.9385178371049	63.1119513438171	12.4829870202905	29.7109967572639	21.6516732625443
gene-OW489_RS05860	339.702065575806	337.282758031266	285.664621872014	173.627001282222	229.19911784175	175.619127573971
gene-OW489_RS05865	414.081276012339	498.747908152617	324.694381255691	349.523636568133	232.594660328295	384.918635778566
gene-OW489_RS05870	457.376637311216	741.842661946429	673.470954471522	660.46349507355	596.766592010186	574.972212194233
gene-OW489_RS05875	807.06994010984	702.373403027876	608.698162302868	341.579917555221	219.861376003753	285.0803646235
gene-OW489_RS05880	607.245195653483	608.185398790422	529.808223123096	495.915029806084	373.509673519889	514.828675353832
gene-OW489_RS05885	492.901036325679	848.589066748877	854.502604378787	565.138866918604	543.286797847111	463.105233671087
gene-OW489_RS05890	713.818392696873	764.268377241061	695.061885194407	1361.7804022135	1319.16825602252	1261.81140291161
gene-OW489_RS05895	1891.67424752017	2189.64684136787	2141.65424362769	3665.45891595802	3054.29046664673	3487.12226600644
gene-OW489_RS05900	427.402925642762	487.086536199408	392.78885507402	482.297225783949	487.260346819128	542.494702300416
gene-OW489_RS05905	1488.69434619986	1065.66999080092	1000.65659696447	839.764581364994	722.401664012331	921.398984394942
gene-OW489_RS05910	510.663235832911	575.892368766151	557.212096732912	635.497521032969	543.286797847111	795.0975570301
gene-OW489_RS05915	29.9737116684535	27.8078869653438	24.9126123725594	37.4489610608714	21.2221405409028	28.8688976833924
gene-OW489_RS05920	508.442960894507	269.108583535585	297.290507645875	368.815525599491	300.505510059183	363.266962516021
gene-OW489_RS05925	235.34914347082	230.536353228818	245.804442075919	100.998713164168	93.3774183799723	126.301427364842
gene-OW489_RS05930	5448.55469884332	4347.89768132326	4514.99578232018	1274.39949307147	1106.09796499185	1315.94058606797
gene-OW489_RS05935	5062.22685956103	3224.81785936809	3166.3930325523	910.123235479359	751.263775147959	789.08320334606
gene-OW489_RS05940	520.654473055729	553.466653471519	460.883328892349	243.985655396586	186.754836759945	168.401903153123
gene-OW489_RS05955	3377.03818131242	2816.66984100579	2815.95561851163	5829.55493847564	5050.02056311323	5694.39006804916
gene-OW489_RS05960	775.986090972184	2222.83690000393	2271.199827965	5281.43832658471	5090.76707295176	5429.75850595139
gene-OW489_RS05965	9687.05955625648	11353.6911393663	12061.8564903808	38306.8827142659	49557.9425911162	38014.3238953438
gene-OW489_RS05970	358.57440255224	581.274540436863	548.907892608725	1000.90859562693	1433.76781494339	999.585582287463
gene-OW489_RS05975	153.198970749873	273.593726594511	250.786964550431	430.095643699098	333.612049302992	572.566470720617
gene-OW489_RS05980	697.166330658844	986.731472963811	1106.11998934164	1358.37595120797	1753.79769430021	1391.72144248688
gene-OW489_RS05990	486.240211510467	469.145963963703	433.479455282533	684.294652112286	512.726915468211	771.04014229394
gene-OW489_RS05995	747.122516772933	599.215112672569	549.738313021144	1112.1206618077	954.996324340625	1070.55495575914
gene-OW489_RS06000	288.635741992515	1162.54908087373	1013.94332356317	110.077249178925	79.7952484337945	97.4325296814495
gene-OW489_RS06005	621.676982753109	1472.02395193965	1263.06944728876	77.1675561254319	60.2708791361639	117.881332207186
gene-OW489_RS06010	577.27148398503	1546.47732671783	1318.70761492081	136.17804022135	126.483957623781	210.502378941403
gene-OW489_RS06015	263.102580200869	966.996843504535	831.250832831065	51.0667650830064	50.9331372981667	111.866978523146
gene-OW489_RS06030	2362.37253446181	1447.80417942145	2960.44877027247	19189.755501192	72252.050799936	14830.1933141061
gene-OW489_RS06035	672.7433063364	1342.85183184257	2064.42514527275	18700.6493733969	36582.7258644082	14327.3933461203
gene-OW489_RS06040	770.435403626174	829.751465901386	738.243746640176	669.542031088306	645.153072443445	636.318619771441
gene-OW489_RS06045	1307.74193871993	1613.75447260172	1527.14313843789	1753.29226784989	1627.31373667643	1959.47643026026
gene-OW489_RS06050	1523.10860774512	1816.4829388652	1914.11905062498	3740.35683807976	4195.19274212566	4029.61696830686
gene-OW489_RS06055	518.434198117325	515.791451776538	435.14029610737	76.0327391235873	58.5731078928917	91.4181759974094
gene-OW489_RS06060	384.107564343885	454.793506175138	388.636753011926	59.0104840959185	86.5863334068834	80.5923393661372
gene-OW489_RS06065	1496.46530848427	1834.4235111009	1470.67455039342	157.739563256398	137.51947070505	149.155971364194
gene-OW489_RS06070	32.1939866068574	169.538407627418	182.692490732102	74.8979221217427	95.0751896232445	58.9406661035929
gene-OW489_RS06075	1202.27887914574	1152.68176614409	1088.68116068084	551.521062896469	507.633601738395	514.828675353832
gene-OW489_RS06080	3233.83044778537	2465.93165379774	2365.0373345683	3828.87256422364	3476.18662059988	3808.28875273418
gene-OW489_RS06085	1523.10860774512	1232.51731259298	1217.39632460574	2038.13133531288	2085.71197235993	2475.5079763509
gene-OW489_RS06090	58.837285867705	72.6593175546079	78.0595187673527	56.7408500922293	61.1197647578	67.360761261249
gene-OW489_RS06095	309.728353907353	512.203337329396	471.678794253791	194.053707315424	172.323781192131	174.416256837163
gene-OW489_RS06100	1865.03094825933	2029.07871985831	2262.89562384081	215.615230350472	288.621111356278	246.588501045644
gene-OW489_RS06110	291.966154400121	301.401613559855	326.355222080528	228.098217370762	378.602987249706	227.342569256715
gene-OW489_RS06115	4865.73252751228	5073.59382825756	4965.08364585108	5186.11369842976	5169.71343576392	4768.17960070698
gene-OW489_RS06120	1937.18988375746	2591.51565944768	2771.11291624102	2709.94300040487	2852.25568869733	2566.92615234831
gene-OW489_RS06125	5254.28064173297	5462.00721716059	5402.71520319571	12208.3613058441	11802.0567976069	12702.3149806927
gene-OW489_RS06130	22.2027493840396	24.2197725182026	30.7255552594899	22.6963400368917	28.0132255139917	30.0717684202004
gene-OW489_RS06135	3029.5651534522	2757.46595262796	2874.08504738093	4687.92903461999	4694.3374876477	4605.7920512379
gene-OW489_RS06140	2775.34367300495	2037.15197736438	1997.99151227926	3407.85545653929	3189.26328048687	3488.32513674325
gene-OW489_RS06145	7311.36537216424	4826.01393140482	4715.95752212549	8035.63919006152	7052.54174455281	8201.17268355707
gene-OW489_RS06150	1027.98729648103	811.810893665681	960.796417168373	1066.72798173391	1471.96766791702	1344.80948375136
gene-OW489_RS06155	357.464265083038	378.546074173389	454.239965592999	276.895348450079	436.327209520961	230.951181467139
gene-OW489_RS06170	667.19261899039	757.989176958564	767.308461074829	358.602172582889	380.300758492978	352.441125884749
gene-OW489_RS06175	640.549319729543	640.478428814692	500.743508688444	214.480413348627	225.803575355206	204.488025257363
gene-OW489_RS06180	111.013746920198	150.700806779927	134.528106811821	111.21206618077	123.088415137236	138.330134732922
gene-OW489_RS06185	1670.75689114898	1753.69093604023	1789.55598876218	1985.92975322803	1968.56575657414	2101.41517720361
gene-OW489_RS06190	288.635741992515	313.960014124849	284.834201459596	156.604746254553	214.768062273936	153.967454311426
gene-OW489_RS06195	369.675777244259	657.521972438612	624.476150138822	611.666363994232	594.219935145278	639.927231981866
gene-OW489_RS06200	121.004984143016	74.4533747781785	91.3462453660511	71.493471116209	90.8307615150639	95.0267882078334
gene-OW489_RS06205	74.3792104365327	156.082978450639	127.054323100053	181.570720295134	132.426156975233	211.705249678211
gene-OW489_RS06210	539.526810032162	568.716139871869	435.14029610737	461.870519750747	511.029144224939	434.236335987694
gene-OW489_RS06215	934.735749068067	821.678208395319	742.39584870227	852.247568385285	895.574330826098	786.677461872444
gene-OW489_RS06220	801.51925276383	561.539910977587	460.05290847993	638.901972038502	616.290961307817	801.11191071414
gene-OW489_RS06225	589.482996146252	705.961517475017	680.94473818329	728.552515184225	847.187850392839	648.347327139522
gene-OW489_RS06235	359.684540021442	653.933857991471	569.668402919191	912.392869483048	836.15233731157	1060.93198986467
gene-OW489_RS06240	88.8109975361584	139.936463438504	143.662731348426	123.69505320106	158.741611245953	145.54735915377
gene-OW489_RS06250	6527.60831890764	6948.3836268888	6380.12002861246	7025.65205841984	5384.48149803786	7383.22058252761
gene-OW489_RS06255	1152.32269303166	1110.52142139018	1066.25980954554	482.297225783949	527.157971036025	406.57030904111
gene-OW489_RS06260	547.297772316576	498.747908152617	410.227683734811	223.558949363384	189.301493624853	215.313861888635
gene-OW489_RS06265	226.468043717204	315.75407134842	279.021258572665	100.998713164168	134.972813840142	81.7952101029452
gene-OW489_RS06270	2052.64418055446	2524.23851356379	2429.81012673696	2938.04121777564	2493.17707074526	2738.93666771186
gene-OW489_RS06275	2053.75431802366	2457.85839629167	2508.70006591673	4738.995799703	5683.28923685377	4668.34132955192
gene-OW489_RS06280	615.016157937897	889.852382891	945.848849744838	1460.50948137398	1820.85965840946	1253.39130775395
gene-OW489_RS06285	27.7534367300495	30.4989728006996	19.0996694856289	19.291889031358	11.8843987029056	26.4631562097764
gene-OW489_RS06295	1630.79194225771	2390.58125040778	2208.08787662118	1963.23341319114	1556.00734445899	1902.94150563028
gene-OW489_RS06300	5260.94146654818	4732.72295577915	4555.68638252869	3899.231218338	4271.59244807291	3809.49162347099
gene-OW489_RS06305	6899.50437109031	5583.1060797516	5180.99295307993	4727.64762968455	4311.49007228981	4843.96045712589
gene-OW489_RS06310	366.345364836654	322.930300242702	352.098254865506	318.883577518329	168.07935308395	352.441125884749
gene-OW489_RS06315	328.600690883786	237.7125821231	235.008976714477	219.019681356005	256.363457734106	288.688976833924
gene-OW489_RS06320	152.088833280671	484.395450364053	465.86585136686	316.61394351464	235.990202814839	209.299508204595
gene-OW489_RS06325	1410.98472335572	952.64438571597	1040.51677676056	1225.60236199215	1769.07763548966	1435.02478901197
gene-OW489_RS06330	699.386605597248	1084.50759164841	1315.38593327114	817.068241328103	772.485915688861	623.087041666553
gene-OW489_RS06335	46.6257737064832	129.172120097081	97.9896086654002	215.615230350472	190.999264868125	173.213386100355
gene-OW489_RS06340	1039.08867117305	856.662324254945	826.268310356553	593.509291964719	510.180258603303	607.449722088049
gene-OW489_RS06345	540.636947501364	231.433381840603	262.412850324292	188.379622306201	221.559147247025	196.067930099707
gene-OW489_RS06350	124.335396550622	186.581951251339	161.931980421636	97.5942621586345	93.3774183799723	103.44688336549
gene-OW489_RS06355	600.584370838271	505.027108435114	519.843178174072	1056.51462871731	1151.9377885602	1180.01619280867
gene-OW489_RS06360	157.639520626681	97.7761186845958	97.1591882529816	200.862609326492	252.119029625925	193.662188626091
gene-OW489_RS06365	315.279041253362	402.765846691592	442.614079819138	1152.9740738741	1188.43987029056	1091.00375828487
gene-OW489_RS06370	416.301550950743	507.71819427047	481.643839202815	3906.04012034907	3453.2667088157	4005.5595535707
gene-OW489_RS06375	2534.44384218812	1423.58440690324	1661.67124524971	3491.83191467579	4812.33258905512	3531.62848326834
gene-OW489_RS06385	168.740895318701	191.964122922051	255.769487024943	341.579917555221	341.252019897717	351.238255147941
gene-OW489_RS06390	5.5506873460099	4.48514305892641	9.13462453660511	18.1570720295134	26.3154542707195	15.6373195785042
gene-OW489_RS06395	22.2027493840396	40.3662875303377	42.3514410333509	54.4712160885402	49.2353660548945	52.9263124195528
gene-OW489_RS06400	6243.41312679194	10479.0882428757	11673.2197373689	2837.04250461147	3045.80161043037	2972.29359065261
gene-OW489_RS06405	10488.5788090203	6032.51741425603	7051.09972184672	1292.55656510098	1494.88757970119	1605.8324336387
gene-OW489_RS06410	7556.70575285788	6333.91902781588	8472.77946790744	1679.52916272999	2803.86920826408	1877.68122015732
gene-OW489_RS06415	4629.27324657226	3650.00942135432	4822.25133491508	1117.79474681692	1870.94391008599	1040.48318733894
gene-OW489_RS06420	20404.3266839324	12185.2366624913	14478.3798905191	3912.84902236014	4081.44206882642	4015.18251946516
gene-OW489_RS06425	5724.97892867461	4467.20248669071	5598.69442052651	1455.9702133666	1971.96129906069	1538.47167237745
gene-OW489_RS06430	9809.1746778687	4284.20864988651	4922.73220481773	1404.9034482836	1327.65711223888	1356.83819111944
gene-OW489_RS06435	13411.5707654291	9372.15493593263	10082.9646475872	2807.53726256351	3512.68870233023	2972.29359065261
gene-OW489_RS06440	5044.4646600538	4556.00831925745	4666.96271779279	1730.59592781299	1555.15845883736	1868.05825426285
gene-OW489_RS06445	1345.4866126728	1546.47732671783	1931.55787928577	633.227887029279	880.294389636648	669.999000402066
gene-OW489_RS06450	2430.09092008314	2106.22318047184	2353.41144879444	784.15854827461	928.680870069906	787.880332609252
gene-OW489_RS06455	5780.48580213471	2542.17908579949	3080.85973007318	966.864085571588	1444.80332802466	971.919555340879
gene-OW489_RS06460	1535.32011990634	1037.86210383557	1269.71281058811	468.679421761814	612.046533199636	493.177002091287
gene-OW489_RS06465	5478.52841051177	4033.93766719842	4718.44878336275	1664.77654170601	1415.94121688903	1847.60945173712
gene-OW489_RS06470	748.232654242135	1341.057774619	1763.8129559772	568.543317924138	731.739405850328	562.943504826152
gene-OW489_RS06475	6436.57704643308	3130.62985513064	4095.63347404876	1423.06052031311	2420.17290728455	1627.48410690125
gene-OW489_RS06480	6641.95247823545	4742.59027050879	5900.13703023448	2216.29760460248	2586.55448912523	2326.35200498671
gene-OW489_RS06485	3082.8517519739	2035.35792014081	2319.36421188528	803.450437305968	895.574330826098	998.382711550655
gene-OW489_RS06490	6792.93117404692	4776.67735775663	5414.34108896957	1987.06457022987	1464.32769732229	2168.77593846486
gene-OW489_RS06495	4292.90159340406	3868.88440262992	5043.97358503086	1939.4022561524	3496.55987551914	1966.69365468111
gene-OW489_RS06500	9831.37742725274	6089.0302167985	8251.05721779167	2574.89977718537	4446.46288612995	3033.63999822982
gene-OW489_RS06505	5356.41328889956	2941.35681804394	3487.76573215831	1225.60236199215	1242.76855007527	1256.99991996438
gene-OW489_RS06510	798.188840356224	986.731472963811	1086.18989944359	399.455584649295	438.87386638587	408.976050514726
gene-OW489_RS06515	124.335396550622	629.714085473268	777.273506023853	306.400590498038	314.936565626997	285.0803646235
gene-OW489_RS06520	2223.60535081157	3357.57809391231	3680.42326783944	2202.67980058034	2534.77246620543	2465.88501045644
gene-OW489_RS06525	2218.05466346556	3007.73693531605	2977.05717852085	1555.83410952893	1298.79500110325	1958.27355952345
gene-OW489_RS06530	8868.88824145462	6362.62394339301	6799.48233688387	3818.65921120703	4532.2003339152	4471.0705287154
gene-OW489_RS06535	30805.2046328858	18474.3042597179	19455.9198425565	10334.7784357987	11375.9162155455	10665.8548232767
gene-OW489_RS06540	6366.63838587336	6169.76279185917	5893.49366693513	3650.70629493404	3074.663721566	3568.91747610939
gene-OW489_RS06545	273.093817423687	321.136243019131	303.103450532806	247.39010640212	250.421258382653	197.270800836515
gene-OW489_RS06550	1051.30018333428	1141.91742280266	1138.50638542596	1121.19919782245	1176.55547158765	935.833433236638
gene-OW489_RS06555	323.050003537776	339.973843866622	337.15068744197	844.303849372373	803.045798067761	845.618127976037
gene-OW489_RS06560	263.102580200869	406.353961138733	347.946152803413	438.039362712011	338.705363032808	442.656431145351
gene-OW489_RS06565	4835.75881584383	4701.32695436667	4733.39635078628	10348.3962398208	10422.6176624482	9781.7448317228
gene-OW489_RS06570	1026.87715901183	1214.57674035727	1317.04677409597	1440.08277534078	1729.18001127276	1249.78269554353
gene-OW489_RS06575	650.54055695236	836.927694795669	817.964106232366	1055.37981171547	1022.90717407151	1028.45447997086
gene-OW489_RS06580	143.207733527055	164.156235956707	181.031649907265	142.986942232418	213.9191766523	167.199032416315
gene-OW489_RS06585	357.464265083038	380.34013139696	315.559756719085	445.983081724923	439.722752007506	463.105233671087
gene-OW489_RS06590	301.957391622939	450.308363116212	405.245161260299	222.424132361539	241.083516544656	163.59042020589
gene-OW489_RS06595	281.974917177303	278.078869653438	279.021258572665	302.996139492505	241.932402166292	307.934908622853
gene-OW489_RS06600	32.1939866068574	104.952347578878	88.0245637163765	123.69505320106	129.879500110325	111.866978523146
gene-OW489_RS06610	1318.84331341195	1412.82006356182	1177.53614480964	991.830059612169	949.903010610809	891.327215974741
gene-OW489_RS06615	883.669425484776	1436.14280746824	1371.02410090318	825.011960341015	823.419052987028	676.013354086106
gene-OW489_RS06620	7395.73581982359	4618.80032208242	4503.36989654632	5966.86779569884	6333.53562302703	5350.36903732206
gene-OW489_RS06625	2602.16222780944	1846.08488305411	1915.77989144982	2520.42856109683	3088.24589151217	2230.12234604207
gene-OW489_RS06630	7554.48547791948	4325.47196602863	4291.61269137956	6596.69123172258	5898.0572991277	6589.32589623432
gene-OW489_RS06635	1143.44159327804	890.749411502786	951.661792631768	1587.60898558058	1610.3360242437	1490.35684290513
gene-OW489_RS06640	2616.59401490907	1718.7068201806	1601.05055514315	3092.3763300265	3249.53415962303	2886.88976833924
gene-OW489_RS06645	5142.15675734357	3212.2594588031	3055.1166972882	6306.17807925037	5423.53023663312	5637.85514341918
gene-OW489_RS06650	5837.10281306401	4393.64614052431	4050.79077177816	7969.81980395453	7610.25959796774	7568.46267599605
gene-OW489_RS06655	10510.7815584043	7995.21601684222	7531.0827202247	15297.333184865	14469.2554207875	15017.8411490481
gene-OW489_RS06660	963.599323267319	823.47226561889	776.443085611434	960.055183560521	891.329902717917	939.442045447062
gene-OW489_RS06665	1579.72561867442	816.296036724607	872.771853451997	1588.74380258242	1705.41121386695	1561.32621637681
gene-OW489_RS06670	6287.81862556002	5524.79921998556	5171.85832854333	9647.07933268083	6994.81752228156	9295.78505405236
gene-OW489_RS06675	4325.09558001092	3141.39419847206	3025.22156244113	5041.9919391955	4642.55546472789	4934.17576238649
gene-OW489_RS06680	7200.35162524404	3271.46334718093	3077.5380484235	4959.15029806084	3347.15600611119	5044.83987017283
gene-OW489_RS06685	3461.40862897177	3274.15443301628	3084.18141172285	5430.09935382635	4748.66616743241	5391.26664237354
gene-OW489_RS06690	2078.17734234611	1799.43939524128	1534.61692214966	1559.23856053446	1441.40778553812	1655.15013384783
gene-OW489_RS06695	344.142615452614	516.688480388323	494.100145389094	340.445100553376	355.683075465531	348.832513674325
gene-OW489_RS06700	933.625611598865	669.183344391821	673.470954471522	772.810378256164	693.539552876703	792.691815556484
gene-OW489_RS06705	1220.04107865298	2308.95164673532	2223.86586445713	3626.8751378953	3215.57873475759	3440.21030727093
gene-OW489_RS06710	1246.68437791382	1826.35025359484	1757.16959267786	2152.74785249918	1899.80602122162	1901.73863489348
gene-OW489_RS06715	194.274057110347	221.566067110965	210.096364341917	57.8756670940739	43.2931667034417	81.7952101029452
gene-OW489_RS06720	442.94485021159	407.250989750518	410.227683734811	544.712160885402	465.189320656589	511.220063143408
gene-OW489_RS06725	1329.94468810397	2047.01929209402	1840.21163391972	2319.56595177034	2036.47660630503	2258.99124372546
gene-OW489_RS06730	831.492964432283	604.597284343281	617.002366427054	1443.48722634631	1078.9336250995	1406.15589132857
gene-OW489_RS06735	28.8635741992515	39.4692589185524	30.7255552594899	41.9882290682497	44.9909379467139	22.8545439993523
gene-OW489_RS06740	962.489185798117	742.739690558214	565.516300857098	828.416411346548	846.338964771203	961.093718709606
gene-OW489_RS06745	455.156362372812	457.484592010494	401.923479610625	223.558949363384	241.083516544656	179.227739784395
gene-OW489_RS06750	421.852238296753	588.450769331145	580.463868280634	382.433329621626	468.584863143134	309.137779359661
gene-OW489_RS06755	7044.93237955577	8380.04129129811	7323.47761712004	6503.63623757133	4996.54076895015	6952.59285875034
gene-OW489_RS06760	19172.0740931182	6289.9646258384	5644.36754320954	4524.51538635437	3563.6218396284	5035.21690427836
gene-OW489_RS06765	3280.45622149185	3661.67079330752	3124.87201193136	3050.38810095825	2336.98211636421	3334.35768243183
gene-OW489_RS06770	82.1501727209465	64.5860600485403	73.9074167052595	125.964687204749	179.963751786856	107.055495575914
gene-OW489_RS06775	690.505505843632	4065.3336686109	3227.01372265886	8120.75046519986	6676.48541416802	8335.89420607957
gene-OW489_RS06780	827.052414555475	666.492258556465	704.196509731012	870.404640414798	889.632131474645	1045.29467028617
gene-OW489_RS06785	39.9649488912713	43.0573733656936	48.1643839202815	47.6623140774727	84.039676541975	57.7377953667849
gene-OW489_RS06795	103.242784635784	171.332464850989	151.966935472612	51.0667650830064	31.4087680005361	42.1004757882806
gene-OW489_RS06800	1317.73317594275	1167.93125254444	1197.46623470769	411.938571669585	349.740876114078	419.801887145998
gene-OW489_RS06805	2322.40758557054	2454.27028184453	2326.83799559705	3666.59373295986	3332.72495054337	3346.38638979991
gene-OW489_RS06810	1801.75311251481	1991.40351816333	1815.29902154716	3393.10283551531	3030.52166924092	3281.43137001227
gene-OW489_RS06815	369.675777244259	345.356015537334	413.549365384486	385.83778062716	425.291696439692	335.600935569437
gene-OW489_RS06820	581.712033861838	458.381620622279	465.035430954442	433.500094704632	411.709526493514	424.61337009323
gene-OW489_RS06825	2028.22115623202	2514.37119883415	2663.98868303902	861.326104400041	876.049961528467	708.490863979923
gene-OW489_RS06830	1110.13746920198	875.499925102436	752.360893651293	237.176753385519	205.430320435939	176.821998310779
gene-OW489_RS06835	318.609453660968	612.670541849348	595.411435704169	208.806328339404	207.976977300847	163.59042020589
gene-OW489_RS06840	1334.38523798078	1298.89742986509	1187.50118975866	703.586541143644	703.726180336336	632.710007561017
gene-OW489_RS06845	3680.10571040456	2386.09610734885	2105.11574548127	1598.95715559902	1334.44819721197	1717.69941216185
gene-OW489_RS06850	1374.35018687205	1329.39640266579	1211.5833817188	657.059044068016	617.139846929453	617.072687982513
gene-OW489_RS06855	1311.07235112754	2311.64273257067	2000.48277351652	13297.7856276149	11742.6348040923	13788.5072560303
gene-OW489_RS06860	65.4981106829168	54.7187453189022	65.603212581073	115.751334188148	108.657359569422	129.910039575266
gene-OW489_RS06865	56.617010929301	78.9385178371049	63.9423717562357	79.4371901291211	60.2708791361639	68.563631998057
gene-OW489_RS06870	46.6257737064832	28.704915577129	28.234294022234	27.2356080442701	44.1420523250778	44.5062172618967
gene-OW489_RS06875	207.59570674077	323.827328854487	310.577234244574	1096.23322378187	1023.75605969315	1296.69465427904
gene-OW489_RS06880	3202.74659864771	2900.09350190182	2870.76336573126	8496.37489281042	8391.23436987296	8113.36311977008
gene-OW489_RS06885	502.892273548497	771.444606135343	777.273506023853	888.561712444312	880.294389636648	762.620047136283
gene-OW489_RS06890	504.002411017699	370.472816667322	362.893720226948	377.894061614247	446.513836980595	416.193274935574
gene-OW489_RS06895	5882.61844930129	5596.56150892838	5945.81015291751	6556.97263665802	6314.0112537294	6840.7258802272
gene-OW489_RS06900	1013.55550938141	802.840607547828	937.544645620651	600.318193975786	729.19274898542	654.361680823562
gene-OW489_RS06905	1103.47664438677	1364.38051852542	1290.47332089858	418.747473680653	344.647562384261	388.52724798899
gene-OW489_RS06910	1077.94348259512	1666.67916069706	1469.844129981	790.967450285677	587.428850172189	822.763583976684
gene-OW489_RS06915	4468.30331353797	3411.39981061943	3387.28486225566	2511.35002508207	2551.75017863815	2540.46299613853
gene-OW489_RS06920	3625.70897441367	6903.53219629954	7825.88196663332	5426.69490282081	4689.24417391788	8533.16500691608
gene-OW489_RS06925	39.9649488912713	88.805832566743	107.124233202005	14.7526210239796	23.7687974058111	16.8401903153123
gene-OW489_RS06935	145.428008465459	130.069148708866	136.188947636658	103.268347167857	104.412931461242	143.141617680154
gene-OW489_RS06945	34.4142615452614	34.0870872478407	26.5734531973967	13.617804022135	16.1288268110861	13.2315781048882
gene-OW489_RS06950	562.839696885404	476.322192857985	461.713749304767	1408.30789928913	1090.8180238024	1497.57406732598
gene-OW489_RS06955	576.161346515828	1117.69765028446	1159.26689573643	926.010673505183	916.796471367	816.749230292644
gene-OW489_RS06965	468.478012003236	363.29658777304	295.629666821038	20.4267060332026	19.5243692976306	37.2889928410486
gene-OW489_RS06970	334.151378229796	243.991782405597	244.974021663501	12.4829870202905	14.4310555678139	27.6660269465844
gene-OW489_RS06975	385.217701813087	1022.61261743522	915.123294485348	393.781499640072	337.856477411172	372.889928410486
gene-OW489_RS06980	87184.6461437775	52123.6415450074	48239.1217573991	55973.7137989824	50454.3658075639	60931.4171730102
gene-OW489_RS06985	3268.24470933063	5329.24698261636	4759.13938357126	5682.02872823585	3372.62257476027	6333.11442929421
gene-OW489_RS06990	450.715812496004	850.383123972448	827.098730768971	59.0104840959185	73.8530490823417	72.1722442084811
gene-OW489_RS06995	3119.48628845756	6314.18439835661	5995.63537766262	2487.51886804333	2527.1324956107	2461.0735275092
gene-OW489_RS07000	17342.5675438733	13666.2309005488	13151.3680714741	5280.30350958286	4591.62232742973	5361.19487395334
gene-OW489_RS07005	8498.10232674116	9155.0740118806	8920.37607020109	7948.25828091949	7040.65734584991	8112.16024903327
gene-OW489_RS07010	20314.405548927	12601.4579383597	11669.8980557192	9866.09901403684	7607.71294110283	10189.5180115007
gene-OW489_RS07015	18752.4421297599	7396.00090416966	6734.70954471522	2054.0187733387	2099.2941423061	2002.77977678535
gene-OW489_RS07020	15176.6893414603	19390.1704723507	16588.4781584749	5057.87937722132	3190.96105173014	5735.28767310063
gene-OW489_RS07025	85761.4499082606	50696.469023657	51405.5147899514	26934.8815387813	29437.6555870971	26767.4825061888
gene-OW489_RS07030	2829.74040899585	5165.98777527144	5078.02082194002	4989.79035711065	4661.23094840389	5309.47143227059
gene-OW489_RS07035	4180.77770901466	4224.1077328969	4122.20692724616	4727.64762968455	3774.14547379415	5268.57382721912
gene-OW489_RS07040	53539.7098646731	26737.7318314839	28797.3190618538	25004.5578186436	26971.6428562442	27456.7274383798
gene-OW489_RS07045	258.662030324061	518.482537611893	479.152577965559	777.349646263542	768.241487580681	635.115749034633
gene-OW489_RS07050	116.564434266208	181.199779580627	181.862070319683	99.8638961623236	102.715160217969	96.2296589446414
gene-OW489_RS07055	2381.24487143825	2264.99724475784	2242.96553394276	5256.47235254413	5183.2956057101	5666.72404110257
gene-OW489_RS07060	2130.3538033986	1650.53264568492	1719.80067411902	3457.78740462046	4090.77981066442	3798.66578683972
gene-OW489_RS07070	3220.50879815494	7877.70526869835	7744.50076621629	4308.9001560039	4392.98309196688	4087.35476367364
gene-OW489_RS07075	416.301550950743	403.662875303377	374.519606000809	85.111275138344	95.9240752448806	91.4181759974094
gene-OW489_RS07080	1002.45413468939	917.660269856344	902.666988299068	570.812951927827	593.371049523642	657.970293033986
gene-OW489_RS07085	922.524236906846	823.47226561889	753.191314063712	571.947768929672	573.846680226011	549.711926721264
gene-OW489_RS07090	4775.81139250692	3157.54071348419	2732.08315685735	1862.23470002697	1749.55326619203	1833.17500289542
gene-OW489_RS07095	491.790898856477	524.76173789439	523.164859823747	676.350933099374	613.744304442909	810.734876608604
gene-OW489_RS07105	752.673204118943	496.056822317261	596.241856116588	903.314333468291	1235.97746510218	975.528167551303
gene-OW489_RS07110	711.598117758469	506.821165658685	578.803027455796	1306.17436912312	1445.6522136463	1235.34824670183
gene-OW489_RS07115	398.539351443511	412.63316142123	391.128014249182	1361.7804022135	1229.18638012909	1391.72144248688
gene-OW489_RS07120	7185.91983814442	9703.1584936814	11192.4063185785	5338.17917667694	4817.42590278493	5007.55087733178
gene-OW489_RS07125	1833.94709912167	2031.76980569367	2125.04583537932	1651.15873768387	1933.76144608706	1682.81616079442
gene-OW489_RS07130	1010.2250969738	804.634664771399	686.75768107022	480.02759178026	392.185157195884	583.392307351889
gene-OW489_RS07135	774.875953502982	852.177181196019	778.93434684869	1255.10760404011	602.708791361639	1242.56547112268
gene-OW489_RS07140	1607.47905540447	1703.45733378025	1588.59424895687	1925.78445213026	1922.72593300579	1981.12810352281
gene-OW489_RS07145	1043.52922104986	691.609059686453	572.159664156447	742.17031920636	659.584128011259	732.548278716083
gene-OW489_RS07150	114.344159327804	102.261261743522	89.6854045412138	37.4489610608714	42.4442810818056	44.5062172618967
gene-OW489_RS07155	190.943644702741	234.124467675959	208.43552351708	91.9201771494115	93.3774183799723	72.1722442084811
gene-OW489_RS07160	3859.94798041529	1922.33231505586	1965.60511619494	2484.1144170378	2797.92700891262	2682.40174308188
gene-OW489_RS07165	681.624406090016	873.705867878865	689.248942307476	1160.91779288701	1022.05828844988	1074.16356796956
gene-OW489_RS07170	819.281452271062	629.714085473268	732.430803753246	2492.05813605071	2831.88243377807	2409.35008582646
gene-OW489_RS07175	958.048635921309	998.39284491702	879.415216751346	340.445100553376	335.309820546264	345.223901463901
gene-OW489_RS07180	7073.79595375502	4840.36638919339	5087.15544647663	9816.16706595568	9982.89491044067	9493.05585488888
gene-OW489_RS07185	63.2778357445129	127.37806287351	106.293812789587	145.256576236107	95.9240752448806	155.170325048234
gene-OW489_RS07190	37.7446739528673	44.8514305892641	44.8427022706069	79.4371901291211	73.8530490823417	64.955019787633
gene-OW489_RS07195	4269.58870655082	6786.02144815566	6083.659941379	17411.4972593015	11830.9189087425	19268.7863329276
gene-OW489_RS07200	1317.73317594275	1821.86511053591	1846.85499721907	1382.20710824671	1386.23022013177	1314.73771533116
gene-OW489_RS07215	197.604469517953	129.172120097081	154.458196709868	79.4371901291211	224.105804111933	55.3320538931688
gene-OW489_RS07220	240.89983081683	325.621386078058	335.489846617133	502.723931817152	562.811167144742	417.396145672382
gene-OW489_RS07225	1734.03472689349	3240.96437438023	3174.69723667648	4224.9236978674	3653.60371552182	3509.9768100058
gene-OW489_RS07230	3433.65519224173	4180.15333091942	3897.99341589312	4901.27463096677	4595.86675553791	4382.05809419161
gene-OW489_RS07235	7113.76090264629	7590.65611292706	7860.7596239549	3898.09640133616	3370.07591789536	3653.11842768595
gene-OW489_RS07240	7128.19268974592	7072.17357531517	7738.68782332936	3221.74546823678	3125.59685886416	3199.63615990933
gene-OW489_RS07245	3068.41996487427	2282.93781699354	2224.69628486955	6171.13485603086	5650.18269760996	6271.76802171701
gene-OW489_RS07250	1569.7343814516	1264.81034261725	1358.5677947169	3952.5676174247	3895.53611768812	4410.926991875
gene-OW489_RS07255	3224.94934803175	4087.75938390553	3839.0335666114	3999.09511450032	3517.78201606005	4181.17868114467
gene-OW489_RS07260	2079.28747981531	3360.26917974767	3178.84933873858	2743.98751046021	2414.2307079331	3357.21222643118
gene-OW489_RS07265	643.879732137149	348.04710137269	323.863960843272	160.009197260087	128.181728867053	179.227739784395
gene-OW489_RS07270	1459.8307720006	1271.98657151153	1299.60794543518	257.603459418721	322.576536221722	275.457398729036
gene-OW489_RS07275	2083.72802969212	3840.1794870528	3463.68354019817	3468.00075763706	1735.12221062421	4247.33657166911
gene-OW489_RS07290	79.9298977825426	113.922633696731	101.311290315075	519.746186844821	786.068085635039	442.656431145351
gene-OW489_RS07295	53.2865985216951	63.6890314367551	90.5158249536324	118.020968191837	123.937300758872	107.055495575914
gene-OW489_RS07300	78.8197603133406	55.6157739306875	54.8077472196306	80.5720071309657	124.786186380508	104.649754102298
gene-OW489_RS07305	4.44054987680792	8.07325750606754	6.64336329934917	6.80890201106752	4.24442810818056	8.42009515765613
gene-OW489_RS07310	4231.84403259795	3242.7584316038	3469.4964830851	2513.61965908576	2653.61645323448	2633.08404287275
gene-OW489_RS07315	2203.62287636593	1314.14691626544	1416.69722358621	1816.84201995318	2220.68478620007	2044.88025257363
gene-OW489_RS07320	4105.28836110892	3795.32805646353	3300.92113936412	1963.23341319114	1278.42174618398	1999.17116457493
gene-OW489_RS07325	5427.46208692848	4628.66763681206	4452.71425138878	3495.23636568133	3679.07028417091	3328.34332874779
gene-OW489_RS07330	1223.37149106058	1150.88770892052	1016.43458480042	835.225313357616	809.83688304085	892.530086711549
gene-OW489_RS07335	22450.3100396716	15441.4505232719	13751.7620296528	15062.4260654832	11785.9279707958	14904.7712997881
gene-OW489_RS07340	6655.27412786587	7182.50809456476	6897.47194554927	7203.81832770944	7308.90520228692	7426.5239290527
gene-OW489_RS07345	10467.4861971055	8019.43578936043	7355.86401320437	9190.88289793931	8119.59097094941	10869.1399777973
gene-OW489_RS07350	2162.54779000546	1498.93481029321	1381.81956626463	1440.08277534078	775.881458175406	1771.82859531821
gene-OW489_RS07355	2801.9869722658	3554.92438850508	3602.36374907209	3389.69838450978	4465.98725542758	3605.00359821363
gene-OW489_RS07360	2366.81308433862	2732.34915149797	2713.81390778414	1887.20067406755	2630.69654145031	1810.32045889607
gene-OW489_RS07365	2158.10724012865	2858.8301857597	2859.1374799574	1105.31175979663	1336.14596845524	1000.78845302427
gene-OW489_RS07370	3732.28217145706	4409.79265553645	4256.73503405798	3660.91964795064	3791.97207184851	3716.87057673678
gene-OW489_RS07375	5860.41569991725	7791.59052196697	7738.68782332936	11850.893950263	10355.5556983389	12877.9341082666
gene-OW489_RS07380	8742.3325699656	8504.72826833626	8762.59619184155	9512.03610946133	9347.07957983522	10034.3476864525
gene-OW489_RS07385	1175.6355798849	1343.74886045435	1322.02929657048	1862.23470002697	2125.60959657682	2049.69173552086
gene-OW489_RS07390	384.107564343885	454.793506175138	491.608884151838	601.453010977631	857.374477852473	637.521490508249
gene-OW489_RS07395	81.0400352517446	148.009720944572	151.136515060194	100.998713164168	143.461670056503	97.4325296814495
gene-OW489_RS07400	861.466676100737	1135.63822252017	1197.46623470769	374.489610608714	348.891990492442	396.947343146646
gene-OW489_RS07405	2563.30741638737	3240.06734576844	3169.71471420197	1804.35903293289	1835.29071397727	1714.09079995143
gene-OW489_RS07410	7194.80093789804	7450.71964948856	7940.47998354709	3991.15139548741	3381.11143097663	3307.89452622205
gene-OW489_RS07415	2989.60020456093	2662.38091977872	3684.57536990153	4791.19738178785	7991.40924208235	5177.15565122171
gene-OW489_RS07420	387.437976751491	819.884151171748	863.637228915392	1138.22145285012	1348.03036715815	1189.63915870313
gene-OW489_RS07430	559.509284477798	511.306308717611	479.982998377977	876.078725424021	683.35292541707	750.591339768203
gene-OW489_RS07435	92.1414099437644	76.247432001749	106.293812789587	26.1007910424255	22.919911784175	27.6660269465844
gene-OW489_RS07440	4077.53492437887	2459.65245351525	2351.75060796961	1680.66397973183	1713.90007008331	1678.00467784719
gene-OW489_RS07445	12493.4870783991	7560.15714012636	7816.74734209672	27756.4890481167	28037.8431970191	27694.8958442678
gene-OW489_RS07450	16283.4963982546	8396.18780631025	9115.52486711948	28853.8570889005	32772.0783088837	26990.0135924983
gene-OW489_RS07455	2762.02202337453	2055.09254960008	2128.36751702899	7935.7752938992	6909.08007449631	7414.49522168462
gene-OW489_RS07460	1478.70310897704	1141.91742280266	1145.14974872531	3721.0649490484	4761.39945175695	3964.66194851923
gene-OW489_RS07465	3586.8541629916	2263.20318753427	2263.72604425323	2392.19423988839	1919.33039051925	2590.98356708447
gene-OW489_RS07470	803.739527702234	1278.26577179403	1331.16392110709	1547.89039051602	1734.27332500258	1756.19127573971
gene-OW489_RS07475	441.834712742388	504.130079823329	500.743508688444	352.928087573667	293.714425086095	433.033465250886
gene-OW489_RS07480	31.0838491376554	43.0573733656936	46.5035430954442	21.5615230350471	34.8043104870806	26.4631562097764
gene-OW489_RS07485	2676.54143824597	2409.41885125527	2247.11763600486	7217.43613173157	4910.8033211649	7517.94210505011
gene-OW489_RS07490	3161.67151228724	2160.04489717896	2019.58244300215	3362.46277646551	3402.33357151753	3661.53852284361
gene-OW489_RS07495	602.804645776675	596.524026837213	577.972607043378	616.205632001611	643.455301200172	537.683219353184
gene-OW489_RS07500	2655.44882633114	4395.44019774789	4264.20881776975	4067.184134611	4201.98382709875	3841.96913336481
gene-OW489_RS07505	2782.00449782016	1693.59001905061	1755.50875185302	3680.211536982	4139.16629109768	3864.82367736416
gene-OW489_RS07510	0	0	1.66084082483729	10.2133530166013	10.1866274596333	10.8258366312722
gene-OW489_RS07515	48.8460486448871	63.6890314367551	92.1766657784697	191.784073311735	348.891990492442	206.893766730979
gene-OW489_RS07520	159.859795565085	190.17006569848	155.288617122287	98.7290791604791	79.7952484337945	99.8382711550655
gene-OW489_RS07525	214.256531555982	296.019441889143	301.442609707969	515.206918837442	539.042369738931	453.482267776623
gene-OW489_RS07530	101.02250969738	272.696697982726	239.991499188989	9.0785360147567	21.2221405409028	18.0430610521203
gene-OW489_RS07540	2000.46771950197	2249.74775835749	2227.18754610681	3660.91964795064	3343.76046362464	3820.31746010227
gene-OW489_RS07545	133.216496304238	136.348348991363	117.089278151029	87.3809091420332	67.9108497308889	69.766502734865
gene-OW489_RS07550	1244.46410297542	1153.57879475587	1021.41710727493	911.258052481203	953.298553097353	678.419095559722
gene-OW489_RS07555	1823.95586189885	1197.53319673335	1099.47662604229	1583.0697175732	1398.96350445631	1545.6888967983
gene-OW489_RS07560	2425.65037020633	2334.06844786531	2195.6315704349	3693.82934100413	2914.22433907677	3795.0571746293
gene-OW489_RS07565	45.5156362372812	41.263316142123	39.0297593836764	9.0785360147567	1.69777124327222	4.81148294723207
gene-OW489_RS07570	3751.15450843349	2649.82251921373	2871.59378614368	1251.70315303458	1344.6348246716	1084.98940460083
gene-OW489_RS07575	5907.04147362374	4506.67174560926	4805.6429266667	4019.52182053353	4101.81532374569	3720.4791889472
gene-OW489_RS08150	51.0663235832911	149.803778168142	129.545584337309	11.3481700184459	17.8265980543583	20.4488025257363
gene-OW489_RS08155	134.32663377344	323.827328854487	326.355222080528	83.9764581364994	73.8530490823417	81.7952101029452
gene-OW489_RS07585	1342.15620026519	2064.95986432972	2025.39538588908	734.226600193448	760.601516985956	733.751149452891
gene-OW489_RS07590	10277.6526898719	5951.78483919535	5856.12474837629	7162.96491564303	6749.48957762872	7620.18611767879
gene-OW489_RS07595	1345.4866126728	1032.47993216486	1033.0429930488	1037.22273968595	944.809696880992	1106.64107786338
gene-OW489_RS07600	1518.66805786831	1569.80007062424	1432.47521142216	1674.98989472261	1558.5540013239	1507.19703322045
gene-OW489_RS07605	36.6345364836654	103.158290355308	88.0245637163765	344.984368560754	260.607885842286	370.48418693687
gene-OW489_RS07610	398.539351443511	377.649045561604	352.098254865506	290.513152472214	233.443545949931	217.719603362251
gene-OW489_RS07615	1085.71444487954	762.47432001749	810.490322520599	497.049846807929	528.855742279297	384.918635778566
gene-OW489_RS07620	346.362890391018	724.799118322508	603.715639828356	131.638772213972	118.843987029056	111.866978523146
gene-OW489_RS07625	1057.96100814949	1476.50909499858	1492.26548111631	2338.85784080169	2605.22997280123	2192.83335320102
gene-OW489_RS07630	5101.0816709831	5418.94984379489	5469.1488361892	4752.61360372513	5055.96276246468	4021.1968731492
gene-OW489_RS07635	51.0663235832911	104.055318967093	107.124233202005	31.7748760516484	43.2931667034417	44.5062172618967
gene-OW489_RS07640	288.635741992515	309.474871065923	339.641948679226	658.19386106986	672.3174123358	763.822917873091
gene-OW489_RS07645	1690.73936559462	1126.66793640232	1092.83326274294	2096.00700240695	2096.7474854412	2050.89460625767
gene-OW489_RS07650	5206.54473055729	4585.61026344637	4571.46437036465	13714.2634672918	12424.2899582661	13576.8020063521
gene-OW489_RS07655	183.172682418327	209.904695157756	174.388286607916	144.121759234263	186.754836759945	122.692815154418
gene-OW489_RS07660	4.44054987680792	49.3365736481905	44.8427022706069	51.0667650830064	49.2353660548945	34.8832513674325
gene-OW489_RS07665	307.508078968949	1010.05421687023	895.1932045873	1841.80799399376	1509.31863526901	1762.20562942375
gene-OW489_RS07670	235.34914347082	607.288370178636	630.289093025752	780.754097269076	890.481017096281	813.14061808222
gene-OW489_RS07675	759.334028934155	807.325750606754	690.909783132313	610.531546992388	575.544451469284	529.263124195528
gene-OW489_RS07680	1173.41530494649	801.046550324257	680.94473818329	2947.11975379039	2918.46876718495	3054.08880075556
gene-OW489_RS07685	5027.81259801577	4969.53850929047	4179.50593570304	41459.4043453901	39133.6271574247	42052.3609588083
gene-OW489_RS07690	15344.3200993098	10378.6210383557	10780.5177940189	23778.9554566515	22261.1765417854	26116.7294375757
gene-OW489_RS07695	932.515474129664	1172.41639560336	1079.54653614424	2293.46516072791	2282.6534365795	2275.83143404077
gene-OW489_RS07700	9118.66917202507	6638.90875582288	6242.27024015096	12553.3456744048	10883.5625549966	12624.1283828001
gene-OW489_RS07705	2964.06704276929	2972.75281945643	2644.05859314097	2748.52677846759	2214.74258684861	2666.76442350338
gene-OW489_RS07710	146.538145934661	398.280703632666	318.051017956341	91.9201771494115	109.506245191058	86.6066930501773
gene-OW489_RS07715	2043.76308080085	1364.38051852542	1200.78791635736	511.802467831909	555.171196550017	435.439206724503
gene-OW489_RS07720	4058.66258740244	4166.69790174264	3771.76951320549	3075.35407499883	3072.96595032272	2760.5883409744
gene-OW489_RS07725	7061.5844415938	4927.37816453656	4557.34722335353	4394.01143114224	3745.28336265852	4361.60929166587
gene-OW489_RS07730	306.397941499747	484.395450364053	459.222488067511	267.816812435323	354.834189843895	252.602854729684
gene-OW489_RS07735	33482.8562086009	28131.7142941982	26649.0214549268	20310.9546990144	18232.3653815004	20303.2551665825
gene-OW489_RS07740	3181.65398673288	2530.51771384628	2452.23147787226	3373.81094648396	3266.51187205576	3020.40842012493
gene-OW489_RS07745	1571.95465639	1321.32314515972	1321.19887615807	1141.62590385565	1141.75116110057	982.745391972151
gene-OW489_RS07750	2561.08714144897	2394.16936485492	2517.83469045333	3096.91559803388	3153.61008437815	2671.57590645061
gene-OW489_RS07755	2172.53902722828	2370.8466209485	2252.10015847937	2982.29908084757	2606.07885842286	2848.39790476139
gene-OW489_RS07760	867.017363446747	1077.33136275412	933.392543558558	1410.57753329282	1032.24491590951	1564.93482858723
gene-OW489_RS07765	2332.39882279336	1832.62945387733	1529.63439967515	1890.60512507308	1567.04285754026	2135.09555783423
gene-OW489_RS07770	1407.65431094811	1332.08748850114	1351.09401100514	1131.41255083905	1121.3779061813	1077.77218017998
gene-OW489_RS07780	414.081276012339	514.894423164752	498.252247451188	853.382385387129	946.507468124264	981.542521235343
gene-OW489_RS07785	2165.87820241306	1298.89742986509	1277.18659429988	1621.65349563591	1825.95297213928	1991.95394015408
gene-OW489_RS07790	9.99123722281782	12.558400564994	14.9475674235356	23.8311570387363	39.0487385952611	28.8688976833924
gene-OW489_RS07795	121.004984143016	148.009720944572	138.680208873914	39.7185950645605	31.4087680005361	26.4631562097764
gene-OW489_RS07800	325.27027847618	936.497870703835	849.520081904275	100.998713164168	111.204016434331	102.244012628682
gene-OW489_RS07805	179.842270010721	535.526081235814	494.930565801513	74.8979221217427	64.5153072443445	99.8382711550655
gene-OW489_RS07810	367.455502305855	584.862654884004	591.259333642076	49.9319480811618	43.2931667034417	54.1291831563608
gene-OW489_RS07815	3584.63388805319	3234.68517409773	3261.89137998044	3359.05832545998	3305.56061065102	3559.29451021493
gene-OW489_RS07820	4981.18682430929	4190.91767426084	4152.93248250565	4805.95000281183	4792.80821975748	4702.02171018254
gene-OW489_RS07825	7251.41794882734	4713.88535493166	4716.78794253791	6063.32724085563	6016.90128615676	6001.1221059352
gene-OW489_RS07830	578.381621454232	501.438993987973	477.491737140721	516.341735839287	524.611314171117	505.205709459368
gene-OW489_RS07835	669.412893928794	635.993285755765	589.598492817239	490.240944796862	387.940729087703	425.816240830038
gene-OW489_RS07840	456.266499842014	513.100365941182	454.239965592999	385.83778062716	354.834189843895	395.744472409838
gene-OW489_RS07845	1551.97218194437	1824.55619637127	1750.52622937851	1130.27773383721	1305.58608607634	1112.65543154742
gene-OW489_RS07850	3701.1983223194	3016.70722143391	2656.51489932725	2888.10926969447	2711.34067550574	2995.14813465196
gene-OW489_RS08050	243.120105755234	159.67109289778	149.475674235356	195.188524317269	161.288268110861	202.082283783747
gene-OW489_RS08070	115.454296797006	104.952347578878	146.9844129981	171.357367278533	378.602987249706	220.125344835867
gene-OW489_RS08075	2008.23868178638	1295.30931541795	1326.18139863258	2017.70462927968	2700.30516242447	2173.58742141209
gene-OW489_RS08080	44.4054987680792	92.3939470138841	59.7902696941425	120.290602195526	49.2353660548945	139.53300546973
