# Program:featureCounts v2.0.6; Command:"featureCounts" "-T" "2" "-p" "--countReadPairs" "-B" "-C" "-s" "2" "-t" "gene" "-g" "ID" "-a" "reference_genome/annotation.gff3" "-o" "results/day2_rnaseq/counts/featureCounts_all_samples.txt" "results/day2_rnaseq/bam/WTS_1.filtered.bam" "results/day2_rnaseq/bam/WTS_2.filtered.bam" "results/day2_rnaseq/bam/WTS_3.filtered.bam" "results/day2_rnaseq/bam/WT_1.filtered.bam" "results/day2_rnaseq/bam/WT_2.filtered.bam" "results/day2_rnaseq/bam/WT_3.filtered.bam" 
Geneid	Chr	Start	End	Strand	Length	results/day2_rnaseq/bam/WTS_1.filtered.bam	results/day2_rnaseq/bam/WTS_2.filtered.bam	results/day2_rnaseq/bam/WTS_3.filtered.bam	results/day2_rnaseq/bam/WT_1.filtered.bam	results/day2_rnaseq/bam/WT_2.filtered.bam	results/day2_rnaseq/bam/WT_3.filtered.bam
gene-OW489_RS00005	NZ_AP026446.1	101	1468	+	1368	1301	1838	1752	1198	1583	974
gene-OW489_RS00010	NZ_AP026446.1	1689	3122	+	1434	1316	2817	2641	2957	3602	2697
gene-OW489_RS00015	NZ_AP026446.1	3125	3200	-	76	16	113	78	23	35	24
gene-OW489_RS00020	NZ_AP026446.1	3300	4052	+	753	1028	1357	1208	409	445	389
gene-OW489_RS00025	NZ_AP026446.1	4049	4684	-	636	2432	2694	2685	936	1167	941
gene-OW489_RS00030	NZ_AP026446.1	4688	5041	-	354	2	0	1	3	0	1
gene-OW489_RS00035	NZ_AP026446.1	5123	6994	+	1872	370	779	701	449	645	406
gene-OW489_RS00040	NZ_AP026446.1	7037	8431	+	1395	63	119	139	300	371	299
gene-OW489_RS00045	NZ_AP026446.1	8428	9009	+	582	13	27	33	33	17	28
gene-OW489_RS00050	NZ_AP026446.1	9012	11927	+	2916	24	71	54	59	41	23
gene-OW489_RS00055	NZ_AP026446.1	12033	15578	+	3546	21	15	32	83	100	72
gene-OW489_RS00060	NZ_AP026446.1	16017	17669	+	1653	18	47	67	30	38	25
gene-OW489_RS00065	NZ_AP026446.1	17867	18304	+	438	587	1679	1719	551	626	532
gene-OW489_RS00075	NZ_AP026446.1	19289	20476	-	1188	3446	3811	3935	1783	2308	1734
gene-OW489_RS00080	NZ_AP026446.1	20564	21724	-	1161	93	259	333	110	183	111
gene-OW489_RS00085	NZ_AP026446.1	21949	24588	-	2640	14806	16807	23976	26384	38771	28918
gene-OW489_RS00090	NZ_AP026446.1	24742	25068	-	327	21	86	121	128	157	98
gene-OW489_RS00095	NZ_AP026446.1	25052	25405	-	354	639	765	873	1377	2141	1290
gene-OW489_RS00100	NZ_AP026446.1	25402	26064	-	663	929	819	885	1407	1560	1388
gene-OW489_RS00105	NZ_AP026446.1	26170	27546	+	1377	1286	1471	1448	2121	2601	1842
gene-OW489_RS00110	NZ_AP026446.1	27556	28755	-	1200	3732	5631	5978	5230	5662	4831
gene-OW489_RS00115	NZ_AP026446.1	28841	30067	+	1227	402	402	527	501	776	550
gene-OW489_RS00120	NZ_AP026446.1	30064	31098	+	1035	223	299	405	307	484	201
gene-OW489_RS00125	NZ_AP026446.1	31080	31796	+	717	412	1021	1029	625	989	553
gene-OW489_RS00130	NZ_AP026446.1	31822	34173	+	2352	594	699	702	270	415	265
gene-OW489_RS00135	NZ_AP026446.1	34170	34607	-	438	454	701	703	2976	3208	2856
gene-OW489_RS00140	NZ_AP026446.1	34787	35953	+	1167	13887	15874	18606	18869	19512	20219
gene-OW489_RS00145	NZ_AP026446.1	36253	37167	-	915	0	0	0	0	0	0
gene-OW489_RS00150	NZ_AP026446.1	37276	38343	-	1068	772	1261	1396	229	530	217
gene-OW489_RS00155	NZ_AP026446.1	38398	38958	-	561	2482	2154	2288	914	1367	1036
gene-OW489_RS00160	NZ_AP026446.1	38968	39504	-	537	8612	11363	11469	8865	12732	9136
gene-OW489_RS00165	NZ_AP026446.1	39559	40509	-	951	413	741	676	1052	1345	863
gene-OW489_RS00170	NZ_AP026446.1	40513	41856	-	1344	208	447	424	258	320	202
gene-OW489_RS00175	NZ_AP026446.1	41860	42471	-	612	444	431	441	353	512	328
gene-OW489_RS00180	NZ_AP026446.1	42483	42752	-	270	168	319	346	343	350	336
gene-OW489_RS00185	NZ_AP026446.1	42890	44491	+	1602	457	417	596	607	1277	646
gene-OW489_RS00190	NZ_AP026446.1	44590	45939	+	1350	5445	3832	4380	2386	3252	2103
gene-OW489_RS00195	NZ_AP026446.1	45936	47468	+	1533	1837	1893	1927	1792	2839	1614
gene-OW489_RS00200	NZ_AP026446.1	47480	48469	+	990	1006	849	855	913	1032	957
gene-OW489_RS00205	NZ_AP026446.1	48481	49578	+	1098	1009	930	877	643	1008	572
gene-OW489_RS00210	NZ_AP026446.1	49575	50705	+	1131	675	883	800	416	636	379
gene-OW489_RS00215	NZ_AP026446.1	50692	51261	+	570	112	182	161	74	62	61
gene-OW489_RS00220	NZ_AP026446.1	51276	51722	+	447	238	756	728	521	521	440
gene-OW489_RS00225	NZ_AP026446.1	51746	52486	+	741	1124	1223	1305	1039	1159	956
gene-OW489_RS00230	NZ_AP026446.1	52496	52765	+	270	124	115	85	107	155	104
gene-OW489_RS00235	NZ_AP026446.1	52769	53566	+	798	2502	2055	2062	1867	2453	1679
gene-OW489_RS00240	NZ_AP026446.1	53567	54814	+	1248	2596	2766	2665	2186	2628	1992
gene-OW489_RS00245	NZ_AP026446.1	54824	57364	+	2541	2071	2313	2197	1585	2148	1325
gene-OW489_RS00250	NZ_AP026446.1	57364	59409	+	2046	1362	1622	1514	932	1086	927
gene-OW489_RS00255	NZ_AP026446.1	59406	60062	+	657	314	427	336	272	322	255
gene-OW489_RS00260	NZ_AP026446.1	60072	60635	+	564	1073	903	781	832	936	767
gene-OW489_RS00265	NZ_AP026446.1	60635	61108	+	474	261	425	413	368	625	353
gene-OW489_RS00270	NZ_AP026446.1	61110	61685	+	576	135	144	157	106	92	95
gene-OW489_RS00275	NZ_AP026446.1	61673	62248	+	576	160	153	157	62	77	57
gene-OW489_RS00280	NZ_AP026446.1	62282	64318	+	2037	0	0	0	0	0	0
gene-OW489_RS00285	NZ_AP026446.1	64315	65523	+	1209	289	453	438	405	557	421
gene-OW489_RS00290	NZ_AP026446.1	65589	68270	+	2682	1187	1538	1459	1592	2017	1427
gene-OW489_RS00295	NZ_AP026446.1	68384	69130	+	747	10101	10135	11742	18657	20087	20819
gene-OW489_RS00300	NZ_AP026446.1	69181	70203	+	1023	2789	3362	3754	3220	5468	3366
gene-OW489_RS00305	NZ_AP026446.1	70208	70903	-	696	88	122	144	88	113	112
gene-OW489_RS00310	NZ_AP026446.1	71037	72170	+	1134	948	1511	1617	765	877	825
gene-OW489_RS00315	NZ_AP026446.1	72170	72955	+	786	668	544	530	493	837	502
gene-OW489_RS00320	NZ_AP026446.1	72940	73755	+	816	170	282	310	317	415	420
gene-OW489_RS00325	NZ_AP026446.1	73758	74435	+	678	1413	1352	1526	1710	2702	1645
gene-OW489_RS00330	NZ_AP026446.1	74452	75039	+	588	1483	1474	1571	1403	1819	1280
gene-OW489_RS00335	NZ_AP026446.1	75222	76274	-	1053	372	293	259	3625	4534	3164
gene-OW489_RS00340	NZ_AP026446.1	76422	80057	+	3636	2314	2320	2687	8492	12494	8110
gene-OW489_RS00345	NZ_AP026446.1	80039	80827	+	789	690	594	546	1423	1507	1523
gene-OW489_RS00350	NZ_AP026446.1	80882	81196	+	315	362	513	531	1258	1342	1197
gene-OW489_RS00355	NZ_AP026446.1	81556	82188	+	633	5565	5044	5213	3504	3940	3707
gene-OW489_RS00360	NZ_AP026446.1	82212	82739	+	528	4278	6173	6101	9421	7244	9758
gene-OW489_RS00365	NZ_AP026446.1	82747	83088	+	342	1595	2681	2780	3775	3717	3701
gene-OW489_RS00370	NZ_AP026446.1	83098	84009	+	912	7236	7694	8369	9847	13876	9077
gene-OW489_RS08090	NZ_AP026446.1	84333	84437	-	105	0	0	0	0	0	0
gene-OW489_RS00375	NZ_AP026446.1	84550	86784	-	2235	437	836	767	248	257	172
gene-OW489_RS00380	NZ_AP026446.1	86989	88341	-	1353	1723	2531	2331	442	630	440
gene-OW489_RS00385	NZ_AP026446.1	88334	89128	-	795	1097	2041	2190	737	1061	556
gene-OW489_RS00390	NZ_AP026446.1	89128	90768	-	1641	3619	4662	4618	1712	2493	1453
gene-OW489_RS00395	NZ_AP026446.1	90774	91127	-	354	1072	1502	1518	286	416	267
gene-OW489_RS00400	NZ_AP026446.1	91114	91599	-	486	6874	7522	8102	2602	3995	2597
gene-OW489_RS00405	NZ_AP026446.1	91559	91693	-	135	294	574	554	441	518	392
gene-OW489_RS00410	NZ_AP026446.1	91765	92166	-	402	3219	3929	4145	3887	4917	3575
gene-OW489_RS00415	NZ_AP026446.1	92177	92629	-	453	5118	5733	5955	6052	7340	5645
gene-OW489_RS00420	NZ_AP026446.1	92632	93090	-	459	949	2418	2440	1454	1723	1187
gene-OW489_RS00425	NZ_AP026446.1	93087	93890	-	804	1227	1047	1074	953	1361	997
gene-OW489_RS00430	NZ_AP026446.1	93890	94120	-	231	552	817	841	1336	1854	1310
gene-OW489_RS00435	NZ_AP026446.1	94138	94626	-	489	3696	2606	2921	4421	4393	4119
gene-OW489_RS00440	NZ_AP026446.1	94751	95530	+	780	410	782	883	395	606	394
gene-OW489_RS00445	NZ_AP026446.1	96028	97532	+	1505	0	0	0	0	0	0
gene-OW489_RS00455	NZ_AP026446.1	98639	99823	-	1185	0	0	0	0	0	0
gene-OW489_RS00460	NZ_AP026446.1	99832	100563	-	732	0	0	0	0	0	0
gene-OW489_RS00465	NZ_AP026446.1	100797	101057	-	261	0	1	4	1	1	1
gene-OW489_RS00470	NZ_AP026446.1	101128	102006	+	879	1436	1167	1322	1151	1228	1163
gene-OW489_RS00475	NZ_AP026446.1	102009	102890	+	882	663	944	1034	723	1027	763
gene-OW489_RS00485	NZ_AP026446.1	105979	106194	-	216	124	1824	1939	1676	1349	1506
gene-OW489_RS00490	NZ_AP026446.1	106458	107273	+	816	3764	4919	4942	1759	2320	1683
gene-OW489_RS00495	NZ_AP026446.1	107307	109391	+	2085	13996	12437	12949	5630	7098	4998
gene-OW489_RS00500	NZ_AP026446.1	109375	110364	+	990	3479	2946	2920	722	1001	766
gene-OW489_RS00505	NZ_AP026446.1	110361	111434	+	1074	3280	3913	3914	813	1101	635
gene-OW489_RS00510	NZ_AP026446.1	111611	111793	+	183	5230	55026	54968	127841	91581	104655
gene-OW489_RS00515	NZ_AP026446.1	112259	112879	-	621	126	202	140	189	181	128
gene-OW489_RS00520	NZ_AP026446.1	112981	113238	+	258	59	112	74	78	117	58
gene-OW489_RS00525	NZ_AP026446.1	113273	116035	+	2763	9146	8191	8377	12943	16603	12234
gene-OW489_RS00530	NZ_AP026446.1	116052	116966	+	915	1832	1555	1610	1741	2261	1448
gene-OW489_RS00535	NZ_AP026446.1	116967	118271	+	1305	497	534	614	541	936	474
gene-OW489_RS00540	NZ_AP026446.1	118282	118548	+	267	120	157	208	243	343	201
gene-OW489_RS00545	NZ_AP026446.1	118552	119331	+	780	36	27	43	33	57	55
gene-OW489_RS00550	NZ_AP026446.1	119376	120227	-	852	1	17	15	9	12	7
gene-OW489_RS00555	NZ_AP026446.1	120209	121045	-	837	5	10	10	1	6	5
gene-OW489_RS00560	NZ_AP026446.1	121055	122158	-	1104	242	371	341	179	251	166
gene-OW489_RS00565	NZ_AP026446.1	122163	123101	-	939	61	73	71	47	64	36
gene-OW489_RS00570	NZ_AP026446.1	123064	123405	-	342	478	912	979	1038	1362	900
gene-OW489_RS00575	NZ_AP026446.1	123465	123905	+	441	187	275	265	710	757	655
gene-OW489_RS00580	NZ_AP026446.1	124023	124925	-	903	0	0	0	0	0	0
gene-OW489_RS00590	NZ_AP026446.1	126936	127376	-	441	0	0	0	0	0	0
gene-OW489_RS00595	NZ_AP026446.1	128508	131395	+	2888	0	0	0	0	0	0
gene-OW489_RS00600	NZ_AP026446.1	131627	131744	+	118	0	0	0	0	0	0
gene-OW489_RS00605	NZ_AP026446.1	132877	133755	-	879	523	605	667	1267	2391	1227
gene-OW489_RS00610	NZ_AP026446.1	133755	134603	-	849	157	173	235	502	715	523
gene-OW489_RS08165	NZ_AP026446.1	134735	134863	+	129	0	0	0	0	0	0
gene-OW489_RS00615	NZ_AP026446.1	134920	137352	+	2433	577	1355	1429	1533	2117	1292
gene-OW489_RS00620	NZ_AP026446.1	137355	139163	+	1809	200	565	540	1068	1371	862
gene-OW489_RS00630	NZ_AP026446.1	139993	141273	-	1281	12528	10962	11434	15399	20219	13722
gene-OW489_RS00635	NZ_AP026446.1	141469	142746	+	1278	16754	13610	14341	26381	26223	25059
gene-OW489_RS00640	NZ_AP026446.1	142817	143344	+	528	10295	7624	8490	13519	20964	12524
gene-OW489_RS00645	NZ_AP026446.1	143321	143977	-	657	108	92	87	50	61	51
gene-OW489_RS00650	NZ_AP026446.1	143981	145690	-	1710	0	0	0	0	0	0
gene-OW489_RS00655	NZ_AP026446.1	145798	146211	+	414	1213	1470	1395	2005	2285	1906
gene-OW489_RS00660	NZ_AP026446.1	146231	146506	+	276	211	120	161	214	259	202
gene-OW489_RS00665	NZ_AP026446.1	146506	148728	+	2223	2425	2516	2718	4099	5912	4052
gene-OW489_RS00670	NZ_AP026446.1	148718	149068	+	351	212	169	225	191	376	229
gene-OW489_RS00675	NZ_AP026446.1	149079	149372	+	294	117	185	209	285	327	339
gene-OW489_RS00680	NZ_AP026446.1	149372	150367	+	996	817	1221	1411	1288	2133	1265
gene-OW489_RS00685	NZ_AP026446.1	150373	151428	+	1056	546	447	523	320	498	311
gene-OW489_RS00690	NZ_AP026446.1	151444	151569	+	126	0	0	1	0	0	1
gene-OW489_RS00695	NZ_AP026446.1	151566	152309	+	744	750	974	819	119	199	104
gene-OW489_RS00700	NZ_AP026446.1	152309	153274	+	966	124	235	212	34	40	36
gene-OW489_RS00705	NZ_AP026446.1	153267	154403	+	1137	339	488	389	98	85	74
gene-OW489_RS00710	NZ_AP026446.1	154473	155885	+	1413	955	1355	1261	808	895	749
gene-OW489_RS00715	NZ_AP026446.1	155900	157045	+	1146	2313	3331	3434	4019	5095	3684
gene-OW489_RS00720	NZ_AP026446.1	157038	157970	+	933	2604	2592	2589	2818	3669	3062
gene-OW489_RS00725	NZ_AP026446.1	158239	159237	-	999	711	546	502	911	1212	825
gene-OW489_RS00730	NZ_AP026446.1	159240	161492	-	2253	169	210	188	195	309	185
gene-OW489_RS00735	NZ_AP026446.1	161489	162481	-	993	141	304	354	448	708	399
gene-OW489_RS00740	NZ_AP026446.1	162533	163231	-	699	3	12	6	4	2	0
gene-OW489_RS00745	NZ_AP026446.1	163228	164295	-	1068	27	48	48	22	11	21
gene-OW489_RS00750	NZ_AP026446.1	164292	165527	-	1236	1	10	12	1	4	3
gene-OW489_RS00755	NZ_AP026446.1	165974	167005	-	1032	685	1731	1644	421	565	426
gene-OW489_RS00760	NZ_AP026446.1	167015	167797	-	783	718	1693	1834	575	816	571
gene-OW489_RS00770	NZ_AP026446.1	168360	169859	-	1500	1398	1432	1757	2517	4060	2586
gene-OW489_RS00775	NZ_AP026446.1	169886	173443	-	3558	9951	8893	9727	12805	18235	11943
gene-OW489_RS00780	NZ_AP026446.1	173772	173981	+	210	841	6723	7580	12208	14906	12481
gene-OW489_RS00790	NZ_AP026446.1	175200	175622	+	423	0	0	0	0	0	0
gene-OW489_RS00805	NZ_AP026446.1	178789	179049	+	261	0	0	0	0	0	0
gene-OW489_RS00810	NZ_AP026446.1	179059	180474	+	1416	0	0	0	0	0	0
gene-OW489_RS08175	NZ_AP026446.1	180478	180870	+	393	13	7	1	38	24	26
gene-OW489_RS00815	NZ_AP026446.1	180840	181265	+	426	12	11	5	41	34	35
gene-OW489_RS00820	NZ_AP026446.1	181267	181617	+	351	0	0	0	0	0	0
gene-OW489_RS00830	NZ_AP026446.1	184108	184893	-	786	1514	856	737	872	1324	869
gene-OW489_RS00835	NZ_AP026446.1	184893	185492	-	600	9886	4727	4906	5425	6091	5220
gene-OW489_RS00840	NZ_AP026446.1	185521	186246	-	726	496	805	864	508	556	413
gene-OW489_RS00845	NZ_AP026446.1	186304	186816	-	513	6417	5255	6086	5582	8212	5259
gene-OW489_RS00850	NZ_AP026446.1	186818	187405	-	588	23208	16069	18040	15459	24416	14737
gene-OW489_RS00855	NZ_AP026446.1	187598	189307	-	1710	60055	42814	47391	67388	117511	55577
gene-OW489_RS00860	NZ_AP026446.1	189311	190027	-	717	18374	16286	15926	23832	27766	21425
gene-OW489_RS00865	NZ_AP026446.1	190294	190369	-	76	0	0	0	0	0	0
gene-OW489_RS00870	NZ_AP026446.1	190390	190863	-	474	97	182	206	97	90	98
gene-OW489_RS00875	NZ_AP026446.1	190857	192194	-	1338	1377	1379	1391	1186	1458	1086
gene-OW489_RS00880	NZ_AP026446.1	192284	192553	+	270	857	5012	4695	4807	4245	3787
gene-OW489_RS00885	NZ_AP026446.1	192669	193727	+	1059	5663	5808	5469	383	568	431
gene-OW489_RS00890	NZ_AP026446.1	193874	195655	+	1782	351	478	595	682	741	596
gene-OW489_RS00895	NZ_AP026446.1	195813	196082	+	270	0	0	0	0	0	0
gene-OW489_RS00900	NZ_AP026446.1	196368	198389	-	2022	3441	5338	5545	5464	7077	4981
gene-OW489_RS00905	NZ_AP026446.1	198386	198589	-	204	1	1	0	0	0	0
gene-OW489_RS00910	NZ_AP026446.1	198543	198932	-	390	9217	5865	6187	1310	1281	1485
gene-OW489_RS00915	NZ_AP026446.1	198929	199354	-	426	7300	9357	10785	1957	2794	2029
gene-OW489_RS00920	NZ_AP026446.1	199539	199727	-	189	261	301	352	411	532	325
gene-OW489_RS00925	NZ_AP026446.1	199734	201086	-	1353	6658	7226	7778	8755	12249	7979
gene-OW489_RS00930	NZ_AP026446.1	201140	202504	-	1365	1776	2420	2423	2983	3896	2660
gene-OW489_RS00935	NZ_AP026446.1	202525	204582	-	2058	9980	9627	10522	20723	26306	19623
gene-OW489_RS00940	NZ_AP026446.1	204751	205446	-	696	423	539	549	203	291	258
gene-OW489_RS00945	NZ_AP026446.1	205457	206386	-	930	12091	6908	7346	11390	14899	13954
gene-OW489_RS00950	NZ_AP026446.1	206516	206607	+	92	2877	12019	11998	10812	9176	8374
gene-OW489_RS00955	NZ_AP026446.1	206816	207649	+	834	0	0	0	0	0	0
gene-OW489_RS00960	NZ_AP026446.1	207643	208473	+	831	252	243	303	105	113	65
gene-OW489_RS00965	NZ_AP026446.1	208494	208934	-	441	266	234	221	58	76	51
gene-OW489_RS00970	NZ_AP026446.1	208931	209398	-	468	213	320	338	153	176	121
gene-OW489_RS00975	NZ_AP026446.1	209498	210028	-	531	168	283	282	233	324	233
gene-OW489_RS00980	NZ_AP026446.1	210101	211045	+	945	1700	1411	1491	1406	1491	1283
gene-OW489_RS00985	NZ_AP026446.1	211401	212111	-	711	6093	8141	7965	5820	7269	5618
gene-OW489_RS00990	NZ_AP026446.1	212217	213677	-	1461	1150	1410	1375	1631	2187	1524
gene-OW489_RS00995	NZ_AP026446.1	213872	215899	+	2028	5648	5658	6178	8534	12286	8432
gene-OW489_RS01000	NZ_AP026446.1	215899	217005	+	1107	2742	1882	2009	2481	3943	2427
gene-OW489_RS01005	NZ_AP026446.1	217123	217884	+	762	55	81	89	41	52	25
gene-OW489_RS01010	NZ_AP026446.1	217856	218638	-	783	309	547	557	63	98	54
gene-OW489_RS01015	NZ_AP026446.1	218754	219899	-	1146	0	0	0	0	0	0
gene-OW489_RS01020	NZ_AP026446.1	219899	221920	-	2022	0	0	0	0	0	0
gene-OW489_RS01030	NZ_AP026446.1	224000	225712	-	1713	78	141	141	99	123	81
gene-OW489_RS01035	NZ_AP026446.1	225880	226347	-	468	1057	967	968	1872	1857	1941
gene-OW489_RS01040	NZ_AP026446.1	226382	227524	-	1143	299	271	359	504	699	489
gene-OW489_RS01045	NZ_AP026446.1	227545	228462	-	918	163	90	141	130	215	155
gene-OW489_RS01050	NZ_AP026446.1	228570	229148	+	579	12	10	11	17	32	16
gene-OW489_RS01055	NZ_AP026446.1	229284	231146	-	1863	241	261	481	3811	14230	3218
gene-OW489_RS01060	NZ_AP026446.1	231177	231752	-	576	221	123	191	1700	3353	1681
gene-OW489_RS01065	NZ_AP026446.1	231752	232582	-	831	1529	713	852	8882	19691	8689
gene-OW489_RS01070	NZ_AP026446.1	232802	233440	+	639	1267	1456	1342	982	1147	908
gene-OW489_RS01075	NZ_AP026446.1	233461	233757	+	297	227	611	579	906	1022	792
gene-OW489_RS01080	NZ_AP026446.1	233769	235652	-	1884	6182	6797	8827	1540	3124	1368
gene-OW489_RS01085	NZ_AP026446.1	235702	237246	-	1545	5533	6173	8937	2925	4677	2757
gene-OW489_RS01090	NZ_AP026446.1	237412	239622	+	2211	825	1168	1162	1869	2201	1670
gene-OW489_RS01095	NZ_AP026446.1	239615	240541	+	927	508	436	469	722	915	560
gene-OW489_RS01100	NZ_AP026446.1	240633	241898	-	1266	10	24	26	30	61	28
gene-OW489_RS01105	NZ_AP026446.1	242092	244530	-	2439	2317	1940	2674	3878	7619	3797
gene-OW489_RS01110	NZ_AP026446.1	244888	246726	+	1839	8488	9076	9006	4513	5333	4459
gene-OW489_RS01115	NZ_AP026446.1	246723	247334	+	612	3023	4282	4228	2070	2209	1908
gene-OW489_RS01120	NZ_AP026446.1	247315	247509	+	195	469	1219	1086	698	775	727
gene-OW489_RS01125	NZ_AP026446.1	247604	247954	+	351	11465	9727	9640	5179	5860	5454
gene-OW489_RS01130	NZ_AP026446.1	248154	249014	+	861	30449	30866	31162	23352	27933	22576
gene-OW489_RS01140	NZ_AP026446.1	250202	251062	+	861	16596	16525	16517	11084	10511	10583
gene-OW489_RS01145	NZ_AP026446.1	251934	253301	-	1368	469	417	495	583	821	579
gene-OW489_RS01150	NZ_AP026446.1	253301	254542	-	1242	695	755	765	892	1269	882
gene-OW489_RS01155	NZ_AP026446.1	254723	256072	+	1350	3165	1859	1805	2620	2853	2736
gene-OW489_RS01160	NZ_AP026446.1	256151	256285	+	135	65	135	148	97	189	89
gene-OW489_RS01165	NZ_AP026446.1	256515	256973	-	459	2556	2403	2673	4186	6107	3497
gene-OW489_RS01170	NZ_AP026446.1	256983	257618	-	636	2862	2142	2347	3741	4825	3689
gene-OW489_RS01175	NZ_AP026446.1	257611	259056	-	1446	5220	4851	5422	8548	11753	7699
gene-OW489_RS01180	NZ_AP026446.1	259085	259813	-	729	1911	1748	1819	2186	2653	2303
gene-OW489_RS01185	NZ_AP026446.1	260027	261673	+	1647	11751	8833	9048	2377	3615	2244
gene-OW489_RS01190	NZ_AP026446.1	261734	263389	+	1656	9584	8986	9392	2727	3895	2358
gene-OW489_RS01195	NZ_AP026446.1	263413	264399	-	987	204	288	313	134	197	114
gene-OW489_RS01200	NZ_AP026446.1	264401	265849	-	1449	1135	787	684	647	727	627
gene-OW489_RS01205	NZ_AP026446.1	266019	267485	+	1467	1280	1792	2209	3814	5147	4281
gene-OW489_RS01210	NZ_AP026446.1	267498	268196	+	699	1089	1210	1523	2811	4653	3154
gene-OW489_RS01215	NZ_AP026446.1	268207	268425	+	219	372	426	509	857	2202	847
gene-OW489_RS01220	NZ_AP026446.1	268427	269305	+	879	4104	2933	3400	6926	8617	6155
gene-OW489_RS01225	NZ_AP026446.1	269316	269522	+	207	453	1157	1333	2851	4490	2631
gene-OW489_RS01230	NZ_AP026446.1	269623	270207	+	585	3458	2650	3081	4550	8135	4293
gene-OW489_RS01235	NZ_AP026446.1	270219	270800	+	582	339	286	324	456	606	423
gene-OW489_RS01240	NZ_AP026446.1	270888	271655	+	768	2025	3033	3075	3596	4591	3518
gene-OW489_RS01245	NZ_AP026446.1	271652	272518	-	867	199	514	465	333	360	338
gene-OW489_RS01250	NZ_AP026446.1	272617	273660	+	1044	796	980	1317	1857	3299	2024
gene-OW489_RS01255	NZ_AP026446.1	273672	274952	+	1281	2105	2351	3239	4588	7263	4841
gene-OW489_RS01260	NZ_AP026446.1	274945	275220	+	276	616	589	910	906	1792	923
gene-OW489_RS01265	NZ_AP026446.1	275237	275833	+	597	1448	1716	2453	1931	3195	1700
gene-OW489_RS01270	NZ_AP026446.1	275838	276326	+	489	779	824	964	512	842	472
gene-OW489_RS01275	NZ_AP026446.1	276348	277304	+	957	673	606	671	317	453	239
gene-OW489_RS01280	NZ_AP026446.1	277301	278419	-	1119	162	394	464	152	238	109
gene-OW489_RS01285	NZ_AP026446.1	278576	279493	+	918	53	144	217	161	320	167
gene-OW489_RS01290	NZ_AP026446.1	280272	280994	-	723	1034	1612	1608	791	862	807
gene-OW489_RS01295	NZ_AP026446.1	280995	281966	-	972	1187	1375	1517	440	516	371
gene-OW489_RS01300	NZ_AP026446.1	281951	283321	-	1371	3432	5104	6029	1563	2917	1359
gene-OW489_RS01305	NZ_AP026446.1	283347	284024	-	678	20744	17794	19316	10552	13995	10177
gene-OW489_RS01310	NZ_AP026446.1	284260	284802	-	543	29	92	90	24	60	25
gene-OW489_RS01315	NZ_AP026446.1	284793	285056	-	264	86	89	111	36	47	21
gene-OW489_RS01320	NZ_AP026446.1	285100	286380	-	1281	1452	1823	2036	1801	2881	1790
gene-OW489_RS01325	NZ_AP026446.1	286383	287102	-	720	2379	2063	2343	3810	5594	3669
gene-OW489_RS01330	NZ_AP026446.1	287177	288268	-	1092	563	894	933	682	1035	707
gene-OW489_RS01340	NZ_AP026446.1	289359	290126	-	768	155	202	257	128	170	136
gene-OW489_RS01345	NZ_AP026446.1	290120	290848	-	729	79	303	268	146	222	140
gene-OW489_RS01355	NZ_AP026446.1	291331	292230	+	900	13393	12926	15009	16078	23260	15377
gene-OW489_RS01360	NZ_AP026446.1	292247	293170	+	924	20908	13819	15024	14941	16446	15382
gene-OW489_RS01365	NZ_AP026446.1	293192	293755	+	564	3464	5046	5115	5171	4716	5476
gene-OW489_RS01370	NZ_AP026446.1	293881	294909	-	1029	348	489	494	431	652	407
gene-OW489_RS01375	NZ_AP026446.1	294913	295554	-	642	134	300	304	211	246	191
gene-OW489_RS01380	NZ_AP026446.1	295554	296828	-	1275	214	456	413	196	257	157
gene-OW489_RS01385	NZ_AP026446.1	297058	297780	+	723	553	810	806	413	568	396
gene-OW489_RS01390	NZ_AP026446.1	297790	299295	+	1506	6449	6470	6815	5053	6691	4528
gene-OW489_RS01395	NZ_AP026446.1	299295	300545	+	1251	2059	2026	2321	2274	3303	2598
gene-OW489_RS01400	NZ_AP026446.1	300556	301098	+	543	998	1680	1905	1501	1645	1593
gene-OW489_RS01405	NZ_AP026446.1	301120	301920	+	801	1100	2532	2716	2937	3913	2767
gene-OW489_RS01415	NZ_AP026446.1	304135	304671	+	537	1439	1263	1578	952	1237	934
gene-OW489_RS01420	NZ_AP026446.1	304677	306185	-	1509	741	743	739	475	616	394
gene-OW489_RS01425	NZ_AP026446.1	306207	306944	-	738	12505	5285	5517	8752	11703	8188
gene-OW489_RS01430	NZ_AP026446.1	306937	309081	-	2145	5546	4732	5716	8454	11011	8527
gene-OW489_RS01435	NZ_AP026446.1	309091	309858	-	768	1541	1954	2445	2467	3717	2495
gene-OW489_RS01440	NZ_AP026446.1	310072	310776	+	705	1006	1493	1551	1930	2539	2001
gene-OW489_RS01445	NZ_AP026446.1	310786	311619	+	834	1432	1043	1163	1842	2194	2020
gene-OW489_RS01450	NZ_AP026446.1	311619	312629	+	1011	395	625	769	1048	1921	1260
gene-OW489_RS01455	NZ_AP026446.1	312694	313851	+	1158	2170	2184	2473	3300	3976	3776
gene-OW489_RS01460	NZ_AP026446.1	313917	314330	+	414	872	1226	1511	1069	1527	1325
gene-OW489_RS01465	NZ_AP026446.1	314356	314712	+	357	70	77	72	21	22	23
gene-OW489_RS01470	NZ_AP026446.1	314728	314874	+	147	229	1010	1235	1005	1461	1012
gene-OW489_RS01475	NZ_AP026446.1	314951	315970	+	1020	609	982	1492	836	2243	870
gene-OW489_RS01480	NZ_AP026446.1	315995	316990	+	996	1020	888	1449	736	2338	844
gene-OW489_RS01485	NZ_AP026446.1	317012	317314	+	303	41	121	135	152	161	134
gene-OW489_RS01490	NZ_AP026446.1	317605	317988	-	384	75	138	99	230	232	297
gene-OW489_RS08185	NZ_AP026446.1	318049	320427	-	2379	0	0	0	0	0	0
gene-OW489_RS01505	NZ_AP026446.1	321069	322286	+	1218	1259	772	721	1316	1550	1278
gene-OW489_RS01510	NZ_AP026446.1	322300	322749	-	450	29	61	37	4	22	9
gene-OW489_RS01515	NZ_AP026446.1	322739	323329	-	591	95	68	82	14	18	19
gene-OW489_RS01520	NZ_AP026446.1	323367	323495	-	129	0	0	3	3	3	6
gene-OW489_RS01525	NZ_AP026446.1	323649	325001	+	1353	178	300	358	184	335	173
gene-OW489_RS01530	NZ_AP026446.1	325105	326970	+	1866	7544	7881	8980	12674	17736	11815
gene-OW489_RS01535	NZ_AP026446.1	327164	327916	-	753	120	200	211	314	219	306
gene-OW489_RS01540	NZ_AP026446.1	328390	329556	-	1167	436	354	372	194	282	137
gene-OW489_RS01545	NZ_AP026446.1	329567	331432	-	1866	2428	2733	3035	1795	2369	1578
gene-OW489_RS01550	NZ_AP026446.1	331528	333186	+	1659	642	634	710	489	556	449
gene-OW489_RS01555	NZ_AP026446.1	333207	334007	+	801	47	66	93	77	134	119
gene-OW489_RS01560	NZ_AP026446.1	334008	335114	+	1107	164	244	246	244	302	319
gene-OW489_RS01565	NZ_AP026446.1	335166	335465	+	300	160	562	656	585	599	543
gene-OW489_RS01570	NZ_AP026446.1	335470	336300	+	831	344	517	569	183	232	165
gene-OW489_RS01575	NZ_AP026446.1	336316	336867	-	552	2221	3279	3400	4710	5793	4312
gene-OW489_RS01580	NZ_AP026446.1	337012	337473	+	462	219	323	395	288	370	231
gene-OW489_RS01585	NZ_AP026446.1	337646	338809	+	1164	157	282	368	853	1581	735
gene-OW489_RS01590	NZ_AP026446.1	338831	339811	+	981	283	142	231	548	1293	523
gene-OW489_RS01595	NZ_AP026446.1	339971	340204	+	234	808	1268	1292	1066	1874	923
gene-OW489_RS01600	NZ_AP026446.1	340315	341661	+	1347	520	625	681	426	930	447
gene-OW489_RS01605	NZ_AP026446.1	341785	342864	+	1080	1766	3720	4856	6024	8439	5816
gene-OW489_RS01615	NZ_AP026446.1	343566	344399	-	834	159	300	302	220	242	247
gene-OW489_RS01620	NZ_AP026446.1	344634	346715	-	2082	578	1024	1103	4148	4722	3322
gene-OW489_RS01625	NZ_AP026446.1	346974	348131	+	1158	13	27	18	57	61	66
gene-OW489_RS01630	NZ_AP026446.1	348164	348238	-	75	11	49	39	3	9	9
gene-OW489_RS01635	NZ_AP026446.1	348368	349834	-	1467	2179	5400	6332	8108	9362	6601
gene-OW489_RS01640	NZ_AP026446.1	350029	350754	-	726	248	429	451	380	419	269
gene-OW489_RS01645	NZ_AP026446.1	350866	351663	+	798	2798	2822	4016	5009	10181	5054
gene-OW489_RS01650	NZ_AP026446.1	351679	352332	+	654	861	807	1103	1388	3448	1351
gene-OW489_RS01655	NZ_AP026446.1	352357	353529	+	1173	4486	4796	6772	7986	18053	7022
gene-OW489_RS01660	NZ_AP026446.1	353529	354059	+	531	2312	1950	2383	1998	3471	2392
gene-OW489_RS01665	NZ_AP026446.1	354514	355578	-	1065	1693	2239	2388	2828	2381	2889
gene-OW489_RS01670	NZ_AP026446.1	355673	356044	-	372	49	165	158	125	150	90
gene-OW489_RS01675	NZ_AP026446.1	356044	356964	-	921	602	432	395	320	440	347
gene-OW489_RS01680	NZ_AP026446.1	356975	358708	-	1734	1425	1504	1548	1419	1774	1295
gene-OW489_RS01685	NZ_AP026446.1	358712	360061	-	1350	1330	1526	1509	889	1181	704
gene-OW489_RS01690	NZ_AP026446.1	360061	360984	-	924	847	1024	1166	514	658	418
gene-OW489_RS01695	NZ_AP026446.1	360994	361389	-	396	1110	1395	1655	1299	1686	934
gene-OW489_RS01700	NZ_AP026446.1	361382	361666	-	285	4847	2223	2566	6253	8963	5323
gene-OW489_RS01705	NZ_AP026446.1	361687	362121	-	435	9152	11991	14096	74886	104224	69021
gene-OW489_RS01710	NZ_AP026446.1	362327	363472	-	1146	1253	1543	1578	1036	1312	898
gene-OW489_RS01715	NZ_AP026446.1	363469	363786	-	318	571	470	461	460	626	369
gene-OW489_RS01720	NZ_AP026446.1	363783	364811	-	1029	1055	1675	1728	986	1142	989
gene-OW489_RS01725	NZ_AP026446.1	365000	366478	+	1479	5160	5155	5347	5065	6285	4304
gene-OW489_RS01730	NZ_AP026446.1	366499	367587	+	1089	5758	4787	4921	6180	6828	5676
gene-OW489_RS01735	NZ_AP026446.1	367594	368133	+	540	662	672	621	410	700	400
gene-OW489_RS01740	NZ_AP026446.1	368200	369750	-	1551	1488	1232	1275	839	1147	702
gene-OW489_RS01745	NZ_AP026446.1	369760	370782	-	1023	1105	2165	2119	1046	1276	903
gene-OW489_RS01750	NZ_AP026446.1	370889	370964	-	76	16	43	48	6	4	8
gene-OW489_RS01755	NZ_AP026446.1	371123	372565	+	1443	3583	4442	4831	3200	3329	3169
gene-OW489_RS01760	NZ_AP026446.1	372578	373996	+	1419	3718	3250	3573	3709	4551	3693
gene-OW489_RS01765	NZ_AP026446.1	374095	375330	+	1236	3785	3140	3402	922	1388	891
gene-OW489_RS01770	NZ_AP026446.1	375327	375755	+	429	693	817	787	178	257	167
gene-OW489_RS01775	NZ_AP026446.1	375748	376407	+	660	1507	1994	2065	201	408	184
gene-OW489_RS01780	NZ_AP026446.1	376407	377453	+	1047	296	304	301	66	99	82
gene-OW489_RS01785	NZ_AP026446.1	377466	378728	+	1263	280	401	538	64	186	43
gene-OW489_RS01790	NZ_AP026446.1	378747	379901	-	1155	26	69	62	27	28	17
gene-OW489_RS01795	NZ_AP026446.1	379912	380358	-	447	72	224	206	245	241	204
gene-OW489_RS01800	NZ_AP026446.1	380713	381408	+	696	119	342	328	251	315	225
gene-OW489_RS01805	NZ_AP026446.1	381405	382163	+	759	57	77	63	30	54	21
gene-OW489_RS01810	NZ_AP026446.1	382236	384806	+	2571	2103	1748	2589	4825	8895	4517
gene-OW489_RS01815	NZ_AP026446.1	384863	385582	+	720	1036	899	1065	1906	3491	1929
gene-OW489_RS01820	NZ_AP026446.1	385592	386728	+	1137	1050	994	1358	1772	2988	1593
gene-OW489_RS01825	NZ_AP026446.1	386713	387942	+	1230	849	820	972	1560	2726	1457
gene-OW489_RS01830	NZ_AP026446.1	388003	388245	+	243	830	1704	1965	3751	4689	3601
gene-OW489_RS01835	NZ_AP026446.1	388255	389568	+	1314	4462	3599	4322	6133	10283	6395
gene-OW489_RS01840	NZ_AP026446.1	389608	390261	+	654	221	379	491	363	819	430
gene-OW489_RS01845	NZ_AP026446.1	390254	391234	+	981	1574	1636	2091	877	2122	797
gene-OW489_RS01850	NZ_AP026446.1	391224	391757	+	534	345	553	627	355	559	286
gene-OW489_RS01855	NZ_AP026446.1	391754	392293	+	540	230	495	501	366	381	305
gene-OW489_RS01860	NZ_AP026446.1	392310	392708	+	399	76	144	138	104	75	99
gene-OW489_RS01865	NZ_AP026446.1	392745	394040	+	1296	2047	2226	2630	2738	3592	2598
gene-OW489_RS01870	NZ_AP026446.1	394028	394588	+	561	1159	1309	1491	1126	1661	1043
gene-OW489_RS01875	NZ_AP026446.1	394644	394898	+	255	489	662	665	570	588	596
gene-OW489_RS01880	NZ_AP026446.1	394908	396362	+	1455	4172	2916	3023	1902	2321	1842
gene-OW489_RS01885	NZ_AP026446.1	396359	397369	+	1011	274	527	505	172	270	146
gene-OW489_RS01890	NZ_AP026446.1	397366	398352	+	987	1721	1425	1348	734	838	670
gene-OW489_RS01895	NZ_AP026446.1	398596	399711	-	1116	190	256	245	242	277	199
gene-OW489_RS01900	NZ_AP026446.1	399768	401204	+	1437	1985	2013	2232	959	1228	840
gene-OW489_RS01905	NZ_AP026446.1	401211	402242	+	1032	219	344	409	348	572	322
gene-OW489_RS01910	NZ_AP026446.1	402233	403804	+	1572	591	907	979	828	1541	698
gene-OW489_RS01915	NZ_AP026446.1	403801	405057	+	1257	494	758	836	724	984	643
gene-OW489_RS01920	NZ_AP026446.1	405044	406696	+	1653	769	910	973	852	1023	872
gene-OW489_RS01925	NZ_AP026446.1	406699	407217	+	519	235	313	323	200	205	166
gene-OW489_RS01930	NZ_AP026446.1	407230	407703	+	474	634	1069	1122	750	967	759
gene-OW489_RS01935	NZ_AP026446.1	407766	416483	+	8718	687	1285	1202	818	1171	676
gene-OW489_RS01940	NZ_AP026446.1	416531	417748	+	1218	1293	1303	1232	674	711	603
gene-OW489_RS01945	NZ_AP026446.1	417753	418043	+	291	445	415	416	232	381	185
gene-OW489_RS01950	NZ_AP026446.1	418056	418928	+	873	822	1097	1153	526	788	524
gene-OW489_RS01955	NZ_AP026446.1	418929	420608	+	1680	466	734	633	139	131	92
gene-OW489_RS01960	NZ_AP026446.1	420803	421822	+	1020	10386	8880	13737	1088	2791	1154
gene-OW489_RS01965	NZ_AP026446.1	421901	424387	-	2487	3636	4661	5339	1584	2070	1360
gene-OW489_RS01970	NZ_AP026446.1	424619	424933	+	315	2600	6763	6999	2486	2279	2474
gene-OW489_RS01975	NZ_AP026446.1	424948	425214	+	267	3097	5767	5715	2504	2157	2633
gene-OW489_RS01980	NZ_AP026446.1	425331	426980	+	1650	8216	7249	7911	2708	3999	2688
gene-OW489_RS01985	NZ_AP026446.1	426991	427995	+	1005	1242	795	1007	514	1240	436
gene-OW489_RS01990	NZ_AP026446.1	427995	428852	+	858	997	660	861	523	1340	450
gene-OW489_RS01995	NZ_AP026446.1	428864	429727	+	864	380	312	523	230	703	228
gene-OW489_RS02000	NZ_AP026446.1	429724	430530	+	807	1453	822	1243	656	2029	533
gene-OW489_RS02005	NZ_AP026446.1	430550	431632	+	1083	1448	1297	1840	778	2190	675
gene-OW489_RS02010	NZ_AP026446.1	431674	432669	+	996	1028	1450	1514	579	709	469
gene-OW489_RS02015	NZ_AP026446.1	432918	433472	+	555	1582	2384	2557	4121	6857	4129
gene-OW489_RS02020	NZ_AP026446.1	433482	434774	+	1293	710	656	945	805	1226	968
gene-OW489_RS02025	NZ_AP026446.1	434779	435039	+	261	68	86	84	60	98	101
gene-OW489_RS02030	NZ_AP026446.1	435060	435464	+	405	146	181	219	22	47	24
gene-OW489_RS02035	NZ_AP026446.1	435548	436432	+	885	1165	952	913	242	247	263
gene-OW489_RS02040	NZ_AP026446.1	436445	437326	+	882	6043	3894	4237	3738	4738	3856
gene-OW489_RS02045	NZ_AP026446.1	437380	438072	-	693	0	0	0	0	0	0
gene-OW489_RS02050	NZ_AP026446.1	438083	439192	-	1110	0	0	0	0	0	0
gene-OW489_RS02055	NZ_AP026446.1	439288	439674	+	387	384	501	482	385	591	376
gene-OW489_RS02060	NZ_AP026446.1	439674	440639	+	966	1272	1687	1970	1185	1852	1035
gene-OW489_RS02065	NZ_AP026446.1	440645	441790	-	1146	874	1272	1342	1340	1792	1271
gene-OW489_RS02070	NZ_AP026446.1	442285	443040	-	756	11645	7810	8219	43043	59482	43163
gene-OW489_RS02075	NZ_AP026446.1	443101	444726	-	1626	11570	11487	12084	5058	6770	5053
gene-OW489_RS02080	NZ_AP026446.1	444729	444968	-	240	2922	4986	5068	2867	2815	2751
gene-OW489_RS02085	NZ_AP026446.1	445038	445658	-	621	655	1102	1185	1492	2067	1305
gene-OW489_RS02090	NZ_AP026446.1	445651	447258	-	1608	534	825	991	1647	2213	1476
gene-OW489_RS02095	NZ_AP026446.1	447401	447943	+	543	1700	1966	2128	3281	3775	3635
gene-OW489_RS02100	NZ_AP026446.1	447950	448687	-	738	2979	4747	4813	2620	2967	2761
gene-OW489_RS02105	NZ_AP026446.1	448817	449530	+	714	2647	2923	2858	2823	3222	2770
gene-OW489_RS02110	NZ_AP026446.1	449548	450231	+	684	785	693	703	395	574	394
gene-OW489_RS02115	NZ_AP026446.1	450222	451094	+	873	89	165	142	63	78	30
gene-OW489_RS02120	NZ_AP026446.1	451091	451633	+	543	119	204	205	86	152	102
gene-OW489_RS02125	NZ_AP026446.1	451566	452504	-	939	341	480	452	67	136	75
gene-OW489_RS02130	NZ_AP026446.1	452501	453283	-	783	447	710	742	158	197	138
gene-OW489_RS02135	NZ_AP026446.1	453368	453444	+	77	10	23	37	7	4	1
gene-OW489_RS02140	NZ_AP026446.1	453532	454524	+	993	890	1435	1574	714	1309	807
gene-OW489_RS02145	NZ_AP026446.1	454548	455354	+	807	895	1123	1287	874	951	876
gene-OW489_RS02150	NZ_AP026446.1	455351	455584	+	234	56	105	120	81	105	76
gene-OW489_RS02155	NZ_AP026446.1	455596	456396	+	801	390	582	493	202	353	247
gene-OW489_RS02160	NZ_AP026446.1	456393	456803	+	411	4	14	9	4	7	3
gene-OW489_RS02165	NZ_AP026446.1	456857	457054	+	198	0	0	0	0	0	0
gene-OW489_RS02170	NZ_AP026446.1	457245	457583	+	339	0	0	0	0	0	0
gene-OW489_RS02175	NZ_AP026446.1	457567	458127	+	561	0	0	0	0	0	0
gene-OW489_RS02180	NZ_AP026446.1	458138	458467	+	330	0	0	0	0	0	0
gene-OW489_RS02185	NZ_AP026446.1	458551	458817	+	267	0	0	0	0	0	0
gene-OW489_RS02190	NZ_AP026446.1	459142	459528	+	387	0	0	0	0	0	0
gene-OW489_RS02195	NZ_AP026446.1	459528	460313	+	786	0	0	0	0	0	0
gene-OW489_RS02200	NZ_AP026446.1	460303	461391	+	1089	0	0	0	0	0	0
gene-OW489_RS02205	NZ_AP026446.1	461435	462316	-	882	469	390	452	214	219	134
gene-OW489_RS02210	NZ_AP026446.1	462316	463866	-	1551	2298	2034	2158	2026	2575	1771
gene-OW489_RS02215	NZ_AP026446.1	463875	465491	-	1617	3178	3511	3754	4627	5356	4481
gene-OW489_RS02220	NZ_AP026446.1	465740	466408	+	669	65	128	123	193	177	162
gene-OW489_RS02225	NZ_AP026446.1	466452	468155	+	1704	4031	3600	3887	3654	4333	3295
gene-OW489_RS02230	NZ_AP026446.1	468174	469205	+	1032	1807	2294	2401	2214	2691	1817
gene-OW489_RS02235	NZ_AP026446.1	469192	469968	+	777	1233	1185	1189	642	984	564
gene-OW489_RS02240	NZ_AP026446.1	469971	471821	+	1851	3384	2723	2813	2051	2648	1984
gene-OW489_RS02245	NZ_AP026446.1	471836	473626	+	1791	3390	2606	2580	2471	3009	2303
gene-OW489_RS02250	NZ_AP026446.1	473641	474399	+	759	377	430	378	194	336	161
gene-OW489_RS02260	NZ_AP026446.1	475023	475832	-	810	2725	4002	4177	1810	2178	1598
gene-OW489_RS02265	NZ_AP026446.1	475882	477168	-	1287	576	524	560	259	344	219
gene-OW489_RS02270	NZ_AP026446.1	477331	479883	-	2553	2465	3252	3094	1865	2180	1755
gene-OW489_RS02275	NZ_AP026446.1	479880	482216	-	2337	1286	2175	2322	1203	1821	1093
gene-OW489_RS02280	NZ_AP026446.1	482213	484138	-	1926	3005	2347	2494	1982	2434	1875
gene-OW489_RS02285	NZ_AP026446.1	484185	485027	-	843	162	321	325	105	146	61
gene-OW489_RS02290	NZ_AP026446.1	484993	485700	-	708	23	53	55	8	6	4
gene-OW489_RS02295	NZ_AP026446.1	485700	486215	-	516	973	1490	1503	488	454	425
gene-OW489_RS02300	NZ_AP026446.1	486282	487205	+	924	843	707	818	951	1283	864
gene-OW489_RS02305	NZ_AP026446.1	487488	488921	+	1434	81	103	90	123	164	111
gene-OW489_RS02310	NZ_AP026446.1	489013	490677	+	1665	878	1146	1095	793	974	777
gene-OW489_RS02315	NZ_AP026446.1	490671	491294	+	624	112	155	179	89	127	57
gene-OW489_RS02320	NZ_AP026446.1	491298	491867	+	570	59	81	84	52	67	39
gene-OW489_RS02325	NZ_AP026446.1	491978	493162	+	1185	0	0	0	0	0	0
gene-OW489_RS02330	NZ_AP026446.1	493155	493823	+	669	0	0	0	0	0	0
gene-OW489_RS02335	NZ_AP026446.1	493897	494892	+	996	395	391	403	327	393	371
gene-OW489_RS02340	NZ_AP026446.1	494896	495411	-	516	4925	5574	6207	2027	2865	2041
gene-OW489_RS02345	NZ_AP026446.1	495544	496854	+	1311	859	1253	1245	696	815	688
gene-OW489_RS02350	NZ_AP026446.1	497063	497341	+	279	0	0	0	0	0	0
gene-OW489_RS02355	NZ_AP026446.1	497516	497716	-	201	415	853	859	1296	1059	1356
gene-OW489_RS02360	NZ_AP026446.1	497717	499942	-	2226	1481	1785	1880	773	1234	699
gene-OW489_RS02365	NZ_AP026446.1	499939	500652	-	714	1588	1562	1579	1038	1239	913
gene-OW489_RS02370	NZ_AP026446.1	500642	500896	-	255	990	864	1056	897	1560	927
gene-OW489_RS02375	NZ_AP026446.1	500899	502797	-	1899	10387	9870	10472	12717	13268	12977
gene-OW489_RS02380	NZ_AP026446.1	502806	503795	-	990	1478	2548	2927	2306	3485	2055
gene-OW489_RS02385	NZ_AP026446.1	503808	504182	-	375	3906	5458	5731	6452	7113	6143
gene-OW489_RS02390	NZ_AP026446.1	504473	505075	+	603	632	880	1034	547	580	493
gene-OW489_RS02395	NZ_AP026446.1	505077	505164	-	88	51	198	206	43	22	27
gene-OW489_RS02400	NZ_AP026446.1	505207	505614	-	408	194	390	346	136	190	102
gene-OW489_RS02405	NZ_AP026446.1	505617	505859	-	243	14	24	25	8	9	3
gene-OW489_RS02410	NZ_AP026446.1	505853	506389	-	537	256	401	363	122	208	107
gene-OW489_RS02415	NZ_AP026446.1	506386	507423	-	1038	224	379	367	117	131	75
gene-OW489_RS02420	NZ_AP026446.1	507424	508185	-	762	1161	1200	1326	622	654	580
gene-OW489_RS02425	NZ_AP026446.1	508178	508660	-	483	1125	2029	2124	703	924	609
gene-OW489_RS02430	NZ_AP026446.1	508728	509738	-	1011	1878	2087	2341	2588	3282	2211
gene-OW489_RS02435	NZ_AP026446.1	509739	510551	-	813	430	759	697	944	1035	851
gene-OW489_RS02440	NZ_AP026446.1	510701	511423	+	723	106	205	244	60	72	32
gene-OW489_RS02445	NZ_AP026446.1	511413	512267	+	855	368	416	441	293	304	280
gene-OW489_RS02450	NZ_AP026446.1	512276	513220	+	945	294	717	710	250	351	299
gene-OW489_RS02455	NZ_AP026446.1	513230	514552	+	1323	307	521	613	172	335	175
gene-OW489_RS02460	NZ_AP026446.1	514555	515142	+	588	133	338	349	169	210	169
gene-OW489_RS02465	NZ_AP026446.1	515139	516026	+	888	6929	6107	8044	9543	16091	9708
gene-OW489_RS02470	NZ_AP026446.1	516048	516521	+	474	383	807	1198	867	2039	772
gene-OW489_RS02475	NZ_AP026446.1	516575	517456	+	882	7657	4497	5075	2739	3567	2715
gene-OW489_RS02480	NZ_AP026446.1	517443	517697	+	255	1144	926	1050	432	471	305
gene-OW489_RS02485	NZ_AP026446.1	517694	520576	+	2883	5080	6104	6239	2766	3501	2565
gene-OW489_RS02490	NZ_AP026446.1	520576	520911	+	336	189	249	209	71	141	71
gene-OW489_RS02495	NZ_AP026446.1	520904	521344	+	441	678	696	691	144	239	171
gene-OW489_RS02500	NZ_AP026446.1	521452	523440	-	1989	2447	2841	2972	4998	5868	5370
gene-OW489_RS02505	NZ_AP026446.1	523645	524757	+	1113	559	845	776	418	531	359
gene-OW489_RS02510	NZ_AP026446.1	525100	525771	+	672	3381	3426	3701	5039	6557	4846
gene-OW489_RS02515	NZ_AP026446.1	526104	527147	-	1044	340	453	461	284	429	299
gene-OW489_RS02520	NZ_AP026446.1	527178	529379	-	2202	1892	2395	2468	1566	1981	1305
gene-OW489_RS02525	NZ_AP026446.1	529517	529789	+	273	8268	10636	10940	5458	6190	4986
gene-OW489_RS02530	NZ_AP026446.1	529819	531108	+	1290	2152	2232	2373	311	513	348
gene-OW489_RS02535	NZ_AP026446.1	531238	531741	+	504	4706	6918	7045	19746	18793	18884
gene-OW489_RS02540	NZ_AP026446.1	531755	532828	+	1074	14374	7368	8620	26660	37904	27058
gene-OW489_RS02545	NZ_AP026446.1	532828	533316	+	489	478	751	1038	1094	2718	921
gene-OW489_RS02550	NZ_AP026446.1	533313	534689	+	1377	1237	1411	2264	1285	3349	1174
gene-OW489_RS02555	NZ_AP026446.1	534686	535570	+	885	795	730	914	595	1048	590
gene-OW489_RS02560	NZ_AP026446.1	535575	535889	+	315	326	321	405	273	399	243
gene-OW489_RS02565	NZ_AP026446.1	535867	536643	+	777	775	845	850	615	782	499
gene-OW489_RS02570	NZ_AP026446.1	536636	537700	+	1065	110	171	211	119	114	110
gene-OW489_RS02575	NZ_AP026446.1	537704	538567	+	864	429	449	491	339	493	325
gene-OW489_RS02580	NZ_AP026446.1	538595	539131	+	537	20	20	36	21	30	20
gene-OW489_RS02585	NZ_AP026446.1	539128	539625	+	498	508	661	620	405	647	435
gene-OW489_RS02590	NZ_AP026446.1	539633	540082	-	450	3409	3717	3986	2585	3212	2381
gene-OW489_RS02595	NZ_AP026446.1	540242	541417	-	1176	158	279	324	166	298	140
gene-OW489_RS02600	NZ_AP026446.1	541414	541785	-	372	195	199	271	275	407	281
gene-OW489_RS02605	NZ_AP026446.1	541795	542661	-	867	420	581	656	697	974	795
gene-OW489_RS02610	NZ_AP026446.1	542829	544079	+	1251	411	702	693	808	883	871
gene-OW489_RS02615	NZ_AP026446.1	544169	545035	-	867	1338	2374	2411	538	689	441
gene-OW489_RS02620	NZ_AP026446.1	545258	546154	-	897	2090	2206	2575	1642	2569	1313
gene-OW489_RS02625	NZ_AP026446.1	546171	547391	-	1221	4362	3283	3340	3271	4331	2758
gene-OW489_RS02630	NZ_AP026446.1	547413	548843	-	1431	8771	8220	9244	10371	13429	9336
gene-OW489_RS02635	NZ_AP026446.1	548887	550329	-	1443	887	887	1097	603	1057	550
gene-OW489_RS02640	NZ_AP026446.1	550523	551062	-	540	692	1057	1117	326	547	313
gene-OW489_RS02645	NZ_AP026446.1	551059	551667	-	609	353	443	497	177	418	165
gene-OW489_RS02650	NZ_AP026446.1	551677	552465	-	789	1402	1646	2046	1791	2958	1813
gene-OW489_RS02655	NZ_AP026446.1	552462	553364	-	903	2946	3320	3639	2329	3228	2080
gene-OW489_RS02660	NZ_AP026446.1	553379	554713	-	1335	13916	13306	14161	11879	16598	11030
gene-OW489_RS02665	NZ_AP026446.1	554710	555765	-	1056	344	351	365	212	274	220
gene-OW489_RS02670	NZ_AP026446.1	555802	557829	-	2028	923	1495	1618	1001	1403	860
gene-OW489_RS02675	NZ_AP026446.1	557936	558013	-	78	1	2	1	0	0	0
gene-OW489_RS02680	NZ_AP026446.1	558079	559251	-	1173	0	0	0	0	0	0
gene-OW489_RS02685	NZ_AP026446.1	559244	560875	-	1632	4	13	8	6	6	1
gene-OW489_RS02690	NZ_AP026446.1	560865	563990	-	3126	20	79	73	29	45	22
gene-OW489_RS02695	NZ_AP026446.1	564038	565933	-	1896	179	365	375	170	239	148
gene-OW489_RS02700	NZ_AP026446.1	565959	566726	-	768	1257	1642	1724	1673	2257	1495
gene-OW489_RS02705	NZ_AP026446.1	566736	567050	-	315	740	1319	1309	1273	1656	1127
gene-OW489_RS02710	NZ_AP026446.1	567052	568539	-	1488	4078	5190	5693	8287	11885	7152
gene-OW489_RS02715	NZ_AP026446.1	568551	569051	-	501	2341	1136	1240	2052	3080	2010
gene-OW489_RS02720	NZ_AP026446.1	569036	570772	-	1737	6215	6756	7523	14194	21558	12466
gene-OW489_RS02725	NZ_AP026446.1	570869	572119	-	1251	240	530	533	231	362	244
gene-OW489_RS02730	NZ_AP026446.1	572272	572454	-	183	1	11	9	1	0	1
gene-OW489_RS02735	NZ_AP026446.1	572438	572998	-	561	22670	24296	26574	41587	48401	39958
gene-OW489_RS08110	NZ_AP026446.1	573042	573185	-	144	5	2	2	1	3	0
gene-OW489_RS02755	NZ_AP026446.1	575509	576900	-	1392	1393	1560	1679	2350	2923	2035
gene-OW489_RS02760	NZ_AP026446.1	577018	578121	+	1104	10	13	22	16	14	10
gene-OW489_RS02765	NZ_AP026446.1	578130	579767	+	1638	137	240	296	179	267	107
gene-OW489_RS02770	NZ_AP026446.1	579733	580581	+	849	20	54	28	11	19	12
gene-OW489_RS02775	NZ_AP026446.1	580627	582426	+	1800	6122	4698	5482	8165	9768	8726
gene-OW489_RS02780	NZ_AP026446.1	582442	583371	+	930	317	621	803	675	1143	820
gene-OW489_RS02785	NZ_AP026446.1	583374	583997	+	624	27	90	105	127	243	131
gene-OW489_RS02790	NZ_AP026446.1	584088	585143	+	1056	54	122	106	19	64	24
gene-OW489_RS02800	NZ_AP026446.1	586133	587077	-	945	3457	3511	3657	6033	6561	5712
gene-OW489_RS02805	NZ_AP026446.1	587348	588934	+	1587	8255	9856	10278	8386	8793	7873
gene-OW489_RS02825	NZ_AP026446.1	591609	591785	-	177	0	0	0	0	0	0
gene-OW489_RS02830	NZ_AP026446.1	591823	592074	+	252	0	0	0	0	0	0
gene-OW489_RS02840	NZ_AP026446.1	592578	593714	-	1137	4906	5755	6289	2483	3820	2379
gene-OW489_RS02845	NZ_AP026446.1	593896	594084	-	189	2205	4184	4584	2928	3919	2817
gene-OW489_RS02850	NZ_AP026446.1	594184	595032	-	849	1014	2379	2426	2001	2543	1902
gene-OW489_RS02855	NZ_AP026446.1	595158	596219	+	1062	1011	1041	994	484	620	411
gene-OW489_RS02860	NZ_AP026446.1	596221	597489	+	1269	348	572	547	277	400	226
gene-OW489_RS02865	NZ_AP026446.1	597486	597746	-	261	49	60	70	62	72	48
gene-OW489_RS02870	NZ_AP026446.1	597736	598137	-	402	529	777	778	392	416	335
gene-OW489_RS02875	NZ_AP026446.1	598368	599696	+	1329	4911	5166	6202	5595	7650	5362
gene-OW489_RS02880	NZ_AP026446.1	599709	601037	+	1329	1517	1372	1663	817	1072	798
gene-OW489_RS02885	NZ_AP026446.1	601052	602119	+	1068	318	675	850	157	426	154
gene-OW489_RS02890	NZ_AP026446.1	602176	603300	+	1125	5100	5654	6488	7531	11254	6607
gene-OW489_RS02895	NZ_AP026446.1	603313	605634	+	2322	14090	12509	13566	12656	17360	11455
gene-OW489_RS02900	NZ_AP026446.1	605730	606119	-	390	0	0	0	0	0	0
gene-OW489_RS02910	NZ_AP026446.1	606575	607786	+	1212	922	1630	1632	801	964	743
gene-OW489_RS02915	NZ_AP026446.1	607786	608424	+	639	2030	1755	1886	763	1160	823
gene-OW489_RS02920	NZ_AP026446.1	608435	609742	+	1308	1624	1874	1834	1551	2121	1438
gene-OW489_RS02925	NZ_AP026446.1	609744	611123	+	1380	554	597	810	757	1416	795
gene-OW489_RS02930	NZ_AP026446.1	611146	611910	+	765	444	508	659	477	857	567
gene-OW489_RS02935	NZ_AP026446.1	612245	612361	+	117	0	0	0	0	0	0
gene-OW489_RS02940	NZ_AP026446.1	612579	614024	-	1446	13802	10415	10945	14770	15670	14043
gene-OW489_RS02945	NZ_AP026446.1	614250	614546	+	297	0	0	0	0	0	0
gene-OW489_RS02950	NZ_AP026446.1	614972	615421	+	450	237	804	1010	993	1915	1074
gene-OW489_RS02955	NZ_AP026446.1	615425	615967	+	543	147	229	326	164	403	183
gene-OW489_RS02960	NZ_AP026446.1	615967	617298	+	1332	4378	4765	5972	3358	5684	3065
gene-OW489_RS02965	NZ_AP026446.1	617298	618203	+	906	1974	2645	2928	823	1062	669
gene-OW489_RS02970	NZ_AP026446.1	618200	619192	+	993	3050	2501	2664	1070	1545	870
gene-OW489_RS02980	NZ_AP026446.1	620262	620609	+	348	3646	1853	2236	6569	9957	6225
gene-OW489_RS08115	NZ_AP026446.1	620625	620822	+	198	0	0	0	0	0	3
gene-OW489_RS02985	NZ_AP026446.1	620838	622283	+	1446	1443	2358	2480	3069	3654	2629
gene-OW489_RS02990	NZ_AP026446.1	622293	622802	+	510	0	0	0	0	0	0
gene-OW489_RS02995	NZ_AP026446.1	623109	625355	-	2247	2419	2845	2901	1712	2545	1525
gene-OW489_RS03000	NZ_AP026446.1	625364	626356	-	993	2250	2403	2522	2742	3115	2664
gene-OW489_RS03005	NZ_AP026446.1	626361	626960	-	600	1562	2220	2010	2626	3290	2668
gene-OW489_RS03010	NZ_AP026446.1	627098	632491	-	5394	3380	5203	5033	3643	4830	3254
gene-OW489_RS03015	NZ_AP026446.1	632506	634071	-	1566	937	2568	2461	1590	1687	1220
gene-OW489_RS03020	NZ_AP026446.1	634124	635731	-	1608	1494	2352	2521	1648	2074	1648
gene-OW489_RS03025	NZ_AP026446.1	635736	636494	-	759	3258	5318	5452	5216	6527	4968
gene-OW489_RS03030	NZ_AP026446.1	636769	637416	+	648	1105	2000	2120	2863	3221	2934
gene-OW489_RS03035	NZ_AP026446.1	637432	638274	+	843	1732	3019	3343	6166	7060	6717
gene-OW489_RS03040	NZ_AP026446.1	638474	639073	-	600	1675	1929	2055	2330	3118	2287
gene-OW489_RS03045	NZ_AP026446.1	639759	639947	+	189	0	0	0	0	0	0
gene-OW489_RS03050	NZ_AP026446.1	639884	640264	+	381	12	8	5	20	24	19
gene-OW489_RS03055	NZ_AP026446.1	641143	641487	-	345	263	4693	4174	1084	1771	1143
gene-OW489_RS03060	NZ_AP026446.1	641911	643041	+	1131	3391	5270	5780	6282	7975	5565
gene-OW489_RS03065	NZ_AP026446.1	643056	643976	+	921	627	1563	1695	1149	1430	907
gene-OW489_RS03070	NZ_AP026446.1	644058	644771	-	714	425	761	756	527	719	417
gene-OW489_RS03075	NZ_AP026446.1	644768	645913	-	1146	1632	1955	1927	3382	4407	3057
gene-OW489_RS03080	NZ_AP026446.1	645924	646868	-	945	4313	4187	4458	8594	10940	7885
gene-OW489_RS03085	NZ_AP026446.1	646855	647052	+	198	51	55	65	87	89	89
gene-OW489_RS03090	NZ_AP026446.1	647038	647469	-	432	2177	2660	2565	4997	6536	4580
gene-OW489_RS03095	NZ_AP026446.1	647524	648330	-	807	3435	5919	6198	6203	8790	6070
gene-OW489_RS03100	NZ_AP026446.1	648332	651283	-	2952	12824	12894	13507	7366	11025	6935
gene-OW489_RS03105	NZ_AP026446.1	651292	651915	-	624	7176	8988	10290	11199	16902	10966
gene-OW489_RS03110	NZ_AP026446.1	651917	652264	-	348	4838	5195	5427	9701	7715	10059
gene-OW489_RS03115	NZ_AP026446.1	652431	652658	-	228	27	94	121	18	28	24
gene-OW489_RS03120	NZ_AP026446.1	652925	656470	+	3546	2341	2372	2868	14794	21807	10449
gene-OW489_RS03130	NZ_AP026446.1	656949	657716	-	768	1803	2523	2361	469	725	405
gene-OW489_RS03135	NZ_AP026446.1	657756	659072	-	1317	22472	15654	16115	6857	8596	5967
gene-OW489_RS03140	NZ_AP026446.1	659332	659535	+	204	1403	2849	3286	3686	4601	3460
gene-OW489_RS03145	NZ_AP026446.1	659560	660423	+	864	4867	4114	4908	3493	5537	3691
gene-OW489_RS03150	NZ_AP026446.1	660436	661119	+	684	810	618	703	383	403	470
gene-OW489_RS03155	NZ_AP026446.1	661132	662097	+	966	919	1427	1610	810	1409	779
gene-OW489_RS03160	NZ_AP026446.1	662094	662915	+	822	1227	1341	1480	568	850	581
gene-OW489_RS03170	NZ_AP026446.1	663629	664567	-	939	7732	6021	8372	3291	5594	3206
gene-OW489_RS03175	NZ_AP026446.1	664590	665798	-	1209	14830	9165	12960	8997	13132	9864
gene-OW489_RS03180	NZ_AP026446.1	666131	666367	-	237	2951	5437	5662	5760	5133	6341
gene-OW489_RS03185	NZ_AP026446.1	666598	667341	-	744	3950	4262	4673	2112	2751	2560
gene-OW489_RS03190	NZ_AP026446.1	667378	667590	-	213	2357	4808	5275	2958	4216	3052
gene-OW489_RS03195	NZ_AP026446.1	667692	668942	-	1251	1127	1847	1983	2053	2452	2014
gene-OW489_RS03200	NZ_AP026446.1	669116	669361	+	246	343	1154	1083	354	471	372
gene-OW489_RS03205	NZ_AP026446.1	669385	670032	-	648	9794	7726	8852	15160	19653	14504
gene-OW489_RS03210	NZ_AP026446.1	670139	670960	-	822	290	399	429	579	728	679
gene-OW489_RS03215	NZ_AP026446.1	671076	672122	+	1047	107	146	161	169	164	142
gene-OW489_RS03220	NZ_AP026446.1	672257	673129	-	873	193	364	384	61	145	49
gene-OW489_RS03225	NZ_AP026446.1	673163	674263	-	1101	17003	7429	8778	8100	10834	7524
gene-OW489_RS03230	NZ_AP026446.1	674265	675755	-	1491	22379	17563	20259	22574	34438	20483
gene-OW489_RS03235	NZ_AP026446.1	675803	676381	-	579	320	649	621	506	593	600
gene-OW489_RS03240	NZ_AP026446.1	676396	676935	-	540	864	1102	1223	1057	1532	1041
gene-OW489_RS03245	NZ_AP026446.1	676993	677325	-	333	421	1939	2008	2442	2474	1979
gene-OW489_RS03250	NZ_AP026446.1	677377	677832	-	456	592	428	501	426	561	361
gene-OW489_RS03255	NZ_AP026446.1	677853	678551	-	699	919	954	1030	780	971	677
gene-OW489_RS03260	NZ_AP026446.1	678560	679432	-	873	2273	2703	2822	2760	3377	2635
gene-OW489_RS03265	NZ_AP026446.1	679432	680304	-	873	1134	980	1124	672	633	587
gene-OW489_RS03270	NZ_AP026446.1	680383	682410	-	2028	233	599	511	167	195	175
gene-OW489_RS03275	NZ_AP026446.1	682416	682970	-	555	8	73	83	14	18	16
gene-OW489_RS03280	NZ_AP026446.1	682977	684095	-	1119	90	206	205	81	94	74
gene-OW489_RS03285	NZ_AP026446.1	684071	685090	-	1020	762	1060	1126	646	848	492
gene-OW489_RS03290	NZ_AP026446.1	685094	686062	-	969	273	855	895	437	475	418
gene-OW489_RS03295	NZ_AP026446.1	686046	686921	-	876	609	1255	1508	397	519	293
gene-OW489_RS03300	NZ_AP026446.1	686918	687289	-	372	2439	2377	2485	1516	1964	1367
gene-OW489_RS03305	NZ_AP026446.1	687371	688021	-	651	45	70	46	32	35	22
gene-OW489_RS03310	NZ_AP026446.1	688024	688254	-	231	0	3	3	4	4	0
gene-OW489_RS03315	NZ_AP026446.1	688251	691190	-	2940	726	1955	2255	1109	1456	832
gene-OW489_RS03320	NZ_AP026446.1	691108	692097	+	990	182	275	331	205	250	188
gene-OW489_RS03325	NZ_AP026446.1	692281	692622	+	342	1731	1542	1407	1520	930	1653
gene-OW489_RS03330	NZ_AP026446.1	692622	693749	+	1128	5843	4239	4465	5777	7574	5832
gene-OW489_RS03335	NZ_AP026446.1	693751	694572	+	822	4043	2376	2570	3487	6427	3440
gene-OW489_RS03340	NZ_AP026446.1	694572	695126	+	555	748	851	931	1216	2009	1260
gene-OW489_RS03345	NZ_AP026446.1	695235	697013	+	1779	1465	2960	3241	800	1142	768
gene-OW489_RS03350	NZ_AP026446.1	697180	697344	+	165	43	88	87	25	28	22
gene-OW489_RS03355	NZ_AP026446.1	697353	698822	+	1470	596	674	743	352	534	415
gene-OW489_RS03360	NZ_AP026446.1	698858	699173	+	316	6194	9467	12249	16952	21197	16642
gene-OW489_RS03365	NZ_AP026446.1	699356	699874	+	519	4903	4310	4882	4947	6990	4862
gene-OW489_RS03370	NZ_AP026446.1	699877	701862	-	1986	1682	1709	1765	1537	2094	1200
gene-OW489_RS03375	NZ_AP026446.1	701863	702984	-	1122	2196	2284	2376	1925	3179	1616
gene-OW489_RS03380	NZ_AP026446.1	703007	704308	-	1302	8997	8426	9146	13757	16896	13000
gene-OW489_RS03385	NZ_AP026446.1	704380	705306	-	927	0	12	11	0	0	0
gene-OW489_RS03390	NZ_AP026446.1	705450	706982	+	1533	141347	116170	127532	179655	192115	174924
gene-OW489_RS03395	NZ_AP026446.1	707110	707766	+	657	1669	1286	1608	416	706	386
gene-OW489_RS03400	NZ_AP026446.1	707763	708380	+	618	94	234	325	66	140	59
gene-OW489_RS03405	NZ_AP026446.1	708449	709468	+	1020	3677	3921	4409	4774	5954	4949
gene-OW489_RS03410	NZ_AP026446.1	709477	710910	+	1434	3255	3334	4318	5360	8495	4834
gene-OW489_RS03415	NZ_AP026446.1	710921	711625	+	705	686	724	901	1026	1327	1111
gene-OW489_RS03420	NZ_AP026446.1	711638	714718	+	3081	4178	3435	4507	4177	7183	4264
gene-OW489_RS03425	NZ_AP026446.1	714715	715284	+	570	122	241	286	304	374	297
gene-OW489_RS03430	NZ_AP026446.1	715437	724994	+	9558	3273	3551	4756	1416	2463	1228
gene-OW489_RS03435	NZ_AP026446.1	725053	725808	-	756	7	8	3	2	3	2
gene-OW489_RS03440	NZ_AP026446.1	725808	726509	-	702	3	75	72	22	21	7
gene-OW489_RS03445	NZ_AP026446.1	726830	727162	-	333	281	507	550	357	474	341
gene-OW489_RS03450	NZ_AP026446.1	727263	729233	-	1971	1781	1578	1661	2577	3665	2309
gene-OW489_RS03455	NZ_AP026446.1	729311	730252	+	942	823	999	956	1254	1737	1225
gene-OW489_RS03460	NZ_AP026446.1	730287	732020	+	1734	1894	2394	2684	2643	3997	2764
gene-OW489_RS03465	NZ_AP026446.1	732037	732612	+	576	456	334	374	467	690	526
gene-OW489_RS03470	NZ_AP026446.1	732637	733635	+	999	96	289	432	208	540	114
gene-OW489_RS03475	NZ_AP026446.1	733688	735028	+	1341	188	941	828	530	677	501
gene-OW489_RS03480	NZ_AP026446.1	735084	735605	+	522	2402	2957	2863	2317	2442	2348
gene-OW489_RS03485	NZ_AP026446.1	735753	738005	-	2253	766	1135	1110	308	422	198
gene-OW489_RS03490	NZ_AP026446.1	738023	738388	-	366	250	444	433	171	207	113
gene-OW489_RS03495	NZ_AP026446.1	738388	739737	-	1350	1079	1172	1240	499	544	388
gene-OW489_RS03500	NZ_AP026446.1	739730	740857	-	1128	847	1439	1538	520	726	421
gene-OW489_RS03505	NZ_AP026446.1	741012	742091	+	1080	2338	2420	2724	3070	3049	2969
gene-OW489_RS03510	NZ_AP026446.1	742103	743308	+	1206	563	555	797	1355	3643	1182
gene-OW489_RS03515	NZ_AP026446.1	743320	744378	+	1059	312	256	322	705	1405	653
gene-OW489_RS03520	NZ_AP026446.1	744644	746692	+	2049	112	102	132	130	180	111
gene-OW489_RS03525	NZ_AP026446.1	746741	747325	-	585	1817	1026	1062	2313	3540	2782
gene-OW489_RS03530	NZ_AP026446.1	747485	748639	+	1155	865	670	761	5971	9232	6303
gene-OW489_RS03535	NZ_AP026446.1	748656	750392	+	1737	1219	960	1220	9912	16792	10063
gene-OW489_RS03540	NZ_AP026446.1	750405	751079	+	675	218	232	315	2482	4734	2429
gene-OW489_RS03545	NZ_AP026446.1	751076	751612	+	537	787	352	389	1856	3207	1937
gene-OW489_RS03550	NZ_AP026446.1	751613	753151	+	1539	404	293	328	898	1923	734
gene-OW489_RS03555	NZ_AP026446.1	753156	753569	-	414	307	714	685	1013	1304	975
gene-OW489_RS03560	NZ_AP026446.1	753701	754153	-	453	804	1446	1495	2245	2608	2160
gene-OW489_RS03565	NZ_AP026446.1	754335	755252	+	918	0	0	0	0	0	0
gene-OW489_RS03570	NZ_AP026446.1	755351	756571	-	1221	565	964	913	440	511	375
gene-OW489_RS03575	NZ_AP026446.1	756988	757242	+	255	0	0	0	0	0	0
gene-OW489_RS03580	NZ_AP026446.1	757242	758363	+	1122	0	0	0	0	0	0
gene-OW489_RS03585	NZ_AP026446.1	758360	758575	+	216	0	0	0	0	0	0
gene-OW489_RS03590	NZ_AP026446.1	758577	758885	+	309	0	0	0	0	0	0
gene-OW489_RS03595	NZ_AP026446.1	758882	759841	+	960	0	0	0	0	0	0
gene-OW489_RS03600	NZ_AP026446.1	760039	760305	+	267	0	0	0	0	0	0
gene-OW489_RS03605	NZ_AP026446.1	760318	761487	+	1170	0	0	0	0	0	0
gene-OW489_RS03610	NZ_AP026446.1	761489	763054	+	1566	0	0	0	0	0	0
gene-OW489_RS03615	NZ_AP026446.1	763056	764729	+	1674	0	0	0	0	0	0
gene-OW489_RS03620	NZ_AP026446.1	767128	767328	-	201	0	0	0	0	0	0
gene-OW489_RS03625	NZ_AP026446.1	767663	768256	+	594	0	0	0	0	0	0
gene-OW489_RS03635	NZ_AP026446.1	769536	775037	+	5502	0	0	0	0	0	0
gene-OW489_RS03640	NZ_AP026446.1	775067	776377	+	1311	0	0	0	0	0	0
gene-OW489_RS03645	NZ_AP026446.1	776380	776931	+	552	0	0	0	0	0	0
gene-OW489_RS03650	NZ_AP026446.1	776928	777323	+	396	0	0	0	0	0	0
gene-OW489_RS03655	NZ_AP026446.1	777323	777724	+	402	0	0	0	0	0	0
gene-OW489_RS03660	NZ_AP026446.1	777721	778308	+	588	0	0	0	0	0	0
gene-OW489_RS03665	NZ_AP026446.1	778564	779133	+	570	0	0	0	0	0	0
gene-OW489_RS03670	NZ_AP026446.1	779144	780271	+	1128	0	0	0	0	0	0
gene-OW489_RS03675	NZ_AP026446.1	780286	780648	+	363	0	0	0	0	0	0
gene-OW489_RS03680	NZ_AP026446.1	780708	781139	+	432	0	0	0	0	0	0
gene-OW489_RS03685	NZ_AP026446.1	781203	783005	+	1803	0	0	0	0	0	0
gene-OW489_RS03690	NZ_AP026446.1	783105	784661	+	1557	0	0	0	0	0	0
gene-OW489_RS03695	NZ_AP026446.1	784724	784933	+	210	0	0	0	0	0	0
gene-OW489_RS03700	NZ_AP026446.1	784944	785174	+	231	0	0	0	0	0	0
gene-OW489_RS03705	NZ_AP026446.1	785178	785501	+	324	0	0	0	0	0	0
gene-OW489_RS03710	NZ_AP026446.1	785554	786549	+	996	0	0	0	0	0	0
gene-OW489_RS03715	NZ_AP026446.1	786533	786760	+	228	0	0	0	0	0	0
gene-OW489_RS03720	NZ_AP026446.1	786819	787364	+	546	0	0	0	0	0	0
gene-OW489_RS03725	NZ_AP026446.1	787366	788163	+	798	0	0	0	0	0	0
gene-OW489_RS03730	NZ_AP026446.1	788163	788783	+	621	0	0	0	0	0	0
gene-OW489_RS03735	NZ_AP026446.1	788783	789109	+	327	0	0	0	0	0	0
gene-OW489_RS03740	NZ_AP026446.1	789161	790042	+	882	0	0	0	0	0	0
gene-OW489_RS03745	NZ_AP026446.1	790059	790901	+	843	0	0	0	0	0	0
gene-OW489_RS03750	NZ_AP026446.1	790898	791683	+	786	0	0	0	0	0	0
gene-OW489_RS03755	NZ_AP026446.1	792218	794311	-	2094	2	4	4	3	0	1
gene-OW489_RS03760	NZ_AP026446.1	794538	795440	-	903	27	36	28	16	25	4
gene-OW489_RS03765	NZ_AP026446.1	795685	796029	-	345	16	48	50	4	4	4
gene-OW489_RS03770	NZ_AP026446.1	796049	796975	-	927	1996	2052	2201	501	628	399
gene-OW489_RS03775	NZ_AP026446.1	797155	797976	-	822	7617	8132	8874	5692	6944	5734
gene-OW489_RS03780	NZ_AP026446.1	798151	800976	+	2826	2119	2459	2442	1709	2119	1824
gene-OW489_RS03785	NZ_AP026446.1	801293	802438	-	1146	1818	2066	2097	1534	2444	1335
gene-OW489_RS03790	NZ_AP026446.1	802435	802908	-	474	489	636	657	497	863	397
gene-OW489_RS03795	NZ_AP026446.1	802908	805394	-	2487	5961	5348	5202	5773	7416	5568
gene-OW489_RS03800	NZ_AP026446.1	805414	805800	-	387	92	102	111	54	88	55
gene-OW489_RS03805	NZ_AP026446.1	805793	806821	-	1029	1450	1896	2256	1173	1751	1091
gene-OW489_RS03810	NZ_AP026446.1	807135	807635	-	501	5622	3400	4268	2291	4624	2116
gene-OW489_RS03815	NZ_AP026446.1	807652	809949	-	2298	13816	7920	11806	5159	15750	4172
gene-OW489_RS03820	NZ_AP026446.1	809961	812102	-	2142	22803	10435	14651	6803	14481	5637
gene-OW489_RS03825	NZ_AP026446.1	812304	813305	-	1002	2004	2817	3252	1848	2548	1569
gene-OW489_RS03830	NZ_AP026446.1	813431	814795	-	1365	2230	1598	2378	790	2081	731
gene-OW489_RS03835	NZ_AP026446.1	814814	815437	-	624	120	134	203	95	248	72
gene-OW489_RS03840	NZ_AP026446.1	815434	816132	-	699	268	343	591	283	696	230
gene-OW489_RS03845	NZ_AP026446.1	816143	817318	-	1176	819	563	1025	468	1288	344
gene-OW489_RS03850	NZ_AP026446.1	817576	818388	-	813	736	774	848	1414	1828	1302
gene-OW489_RS03855	NZ_AP026446.1	818525	820453	+	1929	983	1275	1350	462	740	516
gene-OW489_RS03860	NZ_AP026446.1	820701	823004	+	2304	1788	2640	4382	557	945	481
gene-OW489_RS03865	NZ_AP026446.1	823043	823789	-	747	540	812	913	518	689	372
gene-OW489_RS03870	NZ_AP026446.1	823873	825174	+	1302	285	464	504	713	628	673
gene-OW489_RS03875	NZ_AP026446.1	825407	825772	+	366	0	0	1	3	0	0
gene-OW489_RS03880	NZ_AP026446.1	825812	826306	+	495	46	20	51	37	219	28
gene-OW489_RS03885	NZ_AP026446.1	826606	826908	+	303	10	29	47	56	49	36
gene-OW489_RS03890	NZ_AP026446.1	826948	827445	+	498	0	0	0	0	0	0
gene-OW489_RS03895	NZ_AP026446.1	827615	829981	+	2367	9063	7378	8291	4559	5599	4292
gene-OW489_RS03900	NZ_AP026446.1	830043	830990	+	948	1637	1934	2139	1586	1950	1712
gene-OW489_RS03905	NZ_AP026446.1	831104	831871	+	768	92	144	187	55	90	74
gene-OW489_RS03910	NZ_AP026446.1	831875	832381	+	507	326	345	315	68	98	46
gene-OW489_RS03915	NZ_AP026446.1	832443	833510	-	1068	51	90	75	82	77	71
gene-OW489_RS03920	NZ_AP026446.1	833523	833666	-	144	0	0	0	0	0	0
gene-OW489_RS03925	NZ_AP026446.1	833960	835132	-	1173	2163	2496	2766	743	746	755
gene-OW489_RS03930	NZ_AP026446.1	835291	836103	-	813	11893	11789	12709	8968	10210	8685
gene-OW489_RS03940	NZ_AP026446.1	841285	842574	-	1290	1670	1620	1797	715	1056	675
gene-OW489_RS03945	NZ_AP026446.1	842571	843944	-	1374	2512	2085	2277	1284	1925	1136
gene-OW489_RS03950	NZ_AP026446.1	843944	844459	-	516	622	1201	1281	1076	1649	924
gene-OW489_RS03955	NZ_AP026446.1	844497	845594	-	1098	35	40	82	23	31	11
gene-OW489_RS03960	NZ_AP026446.1	845591	846310	-	720	267	298	318	82	142	101
gene-OW489_RS03965	NZ_AP026446.1	846285	846749	-	465	156	178	158	23	22	13
gene-OW489_RS03970	NZ_AP026446.1	846750	847757	-	1008	1352	1643	1666	276	442	244
gene-OW489_RS03975	NZ_AP026446.1	847768	849048	-	1281	2125	3138	3088	996	1231	884
gene-OW489_RS03980	NZ_AP026446.1	849048	850472	-	1425	10443	8170	8456	4636	6262	4160
gene-OW489_RS03985	NZ_AP026446.1	850472	851770	-	1299	7765	7125	7809	4441	6651	4326
gene-OW489_RS03990	NZ_AP026446.1	851776	852837	-	1062	6764	5172	5268	2711	3348	2574
gene-OW489_RS03995	NZ_AP026446.1	852839	855619	-	2781	4861	4130	5090	2469	3983	2258
gene-OW489_RS04000	NZ_AP026446.1	855657	856739	-	1083	820	1048	1274	1649	2046	1541
gene-OW489_RS04005	NZ_AP026446.1	857047	857550	+	504	2404	2640	2695	132694	158710	147839
gene-OW489_RS04010	NZ_AP026446.1	857566	858189	+	624	307	338	366	692	929	639
gene-OW489_RS04015	NZ_AP026446.1	858314	859510	+	1197	36	44	54	43	65	32
gene-OW489_RS04020	NZ_AP026446.1	859519	860109	-	591	910	1840	2052	684	887	490
gene-OW489_RS04025	NZ_AP026446.1	860154	861560	-	1407	13798	9329	9979	5216	6970	4960
gene-OW489_RS04030	NZ_AP026446.1	861618	862886	-	1269	1149	1006	1027	634	694	583
gene-OW489_RS04035	NZ_AP026446.1	862889	863296	-	408	860	973	1041	711	1340	592
gene-OW489_RS04040	NZ_AP026446.1	863308	864129	-	822	2666	3014	3347	3157	3814	2898
gene-OW489_RS04045	NZ_AP026446.1	864126	865808	-	1683	1470	2562	2645	992	1334	731
gene-OW489_RS04050	NZ_AP026446.1	865817	866110	-	294	413	592	574	422	551	344
gene-OW489_RS04055	NZ_AP026446.1	866107	867426	-	1320	3136	4070	4500	2266	3096	2085
gene-OW489_RS04060	NZ_AP026446.1	867592	868302	-	711	3386	2986	3436	3802	4395	3415
gene-OW489_RS04065	NZ_AP026446.1	868304	869161	-	858	3577	3216	3392	4050	5793	4023
gene-OW489_RS04070	NZ_AP026446.1	869176	869679	-	504	0	0	0	0	0	0
gene-OW489_RS04075	NZ_AP026446.1	869693	870901	-	1209	82	118	122	48	56	23
gene-OW489_RS04080	NZ_AP026446.1	870963	871643	+	681	500	505	578	404	458	320
gene-OW489_RS04085	NZ_AP026446.1	871681	872604	-	924	0	0	0	1	0	0
gene-OW489_RS04090	NZ_AP026446.1	872901	874145	-	1245	434	700	723	380	546	284
gene-OW489_RS04095	NZ_AP026446.1	874148	874870	-	723	543	630	658	324	432	394
gene-OW489_RS04100	NZ_AP026446.1	874883	875284	-	402	41	56	62	44	63	55
gene-OW489_RS04105	NZ_AP026446.1	875281	877026	-	1746	933	1257	1338	1132	1290	958
gene-OW489_RS04110	NZ_AP026446.1	877095	877727	-	633	164	374	319	247	342	236
gene-OW489_RS04115	NZ_AP026446.1	877997	878419	+	423	14713	8617	9332	10573	14051	10826
gene-OW489_RS04120	NZ_AP026446.1	878449	878919	+	471	9663	8194	8806	10838	13678	11072
gene-OW489_RS04125	NZ_AP026446.1	879195	880193	-	999	33	33	56	329	1063	263
gene-OW489_RS04130	NZ_AP026446.1	880323	881654	+	1332	398	367	418	1341	2730	1041
gene-OW489_RS04140	NZ_AP026446.1	883908	884825	-	918	491	760	941	490	749	502
gene-OW489_RS04145	NZ_AP026446.1	884795	885781	-	987	555	863	912	249	298	222
gene-OW489_RS04150	NZ_AP026446.1	885875	886906	-	1032	100	179	155	94	135	74
gene-OW489_RS04160	NZ_AP026446.1	887846	888112	-	267	1	2	6	8	10	4
gene-OW489_RS08195	NZ_AP026446.1	889967	890605	-	639	0	0	0	0	0	0
gene-OW489_RS08200	NZ_AP026446.1	890619	891782	-	1164	0	0	0	0	0	0
gene-OW489_RS04175	NZ_AP026446.1	891896	893215	-	1320	869	1013	921	1199	1511	1212
gene-OW489_RS04180	NZ_AP026446.1	893217	893678	-	462	542	893	957	979	1293	955
gene-OW489_RS04185	NZ_AP026446.1	893687	894796	-	1110	2362	1531	1598	1523	2021	1437
gene-OW489_RS04190	NZ_AP026446.1	894945	895421	+	477	110	284	268	115	171	99
gene-OW489_RS04195	NZ_AP026446.1	895499	896542	+	1044	1796	3493	3743	3430	4499	2923
gene-OW489_RS04200	NZ_AP026446.1	896542	897267	+	726	1409	1645	1802	654	759	567
gene-OW489_RS04205	NZ_AP026446.1	897254	898735	+	1482	1161	1495	1596	1022	1223	916
gene-OW489_RS04210	NZ_AP026446.1	898745	899230	+	486	708	736	763	433	490	382
gene-OW489_RS04215	NZ_AP026446.1	899295	900251	+	957	3146	2228	2204	2286	2407	2272
gene-OW489_RS04220	NZ_AP026446.1	900293	900369	-	77	0	0	0	0	0	0
gene-OW489_RS04225	NZ_AP026446.1	900331	901476	-	1146	630	740	738	265	414	246
gene-OW489_RS04240	NZ_AP026446.1	902853	903836	+	984	251	249	279	51	58	46
gene-OW489_RS04245	NZ_AP026446.1	903799	905046	+	1248	1321	2332	2354	2709	3631	2318
gene-OW489_RS04250	NZ_AP026446.1	905057	906238	+	1182	559	707	820	543	746	413
gene-OW489_RS04255	NZ_AP026446.1	906235	906906	+	672	787	1128	1033	680	809	663
gene-OW489_RS04260	NZ_AP026446.1	906893	907699	+	807	805	1094	1187	613	971	561
gene-OW489_RS04265	NZ_AP026446.1	907692	908894	+	1203	1144	2253	2338	2035	2763	1743
gene-OW489_RS04270	NZ_AP026446.1	908990	909349	+	360	1887	2542	2993	2089	2421	1846
gene-OW489_RS04275	NZ_AP026446.1	909366	911423	+	2058	3462	3500	4492	3373	4417	3531
gene-OW489_RS04280	NZ_AP026446.1	911471	911851	+	381	281	496	628	501	605	449
gene-OW489_RS04285	NZ_AP026446.1	911838	912077	+	240	46	166	178	94	123	86
gene-OW489_RS04290	NZ_AP026446.1	912130	912789	+	660	146	183	222	113	153	118
gene-OW489_RS04295	NZ_AP026446.1	912818	912964	+	147	26	52	68	56	94	38
gene-OW489_RS04300	NZ_AP026446.1	912968	913846	+	879	134	175	210	137	267	173
gene-OW489_RS04305	NZ_AP026446.1	913973	915286	+	1314	1397	1499	1572	778	1117	682
gene-OW489_RS04310	NZ_AP026446.1	915286	916602	+	1317	750	994	908	291	348	285
gene-OW489_RS04315	NZ_AP026446.1	916603	918114	-	1512	1212	1961	2363	1297	1751	1370
gene-OW489_RS04320	NZ_AP026446.1	918092	918739	-	648	4423	5546	6153	2493	3421	2403
gene-OW489_RS04325	NZ_AP026446.1	918864	919421	+	558	204	1152	1212	736	1057	620
gene-OW489_RS04330	NZ_AP026446.1	919428	920306	+	879	925	1035	1164	994	1197	1095
gene-OW489_RS04335	NZ_AP026446.1	920318	920632	-	315	5	20	16	4	10	10
gene-OW489_RS04340	NZ_AP026446.1	920689	921369	-	681	0	0	0	0	0	0
gene-OW489_RS04345	NZ_AP026446.1	921597	922007	-	411	0	0	0	0	0	0
gene-OW489_RS04360	NZ_AP026446.1	924058	924663	+	606	14	54	76	41	45	29
gene-OW489_RS04365	NZ_AP026446.1	924656	925732	+	1077	49	67	97	151	192	82
gene-OW489_RS04370	NZ_AP026446.1	925792	926529	-	738	1085	2167	2097	341	513	347
gene-OW489_RS04375	NZ_AP026446.1	926548	927909	-	1362	237	398	455	148	273	174
gene-OW489_RS04380	NZ_AP026446.1	927916	929007	-	1092	605	796	1016	492	728	527
gene-OW489_RS04385	NZ_AP026446.1	929018	930226	-	1209	1520	2092	2035	1298	1462	1375
gene-OW489_RS04390	NZ_AP026446.1	930250	932577	-	2328	6120	7012	7612	2208	2950	2176
gene-OW489_RS04395	NZ_AP026446.1	932564	932788	-	225	467	1581	1971	1740	2703	1516
gene-OW489_RS04400	NZ_AP026446.1	932830	933552	-	723	309	430	740	583	1383	488
gene-OW489_RS04405	NZ_AP026446.1	933657	934340	-	684	33	84	83	188	231	174
gene-OW489_RS04410	NZ_AP026446.1	934477	937035	+	2559	15740	9859	10635	17361	20942	17163
gene-OW489_RS04415	NZ_AP026446.1	937115	937381	+	267	77	77	118	107	168	130
gene-OW489_RS04420	NZ_AP026446.1	937632	938921	+	1290	1530	1998	2104	793	1396	613
gene-OW489_RS04425	NZ_AP026446.1	939016	940383	+	1368	1095	1359	1373	1921	2665	1846
gene-OW489_RS04430	NZ_AP026446.1	940390	940917	-	528	14510	9515	10534	11931	15130	10497
gene-OW489_RS04435	NZ_AP026446.1	940959	941344	-	386	70422	208191	192970	383811	606386	423154
gene-OW489_RS04440	NZ_AP026446.1	941410	941964	-	555	1017	1470	1544	1501	1975	1385
gene-OW489_RS04445	NZ_AP026446.1	942111	944708	+	2598	3507	3876	4549	5398	8290	5235
gene-OW489_RS04450	NZ_AP026446.1	944698	945930	+	1233	1455	1189	1419	731	1263	715
gene-OW489_RS04455	NZ_AP026446.1	946213	947712	+	1500	7812	9277	11097	11447	21879	10433
gene-OW489_RS04460	NZ_AP026446.1	948002	949231	-	1230	0	0	0	0	0	0
gene-OW489_RS04465	NZ_AP026446.1	949267	951327	-	2061	1767	1567	2105	2361	4968	2325
gene-OW489_RS04470	NZ_AP026446.1	951352	952872	-	1521	3407	3577	4277	2641	4140	2387
gene-OW489_RS04475	NZ_AP026446.1	952875	953402	-	528	491	552	848	704	1314	775
gene-OW489_RS04480	NZ_AP026446.1	953407	953994	-	588	1115	1199	1728	1382	2553	1574
gene-OW489_RS04485	NZ_AP026446.1	954017	955372	-	1356	12583	10732	13395	12110	18670	11008
gene-OW489_RS04490	NZ_AP026446.1	955485	956318	-	834	66	39	26	13	28	16
gene-OW489_RS04495	NZ_AP026446.1	956351	957133	-	783	8259	9335	10044	15489	19298	15114
gene-OW489_RS04500	NZ_AP026446.1	957252	957728	-	477	363	668	649	334	349	398
gene-OW489_RS04505	NZ_AP026446.1	957737	958267	-	531	942	1011	1066	806	1184	800
gene-OW489_RS04510	NZ_AP026446.1	958280	958717	-	438	48	110	108	43	62	51
gene-OW489_RS04520	NZ_AP026446.1	959012	959590	-	579	183	308	493	194	331	204
gene-OW489_RS04525	NZ_AP026446.1	959709	960455	-	747	747	912	1014	306	370	300
gene-OW489_RS04530	NZ_AP026446.1	960421	960558	-	138	5	14	15	4	11	4
gene-OW489_RS04535	NZ_AP026446.1	960636	961670	-	1035	1574	1440	1440	775	1006	818
gene-OW489_RS04540	NZ_AP026446.1	961877	962143	+	267	0	0	0	0	0	0
gene-OW489_RS04545	NZ_AP026446.1	962197	963039	-	843	174	610	568	303	347	239
gene-OW489_RS04550	NZ_AP026446.1	963121	963735	+	615	2	13	13	3	14	5
gene-OW489_RS04555	NZ_AP026446.1	963746	966121	-	2376	125	137	114	47	73	61
gene-OW489_RS04560	NZ_AP026446.1	966313	966669	-	357	102	93	120	75	87	83
gene-OW489_RS04565	NZ_AP026446.1	966676	967227	-	552	1643	1833	1926	1979	2491	1930
gene-OW489_RS04570	NZ_AP026446.1	967236	967838	-	603	290	297	317	129	176	154
gene-OW489_RS04575	NZ_AP026446.1	967817	968143	-	327	380	272	317	150	276	137
gene-OW489_RS04580	NZ_AP026446.1	968603	969607	-	1005	72	107	114	78	88	78
gene-OW489_RS04585	NZ_AP026446.1	969740	970357	+	618	1585	1830	1789	1208	1286	1056
gene-OW489_RS04590	NZ_AP026446.1	970358	971125	+	768	471	645	625	404	388	379
gene-OW489_RS04595	NZ_AP026446.1	971141	971914	+	774	1766	2125	2281	2479	2893	2255
gene-OW489_RS04600	NZ_AP026446.1	971917	972684	+	768	1446	1893	2054	2337	3226	1988
gene-OW489_RS04605	NZ_AP026446.1	972688	973125	+	438	359	490	521	422	426	346
gene-OW489_RS04615	NZ_AP026446.1	973667	974239	-	573	0	0	0	0	0	0
gene-OW489_RS04620	NZ_AP026446.1	974233	975051	-	819	0	0	0	0	0	0
gene-OW489_RS04625	NZ_AP026446.1	975333	976889	+	1557	250	324	398	262	671	224
gene-OW489_RS04630	NZ_AP026446.1	976891	977532	+	642	238	379	428	250	319	212
gene-OW489_RS04635	NZ_AP026446.1	977544	977723	-	180	160	300	285	697	812	565
gene-OW489_RS04640	NZ_AP026446.1	977715	978176	+	462	1013	1137	1171	947	1362	888
gene-OW489_RS04645	NZ_AP026446.1	978177	979961	+	1785	401	628	655	111	241	101
gene-OW489_RS04650	NZ_AP026446.1	979973	981238	+	1266	448	605	606	826	1036	746
gene-OW489_RS04655	NZ_AP026446.1	981239	981583	+	345	235	193	222	140	202	146
gene-OW489_RS04660	NZ_AP026446.1	981672	981992	+	321	12247	13093	13954	12924	16152	12864
gene-OW489_RS04665	NZ_AP026446.1	981998	982933	+	936	34292	37137	39696	33709	35832	33549
gene-OW489_RS04670	NZ_AP026446.1	983138	983959	+	822	83	253	251	219	280	218
gene-OW489_RS04675	NZ_AP026446.1	984165	984413	-	249	2205	9180	9128	5258	5031	4931
gene-OW489_RS04680	NZ_AP026446.1	984735	985415	-	681	5231	6138	6524	3310	4118	3123
gene-OW489_RS04685	NZ_AP026446.1	985536	986981	-	1446	522	670	898	1636	3262	1491
gene-OW489_RS04690	NZ_AP026446.1	986991	988352	-	1362	719	927	1265	2128	3991	1917
gene-OW489_RS04695	NZ_AP026446.1	988411	989001	-	591	66	79	95	12	24	35
gene-OW489_RS04700	NZ_AP026446.1	989003	989791	-	789	3626	4010	4299	3719	4584	3219
gene-OW489_RS04705	NZ_AP026446.1	989884	990771	-	888	236	477	522	518	643	440
gene-OW489_RS04710	NZ_AP026446.1	990848	992233	+	1386	955	1315	1406	1077	1281	946
gene-OW489_RS04715	NZ_AP026446.1	992374	992658	+	285	1568	6326	5860	6845	4542	6721
gene-OW489_RS04720	NZ_AP026446.1	992711	992787	+	77	1	1	2	0	2	1
gene-OW489_RS04725	NZ_AP026446.1	993333	993938	+	606	8518	5948	6904	10699	13357	8971
gene-OW489_RS04730	NZ_AP026446.1	993958	994575	+	618	3287	3610	4107	3520	4869	3089
gene-OW489_RS04735	NZ_AP026446.1	994572	996335	+	1764	4591	4764	4732	7297	6924	7826
gene-OW489_RS04740	NZ_AP026446.1	996339	997322	+	984	1354	1736	1914	1376	1993	1105
gene-OW489_RS04745	NZ_AP026446.1	997319	998596	+	1278	438	845	923	420	641	301
gene-OW489_RS04750	NZ_AP026446.1	998596	999333	+	738	238	333	338	92	97	51
gene-OW489_RS04755	NZ_AP026446.1	999358	1000017	-	660	70	153	116	134	177	121
gene-OW489_RS04760	NZ_AP026446.1	1000010	1000819	-	810	49	52	88	78	122	98
gene-OW489_RS04765	NZ_AP026446.1	1000816	1001595	-	780	4	4	8	7	13	5
gene-OW489_RS04770	NZ_AP026446.1	1001688	1004690	-	3003	334	413	424	450	689	421
gene-OW489_RS04775	NZ_AP026446.1	1004762	1006048	-	1287	409	723	780	726	1174	593
gene-OW489_RS04780	NZ_AP026446.1	1006041	1007627	-	1587	172	210	197	208	305	200
gene-OW489_RS04790	NZ_AP026446.1	1007806	1008492	+	687	1252	1319	1224	690	721	729
gene-OW489_RS04795	NZ_AP026446.1	1008527	1009459	-	933	123	124	154	67	118	84
gene-OW489_RS04800	NZ_AP026446.1	1009456	1011057	-	1602	312	297	483	338	1179	261
gene-OW489_RS04805	NZ_AP026446.1	1011304	1012281	+	978	723	429	375	374	349	385
gene-OW489_RS04810	NZ_AP026446.1	1012449	1013027	-	579	453	732	836	727	1182	871
gene-OW489_RS04815	NZ_AP026446.1	1013020	1014405	-	1386	585	689	749	495	970	550
gene-OW489_RS04820	NZ_AP026446.1	1014402	1015394	-	993	1954	3001	3100	2077	2800	1771
gene-OW489_RS04825	NZ_AP026446.1	1015403	1015927	-	525	426	626	610	200	287	154
gene-OW489_RS04830	NZ_AP026446.1	1015914	1016651	-	738	955	835	807	383	467	408
gene-OW489_RS04835	NZ_AP026446.1	1016642	1017307	-	666	1244	1417	1284	530	534	551
gene-OW489_RS04840	NZ_AP026446.1	1017312	1018964	-	1653	9246	8421	9063	4799	6599	4549
gene-OW489_RS04845	NZ_AP026446.1	1018969	1019625	-	657	1499	2234	2286	1937	2770	1861
gene-OW489_RS04850	NZ_AP026446.1	1019622	1020059	-	438	469	757	611	613	652	595
gene-OW489_RS04855	NZ_AP026446.1	1020049	1020543	-	495	1680	2446	2776	3208	4279	3011
gene-OW489_RS04860	NZ_AP026446.1	1020584	1021666	-	1083	1566	1677	1696	411	637	352
gene-OW489_RS04865	NZ_AP026446.1	1021666	1022127	-	462	1237	1909	2362	961	1532	852
gene-OW489_RS04870	NZ_AP026446.1	1022134	1022487	-	354	1625	1488	2013	1032	1705	864
gene-OW489_RS04875	NZ_AP026446.1	1022546	1024702	-	2157	8140	7133	8936	4331	6336	4393
gene-OW489_RS04885	NZ_AP026446.1	1025945	1026274	+	330	47	61	46	71	65	53
gene-OW489_RS04890	NZ_AP026446.1	1026332	1026547	-	216	10768	8663	9038	12945	24276	10905
gene-OW489_RS04895	NZ_AP026446.1	1026632	1027507	-	876	72751	32001	32698	66131	92110	58728
gene-OW489_RS04900	NZ_AP026446.1	1027658	1029175	-	1518	158529	114289	115430	289235	360602	256511
gene-OW489_RS04905	NZ_AP026446.1	1029497	1031872	+	2376	10931	12561	17850	600	922	553
gene-OW489_RS04910	NZ_AP026446.1	1031873	1032346	-	474	347	397	426	695	729	676
gene-OW489_RS04915	NZ_AP026446.1	1032476	1033201	+	726	840	977	1045	1834	2008	1724
gene-OW489_RS04920	NZ_AP026446.1	1033716	1036118	-	2403	0	0	0	0	0	0
gene-OW489_RS04925	NZ_AP026446.1	1036169	1036720	-	552	21	8	20	20	76	18
gene-OW489_RS04930	NZ_AP026446.1	1036746	1038590	-	1845	718	1349	1568	1515	2338	1339
gene-OW489_RS04935	NZ_AP026446.1	1038683	1040143	+	1461	559	789	748	197	268	238
gene-OW489_RS04940	NZ_AP026446.1	1040144	1041541	+	1398	3608	3549	3586	1795	2255	1871
gene-OW489_RS04945	NZ_AP026446.1	1041765	1045640	+	3876	16696	12881	11965	2181	2508	2037
gene-OW489_RS04950	NZ_AP026446.1	1045992	1046759	-	768	310	272	332	409	502	384
gene-OW489_RS04955	NZ_AP026446.1	1046759	1047739	-	981	489	349	340	435	478	427
gene-OW489_RS04960	NZ_AP026446.1	1047732	1048574	-	843	95	111	85	131	171	141
gene-OW489_RS04965	NZ_AP026446.1	1048715	1049239	+	525	1804	2086	2103	5301	4559	5757
gene-OW489_RS04970	NZ_AP026446.1	1049343	1049609	-	267	0	0	0	0	0	0
gene-OW489_RS04975	NZ_AP026446.1	1049590	1049967	-	378	0	0	0	0	0	0
gene-OW489_RS04980	NZ_AP026446.1	1050242	1052476	-	2235	5	1	4	2	4	2
gene-OW489_RS04985	NZ_AP026446.1	1052757	1052833	-	77	1	0	0	0	0	0
gene-OW489_RS04990	NZ_AP026446.1	1052860	1052934	-	75	2	1	1	0	0	0
gene-OW489_RS05000	NZ_AP026446.1	1053484	1054596	-	1113	519	345	351	489	714	459
gene-OW489_RS05005	NZ_AP026446.1	1054602	1054835	-	234	836	444	494	1001	1748	1050
gene-OW489_RS05010	NZ_AP026446.1	1054835	1055563	-	729	3970	2555	2565	6238	6386	6481
gene-OW489_RS05015	NZ_AP026446.1	1055811	1056110	-	300	56	119	126	775	606	777
gene-OW489_RS05020	NZ_AP026446.1	1056121	1057326	-	1206	6	12	9	8	0	2
gene-OW489_RS05025	NZ_AP026446.1	1057344	1058909	-	1566	2	6	4	2	0	0
gene-OW489_RS05030	NZ_AP026446.1	1059143	1060708	+	1566	261	495	569	269	362	222
gene-OW489_RS05035	NZ_AP026446.1	1060759	1061679	+	921	1681	2143	2277	2764	2990	2404
gene-OW489_RS05040	NZ_AP026446.1	1061676	1063493	+	1818	3211	3773	4335	4589	5918	3938
gene-OW489_RS05045	NZ_AP026446.1	1063545	1064180	+	636	148	253	282	176	267	172
gene-OW489_RS05055	NZ_AP026446.1	1065304	1067334	+	2031	463	633	716	237	306	222
gene-OW489_RS05060	NZ_AP026446.1	1068177	1069736	+	1560	18420	15491	20257	18289	29233	15746
gene-OW489_RS05065	NZ_AP026446.1	1069758	1071350	+	1593	4672	3939	7126	5451	17504	4668
gene-OW489_RS05070	NZ_AP026446.1	1071905	1073449	-	1545	4911	4759	5138	2683	3366	2531
gene-OW489_RS05075	NZ_AP026446.1	1073706	1076147	-	2442	1393	1792	2218	945	1460	952
gene-OW489_RS05080	NZ_AP026446.1	1076324	1076755	-	432	1173	1255	1236	496	819	466
gene-OW489_RS05085	NZ_AP026446.1	1076760	1080017	-	3258	9468	7409	9576	4238	8418	3904
gene-OW489_RS05090	NZ_AP026446.1	1080115	1080807	-	693	14854	7898	10645	15297	34002	15845
gene-OW489_RS05095	NZ_AP026446.1	1080951	1081949	+	999	150	269	278	206	237	170
gene-OW489_RS05100	NZ_AP026446.1	1082029	1089216	+	7188	921	1797	1825	1958	2504	1683
gene-OW489_RS05105	NZ_AP026446.1	1089268	1090371	+	1104	2	0	0	0	0	0
gene-OW489_RS05110	NZ_AP026446.1	1090429	1090635	-	207	144	366	393	672	508	625
gene-OW489_RS05115	NZ_AP026446.1	1090781	1091362	+	582	1204	795	822	408	539	370
gene-OW489_RS05120	NZ_AP026446.1	1091359	1092504	+	1146	821	911	774	459	698	484
gene-OW489_RS05125	NZ_AP026446.1	1092473	1093423	+	951	913	955	848	986	1357	999
gene-OW489_RS05130	NZ_AP026446.1	1093424	1093966	+	543	303	368	405	339	420	285
gene-OW489_RS05135	NZ_AP026446.1	1093982	1094893	+	912	1832	2672	2949	1261	1600	1034
gene-OW489_RS05140	NZ_AP026446.1	1094890	1095693	+	804	2060	2596	2674	3016	3631	2809
gene-OW489_RS05145	NZ_AP026446.1	1095690	1096349	+	660	1658	1791	1772	1624	2114	1637
gene-OW489_RS05150	NZ_AP026446.1	1096353	1096955	+	603	1006	707	710	564	769	558
gene-OW489_RS05155	NZ_AP026446.1	1096952	1097707	+	756	66	103	88	14	34	15
gene-OW489_RS05160	NZ_AP026446.1	1097722	1098207	+	486	87	71	69	35	65	48
gene-OW489_RS05165	NZ_AP026446.1	1098427	1100412	+	1986	140	739	572	74	72	53
gene-OW489_RS05170	NZ_AP026446.1	1100551	1101933	-	1383	35	108	82	16	28	11
gene-OW489_RS05175	NZ_AP026446.1	1102180	1103880	-	1701	97	231	219	296	363	284
gene-OW489_RS05180	NZ_AP026446.1	1103948	1104661	-	714	909	964	866	350	421	248
gene-OW489_RS05185	NZ_AP026446.1	1104645	1105421	-	777	1625	1918	1794	1148	1447	1156
gene-OW489_RS05190	NZ_AP026446.1	1105493	1106626	-	1134	1499	1113	1313	454	928	455
gene-OW489_RS05195	NZ_AP026446.1	1106633	1107985	-	1353	1027	849	1117	505	850	482
gene-OW489_RS05200	NZ_AP026446.1	1108026	1109258	-	1233	3731	2990	3244	2445	3226	2141
gene-OW489_RS05205	NZ_AP026446.1	1109280	1109657	-	378	1348	911	1000	639	727	608
gene-OW489_RS05210	NZ_AP026446.1	1109976	1110050	+	75	0	0	0	0	0	0
gene-OW489_RS05215	NZ_AP026446.1	1110082	1110381	+	300	0	0	0	0	0	0
gene-OW489_RS05220	NZ_AP026446.1	1110446	1110532	+	87	23	31	30	2	3	4
gene-OW489_RS05225	NZ_AP026446.1	1110607	1110681	+	75	327	1653	1786	81	90	103
gene-OW489_RS05230	NZ_AP026446.1	1110727	1110814	+	88	2735	2385	2440	113	159	142
gene-OW489_RS05235	NZ_AP026446.1	1110941	1112431	+	1491	2250	8607	9593	885	1690	923
gene-OW489_RS05240	NZ_AP026446.1	1112743	1113105	+	363	10355	15655	15650	22498	24986	20993
gene-OW489_RS05245	NZ_AP026446.1	1113669	1114682	-	1014	876	1383	1460	1728	2804	1520
gene-OW489_RS05250	NZ_AP026446.1	1114692	1115144	-	453	543	593	749	521	1427	497
gene-OW489_RS05255	NZ_AP026446.1	1115158	1116027	-	870	434	779	982	806	1184	914
gene-OW489_RS05260	NZ_AP026446.1	1116108	1116722	+	615	359	499	473	254	257	191
gene-OW489_RS05265	NZ_AP026446.1	1116732	1117388	+	657	170	171	188	160	215	232
gene-OW489_RS05270	NZ_AP026446.1	1117391	1117957	-	567	4209	3455	3561	3853	5274	3912
gene-OW489_RS05280	NZ_AP026446.1	1118652	1119506	-	855	1094	1848	1730	1170	1102	957
gene-OW489_RS05285	NZ_AP026446.1	1119516	1120244	-	729	707	940	886	260	317	217
gene-OW489_RS05290	NZ_AP026446.1	1120269	1121450	-	1182	1529	1451	1589	641	1022	636
gene-OW489_RS05295	NZ_AP026446.1	1121451	1122230	-	780	4558	7966	8142	6383	7817	5885
gene-OW489_RS05300	NZ_AP026446.1	1122240	1122971	-	732	525	654	661	594	758	515
gene-OW489_RS05305	NZ_AP026446.1	1122973	1123869	-	897	1126	1039	1173	1195	1268	1186
gene-OW489_RS05310	NZ_AP026446.1	1123884	1124822	-	939	2403	2389	2784	2869	3562	2947
gene-OW489_RS05315	NZ_AP026446.1	1124932	1125471	-	540	0	0	0	0	0	0
gene-OW489_RS05325	NZ_AP026446.1	1125990	1126277	-	288	5	0	1	1	8	4
gene-OW489_RS05330	NZ_AP026446.1	1126345	1126626	-	282	19	44	51	22	56	16
gene-OW489_RS05335	NZ_AP026446.1	1126637	1129696	-	3060	1227	1435	1495	729	1251	800
gene-OW489_RS05340	NZ_AP026446.1	1129696	1130775	-	1080	393	487	533	202	284	214
gene-OW489_RS05345	NZ_AP026446.1	1130772	1132067	-	1296	736	958	1047	250	331	241
gene-OW489_RS05350	NZ_AP026446.1	1132057	1134159	-	2103	3578	3910	4033	3286	4517	2803
gene-OW489_RS05355	NZ_AP026446.1	1134271	1135338	+	1068	1803	1786	2003	2614	3277	2202
gene-OW489_RS05360	NZ_AP026446.1	1135351	1136826	+	1476	3870	3837	4003	3130	3747	2755
gene-OW489_RS05365	NZ_AP026446.1	1136841	1137122	+	282	106	239	278	245	360	210
gene-OW489_RS05370	NZ_AP026446.1	1137195	1138505	-	1311	668	760	780	1152	1282	1000
gene-OW489_RS05375	NZ_AP026446.1	1138635	1140098	+	1464	2221	3760	4076	2251	2878	1955
gene-OW489_RS05380	NZ_AP026446.1	1140099	1141595	+	1497	1555	2261	2202	2206	2186	2007
gene-OW489_RS05385	NZ_AP026446.1	1141730	1142887	+	1158	1838	2012	2095	1716	2165	1432
gene-OW489_RS05395	NZ_AP026446.1	1143287	1143463	-	177	0	0	0	0	0	0
gene-OW489_RS05400	NZ_AP026446.1	1143482	1144315	-	834	542	997	1037	1555	1916	1585
gene-OW489_RS08130	NZ_AP026446.1	1144308	1144508	-	201	0	0	0	0	0	0
gene-OW489_RS05405	NZ_AP026446.1	1144741	1144858	-	118	0	0	0	0	0	0
gene-OW489_RS05410	NZ_AP026446.1	1145090	1147977	-	2888	0	0	0	0	0	0
gene-OW489_RS05415	NZ_AP026446.1	1149117	1150838	+	1722	2254	2328	2549	9943	15780	8323
gene-OW489_RS05420	NZ_AP026446.1	1151743	1153743	+	2001	0	0	0	0	0	0
gene-OW489_RS05425	NZ_AP026446.1	1154819	1155886	+	1068	0	0	0	0	0	0
gene-OW489_RS05430	NZ_AP026446.1	1156200	1156988	-	789	0	7	2	11	4	6
gene-OW489_RS05435	NZ_AP026446.1	1156960	1157211	-	252	0	0	0	0	0	0
gene-OW489_RS05445	NZ_AP026446.1	1158333	1158980	+	648	0	0	0	0	0	0
gene-OW489_RS05450	NZ_AP026446.1	1158984	1160225	-	1242	0	0	0	0	0	0
gene-OW489_RS05455	NZ_AP026446.1	1160237	1161472	-	1236	0	0	0	0	0	0
gene-OW489_RS05460	NZ_AP026446.1	1161472	1162905	-	1434	1	0	1	0	0	0
gene-OW489_RS05465	NZ_AP026446.1	1162915	1164921	-	2007	0	0	0	0	0	0
gene-OW489_RS05470	NZ_AP026446.1	1164921	1165988	-	1068	0	0	0	0	0	0
gene-OW489_RS05475	NZ_AP026446.1	1165989	1166153	-	165	0	0	0	0	0	0
gene-OW489_RS05480	NZ_AP026446.1	1166791	1167441	+	651	0	0	0	0	0	0
gene-OW489_RS05485	NZ_AP026446.1	1167503	1167880	+	378	0	0	0	0	0	0
gene-OW489_RS05490	NZ_AP026446.1	1167858	1168430	+	573	0	0	0	0	0	0
gene-OW489_RS05500	NZ_AP026446.1	1169312	1169782	-	471	0	0	0	0	0	0
gene-OW489_RS05505	NZ_AP026446.1	1169837	1171897	-	2061	0	0	0	0	0	0
gene-OW489_RS05510	NZ_AP026446.1	1172232	1180832	-	8601	0	0	0	0	0	0
gene-OW489_RS05515	NZ_AP026446.1	1180852	1183116	-	2265	0	0	0	0	0	0
gene-OW489_RS05520	NZ_AP026446.1	1183113	1183631	-	519	0	0	0	0	0	0
gene-OW489_RS05525	NZ_AP026446.1	1183628	1184572	-	945	0	0	0	0	0	0
gene-OW489_RS05530	NZ_AP026446.1	1184577	1184849	-	273	0	0	0	0	0	0
gene-OW489_RS05535	NZ_AP026446.1	1184867	1185844	-	978	0	0	0	0	0	0
gene-OW489_RS05540	NZ_AP026446.1	1185857	1188106	-	2250	0	0	0	0	0	0
gene-OW489_RS05545	NZ_AP026446.1	1188090	1189292	-	1203	0	0	0	0	0	0
gene-OW489_RS05550	NZ_AP026446.1	1189289	1190965	-	1677	0	0	0	0	0	0
gene-OW489_RS05555	NZ_AP026446.1	1190962	1192131	-	1170	0	0	0	0	0	0
gene-OW489_RS05560	NZ_AP026446.1	1192124	1192258	-	135	0	0	0	0	0	0
gene-OW489_RS05565	NZ_AP026446.1	1192255	1194837	-	2583	0	0	0	0	0	0
gene-OW489_RS05570	NZ_AP026446.1	1194837	1195073	-	237	0	0	0	0	0	0
gene-OW489_RS05575	NZ_AP026446.1	1195084	1195347	-	264	0	0	0	0	0	0
gene-OW489_RS05580	NZ_AP026446.1	1195358	1195642	-	285	0	0	0	0	0	0
gene-OW489_RS05585	NZ_AP026446.1	1195639	1196118	-	480	0	0	0	0	0	0
gene-OW489_RS05590	NZ_AP026446.1	1196222	1197010	-	789	0	0	0	0	0	0
gene-OW489_RS05600	NZ_AP026446.1	1198969	1199676	+	708	67	158	173	531	648	353
gene-OW489_RS05605	NZ_AP026446.1	1199766	1202291	-	2526	2641	2361	2438	608	791	589
gene-OW489_RS05610	NZ_AP026446.1	1202640	1203608	-	969	325	379	360	145	237	132
gene-OW489_RS05615	NZ_AP026446.1	1203621	1205048	-	1428	0	0	0	0	0	0
gene-OW489_RS05620	NZ_AP026446.1	1205248	1206390	+	1143	74	172	199	118	330	117
gene-OW489_RS05625	NZ_AP026446.1	1206511	1208292	+	1782	28	35	35	18	36	23
gene-OW489_RS05630	NZ_AP026446.1	1208303	1209031	-	729	416	673	825	1295	2415	1460
gene-OW489_RS05635	NZ_AP026446.1	1209218	1210072	+	855	917	1188	1224	476	470	469
gene-OW489_RS05640	NZ_AP026446.1	1210087	1211661	+	1575	505	603	595	532	628	436
gene-OW489_RS05645	NZ_AP026446.1	1211658	1212965	+	1308	633	874	826	568	807	490
gene-OW489_RS05650	NZ_AP026446.1	1212984	1213280	+	297	308	622	616	153	175	159
gene-OW489_RS05660	NZ_AP026446.1	1213795	1214139	-	345	0	0	0	0	0	0
gene-OW489_RS05665	NZ_AP026446.1	1214141	1214611	-	471	0	0	0	0	0	0
gene-OW489_RS05670	NZ_AP026446.1	1215017	1215157	+	141	0	0	0	0	0	0
gene-OW489_RS05675	NZ_AP026446.1	1215183	1216046	-	864	1057	1507	1488	485	569	374
gene-OW489_RS05680	NZ_AP026446.1	1216024	1216677	-	654	3327	2380	2376	1555	1512	1287
gene-OW489_RS05685	NZ_AP026446.1	1216748	1217620	+	873	572	1016	964	1828	1917	1770
gene-OW489_RS05690	NZ_AP026446.1	1217620	1217823	+	204	220	209	155	380	347	394
gene-OW489_RS05695	NZ_AP026446.1	1217836	1218732	+	897	1110	1035	1120	1388	1586	1448
gene-OW489_RS05700	NZ_AP026446.1	1218725	1219456	+	732	83	164	159	34	50	17
gene-OW489_RS05705	NZ_AP026446.1	1219453	1219890	-	438	2	6	3	1	0	0
gene-OW489_RS05710	NZ_AP026446.1	1219949	1221016	-	1068	6472	4476	6050	4367	9745	4016
gene-OW489_RS05715	NZ_AP026446.1	1221016	1221810	-	795	10286	9932	13122	11968	22576	10489
gene-OW489_RS05720	NZ_AP026446.1	1222061	1224877	+	2817	560	1046	1056	712	820	604
gene-OW489_RS05725	NZ_AP026446.1	1224901	1226217	+	1317	1588	1227	1310	1313	1511	1303
gene-OW489_RS05730	NZ_AP026446.1	1226265	1226558	+	294	125	380	398	576	803	533
gene-OW489_RS05735	NZ_AP026446.1	1226558	1228135	+	1578	1878	2054	2483	3244	4916	3451
gene-OW489_RS05740	NZ_AP026446.1	1228145	1229116	+	972	4686	3636	4326	4152	6404	3900
gene-OW489_RS05745	NZ_AP026446.1	1229126	1229464	+	339	1304	967	1285	1097	1256	1080
gene-OW489_RS05750	NZ_AP026446.1	1229474	1231894	+	2421	8108	7428	8774	8703	14367	8148
gene-OW489_RS05755	NZ_AP026446.1	1231891	1232403	+	513	1701	1520	1689	954	1462	893
gene-OW489_RS05760	NZ_AP026446.1	1232393	1233568	+	1176	1219	1443	1513	681	990	550
gene-OW489_RS05765	NZ_AP026446.1	1233568	1234494	+	927	1314	1433	1464	504	607	434
gene-OW489_RS05770	NZ_AP026446.1	1234503	1235438	+	936	1272	1475	1579	1271	1650	1272
gene-OW489_RS05775	NZ_AP026446.1	1235357	1235767	+	411	270	334	312	331	189	394
gene-OW489_RS05780	NZ_AP026446.1	1235771	1238770	+	3000	1679	1906	1977	1148	2232	1003
gene-OW489_RS05785	NZ_AP026446.1	1238894	1239397	+	504	3458	4081	4508	4920	5634	4611
gene-OW489_RS05790	NZ_AP026446.1	1239408	1240646	+	1239	8691	7422	8156	9076	12404	8847
gene-OW489_RS05795	NZ_AP026446.1	1240643	1241500	+	858	7029	4025	4471	5175	7723	5032
gene-OW489_RS05805	NZ_AP026446.1	1243446	1245293	-	1848	1059	1574	1555	548	608	444
gene-OW489_RS05815	NZ_AP026446.1	1245450	1245779	-	330	2813	5518	5845	4866	4934	4253
gene-OW489_RS05820	NZ_AP026446.1	1245907	1246392	-	486	6214	10289	10969	6616	7494	5644
gene-OW489_RS05830	NZ_AP026446.1	1247032	1248198	+	1167	186	315	313	348	366	340
gene-OW489_RS05835	NZ_AP026446.1	1248219	1249220	-	1002	2702	2222	2471	5728	7917	5405
gene-OW489_RS05840	NZ_AP026446.1	1249458	1250054	+	597	88727	92551	102384	142300	180730	135856
gene-OW489_RS05845	NZ_AP026446.1	1250201	1251016	+	816	21026	16606	19477	4643	7712	4173
gene-OW489_RS05850	NZ_AP026446.1	1251084	1252853	-	1770	468	597	509	204	264	141
gene-OW489_RS05855	NZ_AP026446.1	1252834	1253277	-	444	58	88	76	11	35	18
gene-OW489_RS05860	NZ_AP026446.1	1253290	1253916	-	627	306	376	344	153	270	146
gene-OW489_RS05865	NZ_AP026446.1	1253913	1254470	-	558	373	556	391	308	274	320
gene-OW489_RS05870	NZ_AP026446.1	1254470	1255063	-	594	412	827	811	582	703	478
gene-OW489_RS05875	NZ_AP026446.1	1255038	1255532	-	495	727	783	733	301	259	237
gene-OW489_RS05880	NZ_AP026446.1	1255529	1256476	-	948	547	678	638	437	440	428
gene-OW489_RS05885	NZ_AP026446.1	1256476	1257588	-	1113	444	946	1029	498	640	385
gene-OW489_RS05890	NZ_AP026446.1	1257674	1258444	-	771	643	852	837	1200	1554	1049
gene-OW489_RS05895	NZ_AP026446.1	1258519	1259139	+	621	1704	2441	2579	3230	3598	2899
gene-OW489_RS05900	NZ_AP026446.1	1259140	1259412	+	273	385	543	473	425	574	451
gene-OW489_RS05905	NZ_AP026446.1	1259434	1260417	+	984	1341	1188	1205	740	851	766
gene-OW489_RS05910	NZ_AP026446.1	1260419	1261066	+	648	460	642	671	560	640	661
gene-OW489_RS05915	NZ_AP026446.1	1261253	1261684	-	432	27	31	30	33	25	24
gene-OW489_RS05920	NZ_AP026446.1	1261694	1262290	-	597	458	300	358	325	354	302
gene-OW489_RS05925	NZ_AP026446.1	1262287	1263297	-	1011	212	257	296	89	110	105
gene-OW489_RS05930	NZ_AP026446.1	1263433	1264221	+	789	4908	4847	5437	1123	1303	1094
gene-OW489_RS05935	NZ_AP026446.1	1264223	1265146	+	924	4560	3595	3813	802	885	656
gene-OW489_RS05940	NZ_AP026446.1	1265209	1266234	+	1026	469	617	555	215	220	140
gene-OW489_RS05945	NZ_AP026446.1	1266398	1266586	+	189	0	0	0	0	0	0
gene-OW489_RS05950	NZ_AP026446.1	1266573	1266932	+	360	0	0	0	0	0	0
gene-OW489_RS05955	NZ_AP026446.1	1267053	1267841	+	789	3042	3140	3391	5137	5949	4734
gene-OW489_RS05960	NZ_AP026446.1	1268291	1268431	-	141	699	2478	2735	4654	5997	4514
gene-OW489_RS05965	NZ_AP026446.1	1268516	1269277	-	762	8726	12657	14525	33756	58380	31603
gene-OW489_RS05970	NZ_AP026446.1	1269533	1269949	-	417	323	648	661	882	1689	831
gene-OW489_RS05975	NZ_AP026446.1	1269951	1270421	-	471	138	305	302	379	393	476
gene-OW489_RS05980	NZ_AP026446.1	1270431	1271261	-	831	628	1100	1332	1197	2066	1157
gene-OW489_RS05990	NZ_AP026446.1	1272035	1272718	+	684	438	523	522	603	604	641
gene-OW489_RS05995	NZ_AP026446.1	1272719	1273549	+	831	673	668	662	980	1125	890
gene-OW489_RS06000	NZ_AP026446.1	1273563	1273638	-	76	260	1296	1221	97	94	81
gene-OW489_RS06005	NZ_AP026446.1	1273702	1273778	-	77	560	1641	1521	68	71	98
gene-OW489_RS06010	NZ_AP026446.1	1273819	1273894	-	76	520	1724	1588	120	149	175
gene-OW489_RS06015	NZ_AP026446.1	1273936	1274010	-	75	237	1078	1001	45	60	93
gene-OW489_RS06020	NZ_AP026446.1	1274021	1274096	-	76	0	0	0	1	1	0
gene-OW489_RS06030	NZ_AP026446.1	1277209	1278849	-	1641	2128	1614	3565	16910	85114	12329
gene-OW489_RS06035	NZ_AP026446.1	1278875	1279231	-	357	606	1497	2486	16479	43095	11911
gene-OW489_RS06040	NZ_AP026446.1	1279506	1281185	+	1680	694	925	889	590	760	529
gene-OW489_RS06045	NZ_AP026446.1	1281182	1282234	+	1053	1178	1799	1839	1545	1917	1629
gene-OW489_RS06050	NZ_AP026446.1	1282325	1283152	+	828	1372	2025	2305	3296	4942	3350
gene-OW489_RS06055	NZ_AP026446.1	1283297	1283578	+	282	467	575	524	67	69	76
gene-OW489_RS06060	NZ_AP026446.1	1283578	1283841	+	264	346	507	468	52	102	67
gene-OW489_RS06065	NZ_AP026446.1	1283843	1286206	+	2364	1348	2045	1771	139	162	124
gene-OW489_RS06070	NZ_AP026446.1	1286256	1286353	-	98	29	189	220	66	112	49
gene-OW489_RS06075	NZ_AP026446.1	1286527	1287867	+	1341	1083	1285	1311	486	598	428
gene-OW489_RS06080	NZ_AP026446.1	1287968	1288933	+	966	2913	2749	2848	3374	4095	3166
gene-OW489_RS06085	NZ_AP026446.1	1288930	1290147	+	1218	1372	1374	1466	1796	2457	2058
gene-OW489_RS06090	NZ_AP026446.1	1290157	1290690	-	534	53	81	94	50	72	56
gene-OW489_RS06095	NZ_AP026446.1	1290740	1292305	-	1566	279	571	568	171	203	145
gene-OW489_RS06100	NZ_AP026446.1	1292654	1294711	-	2058	1680	2262	2725	190	340	205
gene-OW489_RS06110	NZ_AP026446.1	1295628	1296455	-	828	263	336	393	201	446	189
gene-OW489_RS06115	NZ_AP026446.1	1296480	1298999	-	2520	4383	5656	5979	4570	6090	3964
gene-OW489_RS06120	NZ_AP026446.1	1299040	1299702	-	663	1745	2889	3337	2388	3360	2134
gene-OW489_RS06125	NZ_AP026446.1	1299994	1300383	+	390	4733	6089	6506	10758	13903	10560
gene-OW489_RS06130	NZ_AP026446.1	1300363	1300506	-	144	20	27	37	20	33	25
gene-OW489_RS06135	NZ_AP026446.1	1300556	1301035	+	480	2729	3074	3461	4131	5530	3829
gene-OW489_RS06140	NZ_AP026446.1	1301039	1301851	+	813	2500	2271	2406	3003	3757	2900
gene-OW489_RS06145	NZ_AP026446.1	1301853	1303199	+	1347	6586	5380	5679	7081	8308	6818
gene-OW489_RS06150	NZ_AP026446.1	1303242	1304285	+	1044	926	905	1157	940	1734	1118
gene-OW489_RS06155	NZ_AP026446.1	1304289	1305035	+	747	322	422	547	244	514	192
gene-OW489_RS06170	NZ_AP026446.1	1307182	1307823	+	642	601	845	924	316	448	293
gene-OW489_RS06175	NZ_AP026446.1	1307789	1308991	+	1203	577	714	603	189	266	170
gene-OW489_RS06180	NZ_AP026446.1	1308994	1310388	+	1395	100	168	162	98	145	115
gene-OW489_RS06185	NZ_AP026446.1	1310399	1311865	+	1467	1505	1955	2155	1750	2319	1747
gene-OW489_RS06190	NZ_AP026446.1	1311862	1313175	+	1314	260	350	343	138	253	128
gene-OW489_RS06195	NZ_AP026446.1	1313246	1314088	+	843	333	733	752	539	700	532
gene-OW489_RS06200	NZ_AP026446.1	1314081	1314575	+	495	109	83	110	63	107	79
gene-OW489_RS06205	NZ_AP026446.1	1314588	1315091	+	504	67	174	153	160	156	176
gene-OW489_RS06210	NZ_AP026446.1	1315088	1315891	+	804	486	634	524	407	602	361
gene-OW489_RS06215	NZ_AP026446.1	1315881	1316891	+	1011	842	916	894	751	1055	654
gene-OW489_RS06220	NZ_AP026446.1	1316891	1317712	+	822	722	626	554	563	726	666
gene-OW489_RS06225	NZ_AP026446.1	1317737	1320187	+	2451	531	787	820	642	998	539
gene-OW489_RS08135	NZ_AP026446.1	1320993	1321160	+	168	0	0	0	0	0	0
gene-OW489_RS06235	NZ_AP026446.1	1321280	1322359	+	1080	324	729	686	804	985	882
gene-OW489_RS06240	NZ_AP026446.1	1322359	1323252	+	894	80	156	173	109	187	121
gene-OW489_RS06245	NZ_AP026446.1	1323326	1323550	+	225	3	2	3	0	1	0
gene-OW489_RS06250	NZ_AP026446.1	1323660	1325024	+	1365	5880	7746	7683	6191	6343	6138
gene-OW489_RS06255	NZ_AP026446.1	1325031	1326206	+	1176	1038	1238	1284	425	621	338
gene-OW489_RS06260	NZ_AP026446.1	1326193	1326909	+	717	493	556	494	197	223	179
gene-OW489_RS06265	NZ_AP026446.1	1326906	1327607	+	702	204	352	336	89	159	68
gene-OW489_RS06270	NZ_AP026446.1	1327696	1328688	+	993	1849	2814	2926	2589	2937	2277
gene-OW489_RS06275	NZ_AP026446.1	1328704	1329912	+	1209	1850	2740	3021	4176	6695	3881
gene-OW489_RS06280	NZ_AP026446.1	1329928	1330890	+	963	554	992	1139	1287	2145	1042
gene-OW489_RS06285	NZ_AP026446.1	1330897	1331625	+	729	25	34	23	17	14	22
gene-OW489_RS08215	NZ_AP026446.1	1331944	1332114	-	171	0	0	0	0	0	0
gene-OW489_RS06295	NZ_AP026446.1	1332410	1333243	-	834	1469	2665	2659	1730	1833	1582
gene-OW489_RS06300	NZ_AP026446.1	1333209	1333598	-	390	4739	5276	5486	3436	5032	3167
gene-OW489_RS06305	NZ_AP026446.1	1333595	1334032	-	438	6215	6224	6239	4166	5079	4027
gene-OW489_RS06310	NZ_AP026446.1	1334349	1334795	+	447	330	360	424	281	198	293
gene-OW489_RS06315	NZ_AP026446.1	1334788	1335303	+	516	296	265	283	193	302	240
gene-OW489_RS06320	NZ_AP026446.1	1335300	1336061	-	762	137	540	561	279	278	174
gene-OW489_RS06325	NZ_AP026446.1	1336200	1337228	+	1029	1271	1062	1253	1080	2084	1193
gene-OW489_RS06330	NZ_AP026446.1	1337289	1337978	-	690	630	1209	1584	720	910	518
gene-OW489_RS06335	NZ_AP026446.1	1338181	1339311	-	1131	42	144	118	190	225	144
gene-OW489_RS06340	NZ_AP026446.1	1339436	1340545	+	1110	936	955	995	523	601	505
gene-OW489_RS06345	NZ_AP026446.1	1340556	1341242	+	687	487	258	316	166	261	163
gene-OW489_RS06350	NZ_AP026446.1	1341236	1341583	+	348	112	208	195	86	110	86
gene-OW489_RS06355	NZ_AP026446.1	1341580	1344693	-	3114	541	563	626	931	1357	981
gene-OW489_RS06360	NZ_AP026446.1	1344694	1345719	-	1026	142	109	117	177	297	161
gene-OW489_RS06365	NZ_AP026446.1	1345716	1346954	-	1239	284	449	533	1016	1400	907
gene-OW489_RS06370	NZ_AP026446.1	1346959	1347336	-	378	375	566	580	3442	4068	3330
gene-OW489_RS06375	NZ_AP026446.1	1347512	1348903	+	1392	2283	1587	2001	3077	5669	2936
gene-OW489_RS06385	NZ_AP026446.1	1349209	1349823	+	615	152	214	308	301	402	292
gene-OW489_RS06390	NZ_AP026446.1	1349797	1350378	-	582	5	5	11	16	31	13
gene-OW489_RS06395	NZ_AP026446.1	1350634	1351716	-	1083	20	45	51	48	58	44
gene-OW489_RS06400	NZ_AP026446.1	1351926	1352240	+	315	5624	11682	14057	2500	3588	2471
gene-OW489_RS06405	NZ_AP026446.1	1352277	1352852	+	576	9448	6725	8491	1139	1761	1335
gene-OW489_RS06410	NZ_AP026446.1	1352887	1353534	+	648	6807	7061	10203	1480	3303	1561
gene-OW489_RS06415	NZ_AP026446.1	1353538	1353819	+	282	4170	4069	5807	985	2204	865
gene-OW489_RS06420	NZ_AP026446.1	1353835	1354665	+	831	18380	13584	17435	3448	4808	3338
gene-OW489_RS06425	NZ_AP026446.1	1354677	1354958	+	282	5157	4980	6742	1283	2323	1279
gene-OW489_RS06430	NZ_AP026446.1	1354968	1355345	+	378	8836	4776	5928	1238	1564	1128
gene-OW489_RS06435	NZ_AP026446.1	1355349	1356053	+	705	12081	10448	12142	2474	4138	2471
gene-OW489_RS06440	NZ_AP026446.1	1356056	1356481	+	426	4544	5079	5620	1525	1832	1553
gene-OW489_RS06445	NZ_AP026446.1	1356468	1356668	+	201	1212	1724	2326	558	1037	557
gene-OW489_RS06450	NZ_AP026446.1	1356683	1356943	+	261	2189	2348	2834	691	1094	655
gene-OW489_RS06455	NZ_AP026446.1	1356946	1357314	+	369	5207	2834	3710	852	1702	808
gene-OW489_RS06460	NZ_AP026446.1	1357314	1357535	+	222	1383	1157	1529	413	721	410
gene-OW489_RS06465	NZ_AP026446.1	1357548	1358093	+	546	4935	4497	5682	1467	1668	1536
gene-OW489_RS06470	NZ_AP026446.1	1358103	1358288	+	186	674	1495	2124	501	862	468
gene-OW489_RS06475	NZ_AP026446.1	1358298	1358693	+	396	5798	3490	4932	1254	2851	1353
gene-OW489_RS06480	NZ_AP026446.1	1358704	1359240	+	537	5983	5287	7105	1953	3047	1934
gene-OW489_RS06485	NZ_AP026446.1	1359254	1359610	+	357	2777	2269	2793	708	1055	830
gene-OW489_RS06490	NZ_AP026446.1	1359625	1360068	+	444	6119	5325	6520	1751	1725	1803
gene-OW489_RS06495	NZ_AP026446.1	1360086	1360487	+	402	3867	4313	6074	1709	4119	1635
gene-OW489_RS06500	NZ_AP026446.1	1360525	1361787	+	1263	8856	6788	9936	2269	5238	2522
gene-OW489_RS06505	NZ_AP026446.1	1361787	1362548	+	762	4825	3279	4200	1080	1464	1045
gene-OW489_RS06510	NZ_AP026446.1	1362548	1362766	+	219	719	1100	1308	352	517	340
gene-OW489_RS06515	NZ_AP026446.1	1362845	1362958	+	114	112	702	936	270	371	237
gene-OW489_RS06520	NZ_AP026446.1	1362962	1363324	+	363	2003	3743	4432	1941	2986	2050
gene-OW489_RS06525	NZ_AP026446.1	1363347	1363742	+	396	1998	3353	3585	1371	1530	1628
gene-OW489_RS06530	NZ_AP026446.1	1363752	1364378	+	627	7989	7093	8188	3365	5339	3717
gene-OW489_RS06535	NZ_AP026446.1	1364390	1365424	+	1035	27749	20595	23429	9107	13401	8867
gene-OW489_RS06540	NZ_AP026446.1	1365424	1365774	+	351	5735	6878	7097	3217	3622	2967
gene-OW489_RS06545	NZ_AP026446.1	1366278	1366892	-	615	246	358	365	218	295	164
gene-OW489_RS06550	NZ_AP026446.1	1366880	1367542	-	663	947	1273	1371	988	1386	778
gene-OW489_RS06555	NZ_AP026446.1	1367664	1368320	-	657	291	379	406	744	946	703
gene-OW489_RS06560	NZ_AP026446.1	1368914	1369462	-	549	237	453	419	386	399	368
gene-OW489_RS06565	NZ_AP026446.1	1369599	1370336	+	738	4356	5241	5700	9119	12278	8132
gene-OW489_RS06570	NZ_AP026446.1	1370404	1371462	+	1059	925	1354	1586	1269	2037	1039
gene-OW489_RS06575	NZ_AP026446.1	1371695	1373197	+	1503	586	933	985	930	1205	855
gene-OW489_RS06580	NZ_AP026446.1	1373194	1373778	+	585	129	183	218	126	252	139
gene-OW489_RS06585	NZ_AP026446.1	1373775	1374782	+	1008	322	424	380	393	518	385
gene-OW489_RS06590	NZ_AP026446.1	1374775	1376133	+	1359	272	502	488	196	284	136
gene-OW489_RS06595	NZ_AP026446.1	1376135	1377316	+	1182	254	310	336	267	285	256
gene-OW489_RS06600	NZ_AP026446.1	1377313	1378101	+	789	29	117	106	109	153	93
gene-OW489_RS06610	NZ_AP026446.1	1378826	1380202	-	1377	1188	1575	1418	874	1119	741
gene-OW489_RS06615	NZ_AP026446.1	1380204	1382615	-	2412	796	1601	1651	727	970	562
gene-OW489_RS06620	NZ_AP026446.1	1382605	1384077	-	1473	6662	5149	5423	5258	7461	4448
gene-OW489_RS06625	NZ_AP026446.1	1384064	1385602	-	1539	2344	2058	2307	2221	3638	1854
gene-OW489_RS06630	NZ_AP026446.1	1385606	1387444	-	1839	6805	4822	5168	5813	6948	5478
gene-OW489_RS06635	NZ_AP026446.1	1387447	1387749	-	303	1030	993	1146	1399	1897	1239
gene-OW489_RS06640	NZ_AP026446.1	1387746	1388294	-	549	2357	1916	1928	2725	3828	2400
gene-OW489_RS06645	NZ_AP026446.1	1388287	1388949	-	663	4632	3581	3679	5557	6389	4687
gene-OW489_RS06650	NZ_AP026446.1	1388960	1389949	-	990	5258	4898	4878	7023	8965	6292
gene-OW489_RS06655	NZ_AP026446.1	1389946	1392480	-	2535	9468	8913	9069	13480	17045	12485
gene-OW489_RS06660	NZ_AP026446.1	1392477	1393463	-	987	868	918	935	846	1050	781
gene-OW489_RS06665	NZ_AP026446.1	1393466	1393696	-	231	1423	910	1051	1400	2009	1298
gene-OW489_RS06670	NZ_AP026446.1	1393693	1394922	-	1230	5664	6159	6228	8501	8240	7728
gene-OW489_RS06675	NZ_AP026446.1	1394924	1395721	-	798	3896	3502	3643	4443	5469	4102
gene-OW489_RS06680	NZ_AP026446.1	1395721	1396200	-	480	6486	3647	3706	4370	3943	4194
gene-OW489_RS06685	NZ_AP026446.1	1396200	1396601	-	402	3118	3650	3714	4785	5594	4482
gene-OW489_RS06690	NZ_AP026446.1	1396703	1397392	-	690	1872	2006	1848	1374	1698	1376
gene-OW489_RS06695	NZ_AP026446.1	1397389	1397853	-	465	310	576	595	300	419	290
gene-OW489_RS06700	NZ_AP026446.1	1397843	1398448	-	606	841	746	811	681	817	659
gene-OW489_RS06705	NZ_AP026446.1	1398452	1399009	-	558	1099	2574	2678	3196	3788	2860
gene-OW489_RS06710	NZ_AP026446.1	1399009	1399608	-	600	1123	2036	2116	1897	2238	1581
gene-OW489_RS06715	NZ_AP026446.1	1399732	1400454	+	723	175	247	253	51	51	68
gene-OW489_RS06720	NZ_AP026446.1	1400526	1401506	+	981	399	454	494	480	548	425
gene-OW489_RS06725	NZ_AP026446.1	1401507	1403288	+	1782	1198	2282	2216	2044	2399	1878
gene-OW489_RS06730	NZ_AP026446.1	1403285	1404331	+	1047	749	674	743	1272	1271	1169
gene-OW489_RS06735	NZ_AP026446.1	1404340	1404966	+	627	26	44	37	37	53	19
gene-OW489_RS06740	NZ_AP026446.1	1404974	1405765	+	792	867	828	681	730	997	799
gene-OW489_RS06745	NZ_AP026446.1	1405765	1407699	+	1935	410	510	484	197	284	149
gene-OW489_RS06750	NZ_AP026446.1	1407689	1408711	+	1023	380	656	699	337	552	257
gene-OW489_RS06755	NZ_AP026446.1	1408854	1409294	+	441	6346	9342	8819	5731	5886	5780
gene-OW489_RS06760	NZ_AP026446.1	1409304	1409849	+	546	17270	7012	6797	3987	4198	4186
gene-OW489_RS06765	NZ_AP026446.1	1409873	1410142	+	270	2955	4082	3763	2688	2753	2772
gene-OW489_RS06770	NZ_AP026446.1	1410816	1412948	+	2133	74	72	89	111	212	89
gene-OW489_RS06775	NZ_AP026446.1	1413606	1413836	-	231	622	4532	3886	7156	7865	6930
gene-OW489_RS06780	NZ_AP026446.1	1413956	1416499	+	2544	745	743	848	767	1048	869
gene-OW489_RS06785	NZ_AP026446.1	1416501	1417073	+	573	36	48	58	42	99	48
gene-OW489_RS06790	NZ_AP026446.1	1417187	1417663	+	477	0	0	0	0	0	0
gene-OW489_RS06795	NZ_AP026446.1	1417815	1418072	+	258	93	191	183	45	37	35
gene-OW489_RS06800	NZ_AP026446.1	1418152	1419156	-	1005	1187	1302	1442	363	412	349
gene-OW489_RS06805	NZ_AP026446.1	1419323	1420450	-	1128	2092	2736	2802	3231	3926	2782
gene-OW489_RS06810	NZ_AP026446.1	1420450	1421001	-	552	1623	2220	2186	2990	3570	2728
gene-OW489_RS06815	NZ_AP026446.1	1421080	1422327	-	1248	333	385	498	340	501	279
gene-OW489_RS06820	NZ_AP026446.1	1422331	1423227	-	897	524	511	560	382	485	353
gene-OW489_RS06825	NZ_AP026446.1	1423614	1424075	+	462	1827	2803	3208	759	1032	589
gene-OW489_RS06830	NZ_AP026446.1	1424100	1425242	-	1143	1000	976	906	209	242	147
gene-OW489_RS06835	NZ_AP026446.1	1425239	1425895	-	657	287	683	717	184	245	136
gene-OW489_RS06840	NZ_AP026446.1	1425892	1426434	-	543	1202	1448	1430	620	829	526
gene-OW489_RS06845	NZ_AP026446.1	1426431	1427648	-	1218	3315	2660	2535	1409	1572	1428
gene-OW489_RS06850	NZ_AP026446.1	1427642	1428115	-	474	1238	1482	1459	579	727	513
gene-OW489_RS06855	NZ_AP026446.1	1428274	1428564	-	291	1181	2577	2409	11718	13833	11463
gene-OW489_RS06860	NZ_AP026446.1	1428659	1429696	+	1038	59	61	79	102	128	108
gene-OW489_RS06865	NZ_AP026446.1	1429740	1430132	-	393	51	88	77	70	71	57
gene-OW489_RS06870	NZ_AP026446.1	1430179	1430859	-	681	42	32	34	24	52	37
gene-OW489_RS06875	NZ_AP026446.1	1430862	1431194	-	333	187	361	374	966	1206	1078
gene-OW489_RS06880	NZ_AP026446.1	1431265	1434105	+	2841	2885	3233	3457	7487	9885	6745
gene-OW489_RS06885	NZ_AP026446.1	1434179	1434850	+	672	453	860	936	783	1037	634
gene-OW489_RS06890	NZ_AP026446.1	1434844	1435530	+	687	454	413	437	333	526	346
gene-OW489_RS06895	NZ_AP026446.1	1435843	1437117	+	1275	5299	6239	7160	5778	7438	5687
gene-OW489_RS06900	NZ_AP026446.1	1437166	1437645	+	480	913	895	1129	529	859	544
gene-OW489_RS06905	NZ_AP026446.1	1437648	1439909	+	2262	994	1521	1554	369	406	323
gene-OW489_RS06910	NZ_AP026446.1	1439924	1440628	+	705	971	1858	1770	697	692	684
gene-OW489_RS06915	NZ_AP026446.1	1440631	1442697	+	2067	4025	3803	4079	2213	3006	2112
gene-OW489_RS06920	NZ_AP026446.1	1442831	1443148	+	318	3266	7696	9424	4782	5524	7094
gene-OW489_RS06925	NZ_AP026446.1	1443217	1443303	+	87	36	99	129	13	28	14
gene-OW489_RS06930	NZ_AP026446.1	1443359	1443445	+	87	0	0	0	0	0	0
gene-OW489_RS06935	NZ_AP026446.1	1443816	1444331	+	516	131	145	164	91	123	119
gene-OW489_RS06945	NZ_AP026446.1	1445059	1446042	+	984	31	38	32	12	19	11
gene-OW489_RS06950	NZ_AP026446.1	1446146	1446814	+	669	507	531	556	1241	1285	1245
gene-OW489_RS06955	NZ_AP026446.1	1446823	1448559	-	1737	519	1246	1396	816	1080	679
gene-OW489_RS06960	NZ_AP026446.1	1448750	1448825	+	76	2	0	3	1	1	0
gene-OW489_RS06965	NZ_AP026446.1	1448853	1448937	+	85	422	405	356	18	23	31
gene-OW489_RS06970	NZ_AP026446.1	1448953	1449029	+	77	301	272	295	11	17	23
gene-OW489_RS06975	NZ_AP026446.1	1449060	1449134	+	75	347	1140	1102	347	398	310
gene-OW489_RS06980	NZ_AP026446.1	1449261	1450460	+	1200	78535	58107	58090	49324	59436	50655
gene-OW489_RS06985	NZ_AP026446.1	1450494	1450652	+	159	2944	5941	5731	5007	3973	5265
gene-OW489_RS06990	NZ_AP026446.1	1450692	1450767	+	76	406	948	996	52	87	60
gene-OW489_RS06995	NZ_AP026446.1	1450910	1451089	+	180	2810	7039	7220	2192	2977	2046
gene-OW489_RS07000	NZ_AP026446.1	1451119	1451646	+	528	15622	15235	15837	4653	5409	4457
gene-OW489_RS07005	NZ_AP026446.1	1451664	1452089	+	426	7655	10206	10742	7004	8294	6744
gene-OW489_RS07010	NZ_AP026446.1	1452134	1452838	+	705	18299	14048	14053	8694	8962	8471
gene-OW489_RS07015	NZ_AP026446.1	1452960	1453454	+	495	16892	8245	8110	1810	2473	1665
gene-OW489_RS07020	NZ_AP026446.1	1453500	1453877	+	378	13671	21616	19976	4457	3759	4768
gene-OW489_RS07025	NZ_AP026446.1	1454102	1462774	+	8673	77253	56516	61903	23735	34678	22253
gene-OW489_RS07030	NZ_AP026446.1	1462862	1463269	+	408	2549	5759	6115	4397	5491	4414
gene-OW489_RS07035	NZ_AP026446.1	1463285	1463752	+	468	3766	4709	4964	4166	4446	4380
gene-OW489_RS07040	NZ_AP026446.1	1463764	1465842	+	2079	48228	29807	34678	22034	31773	22826
gene-OW489_RS07045	NZ_AP026446.1	1466385	1466549	+	165	233	578	577	685	905	528
gene-OW489_RS07050	NZ_AP026446.1	1466735	1467784	-	1050	105	202	219	88	121	80
gene-OW489_RS07055	NZ_AP026446.1	1467846	1469174	+	1329	2145	2525	2701	4632	6106	4711
gene-OW489_RS07060	NZ_AP026446.1	1469161	1470201	+	1041	1919	1840	2071	3047	4819	3158
gene-OW489_RS07065	NZ_AP026446.1	1470631	1471803	+	1173	1	0	0	5	0	2
gene-OW489_RS07070	NZ_AP026446.1	1472051	1472794	-	744	2901	8782	9326	3797	5175	3398
gene-OW489_RS07075	NZ_AP026446.1	1473070	1474245	+	1176	375	450	451	75	113	76
gene-OW489_RS07080	NZ_AP026446.1	1474406	1475785	+	1380	903	1023	1087	503	699	547
gene-OW489_RS07085	NZ_AP026446.1	1475811	1476962	+	1152	831	918	907	504	676	457
gene-OW489_RS07090	NZ_AP026446.1	1476971	1477732	-	762	4302	3520	3290	1641	2061	1524
gene-OW489_RS07095	NZ_AP026446.1	1477751	1479043	-	1293	443	585	630	596	723	674
gene-OW489_RS07100	NZ_AP026446.1	1479227	1479304	+	78	0	3	2	0	1	0
gene-OW489_RS07105	NZ_AP026446.1	1479409	1480665	+	1257	678	553	718	796	1456	811
gene-OW489_RS07110	NZ_AP026446.1	1480677	1481918	+	1242	641	565	697	1151	1703	1027
gene-OW489_RS07115	NZ_AP026446.1	1481915	1482619	+	705	359	460	471	1200	1448	1157
gene-OW489_RS07120	NZ_AP026446.1	1482895	1484814	+	1920	6473	10817	13478	4704	5675	4163
gene-OW489_RS07125	NZ_AP026446.1	1485266	1486573	+	1308	1652	2265	2559	1455	2278	1399
gene-OW489_RS07130	NZ_AP026446.1	1486702	1487925	+	1224	910	897	827	423	462	485
gene-OW489_RS07135	NZ_AP026446.1	1488075	1488626	-	552	698	950	938	1106	710	1033
gene-OW489_RS07140	NZ_AP026446.1	1488745	1489578	-	834	1448	1899	1913	1697	2265	1647
gene-OW489_RS07145	NZ_AP026446.1	1489627	1490373	-	747	940	771	689	654	777	609
gene-OW489_RS07150	NZ_AP026446.1	1490375	1491046	-	672	103	114	108	33	50	37
gene-OW489_RS07155	NZ_AP026446.1	1491049	1491702	-	654	172	261	251	81	110	60
gene-OW489_RS07160	NZ_AP026446.1	1491884	1493977	+	2094	3477	2143	2367	2189	3296	2230
gene-OW489_RS07165	NZ_AP026446.1	1494270	1495685	-	1416	614	974	830	1023	1204	893
gene-OW489_RS07170	NZ_AP026446.1	1495993	1497630	-	1638	738	702	882	2196	3336	2003
gene-OW489_RS07175	NZ_AP026446.1	1497695	1498855	+	1161	863	1113	1059	300	395	287
gene-OW489_RS07180	NZ_AP026446.1	1498862	1499836	-	975	6372	5396	6126	8650	11760	7892
gene-OW489_RS07185	NZ_AP026446.1	1499857	1500048	-	192	57	142	128	128	113	129
gene-OW489_RS07190	NZ_AP026446.1	1500184	1500765	+	582	34	50	54	70	87	54
gene-OW489_RS07195	NZ_AP026446.1	1500855	1501349	+	495	3846	7565	7326	15343	13937	16019
gene-OW489_RS07200	NZ_AP026446.1	1501403	1501831	+	429	1187	2031	2224	1218	1633	1093
gene-OW489_RS07205	NZ_AP026446.1	1501928	1502449	+	522	0	0	0	0	0	0
gene-OW489_RS07210	NZ_AP026446.1	1502466	1503230	+	765	0	0	0	0	0	0
gene-OW489_RS07215	NZ_AP026446.1	1503245	1503778	-	534	178	144	186	70	264	46
gene-OW489_RS07220	NZ_AP026446.1	1503784	1504578	-	795	217	363	404	443	663	347
gene-OW489_RS07225	NZ_AP026446.1	1504593	1508294	-	3702	1562	3613	3823	3723	4304	2918
gene-OW489_RS07230	NZ_AP026446.1	1508317	1510404	-	2088	3093	4660	4694	4319	5414	3643
gene-OW489_RS07235	NZ_AP026446.1	1510512	1511573	-	1062	6408	8462	9466	3435	3970	3037
gene-OW489_RS07240	NZ_AP026446.1	1511585	1511992	-	408	6421	7884	9319	2839	3682	2660
gene-OW489_RS07245	NZ_AP026446.1	1512130	1514748	+	2619	2764	2545	2679	5438	6656	5214
gene-OW489_RS07250	NZ_AP026446.1	1514763	1516109	+	1347	1414	1410	1636	3483	4589	3667
gene-OW489_RS07255	NZ_AP026446.1	1516183	1516413	+	231	2905	4557	4623	3524	4144	3476
gene-OW489_RS07260	NZ_AP026446.1	1516430	1516780	+	351	1873	3746	3828	2418	2844	2791
gene-OW489_RS07265	NZ_AP026446.1	1516781	1517335	+	555	580	388	390	141	151	149
gene-OW489_RS07270	NZ_AP026446.1	1517336	1518025	+	690	1315	1418	1565	227	380	229
gene-OW489_RS07275	NZ_AP026446.1	1518047	1518403	+	357	1877	4281	4171	3056	2044	3531
gene-OW489_RS07285	NZ_AP026446.1	1520234	1521737	+	1504	0	0	0	0	0	0
gene-OW489_RS07290	NZ_AP026446.1	1522664	1523965	+	1302	72	127	122	458	926	368
gene-OW489_RS07295	NZ_AP026446.1	1524005	1526602	+	2598	48	71	109	104	146	89
gene-OW489_RS07300	NZ_AP026446.1	1526604	1527515	+	912	71	62	66	71	147	87
gene-OW489_RS07305	NZ_AP026446.1	1527512	1528150	+	639	4	9	8	6	5	7
gene-OW489_RS07310	NZ_AP026446.1	1528156	1528950	+	795	3812	3615	4178	2215	3126	2189
gene-OW489_RS07315	NZ_AP026446.1	1528953	1529825	+	873	1985	1465	1706	1601	2616	1700
gene-OW489_RS07320	NZ_AP026446.1	1529935	1530369	+	435	3698	4231	3975	1730	1506	1662
gene-OW489_RS07325	NZ_AP026446.1	1530373	1530888	+	516	4889	5160	5362	3080	4334	2767
gene-OW489_RS07330	NZ_AP026446.1	1530889	1531431	+	543	1102	1283	1224	736	954	742
gene-OW489_RS07335	NZ_AP026446.1	1531454	1532965	+	1512	20223	17214	16560	13273	13884	12391
gene-OW489_RS07340	NZ_AP026446.1	1532984	1533889	+	906	5995	8007	8306	6348	8610	6174
gene-OW489_RS07345	NZ_AP026446.1	1533918	1535318	+	1401	9429	8940	8858	8099	9565	9036
gene-OW489_RS07350	NZ_AP026446.1	1535329	1535700	+	372	1948	1671	1664	1269	914	1473
gene-OW489_RS07355	NZ_AP026446.1	1535711	1536280	+	570	2524	3963	4338	2987	5261	2997
gene-OW489_RS07360	NZ_AP026446.1	1536333	1536734	+	402	2132	3046	3268	1663	3099	1505
gene-OW489_RS07365	NZ_AP026446.1	1536753	1537565	+	813	1944	3187	3443	974	1574	832
gene-OW489_RS07370	NZ_AP026446.1	1537562	1538815	+	1254	3362	4916	5126	3226	4467	3090
gene-OW489_RS07375	NZ_AP026446.1	1538881	1539420	+	540	5279	8686	9319	10443	12199	10706
gene-OW489_RS07380	NZ_AP026446.1	1539428	1540423	+	996	7875	9481	10552	8382	11011	8342
gene-OW489_RS07385	NZ_AP026446.1	1540410	1540967	+	558	1059	1498	1592	1641	2504	1704
gene-OW489_RS07390	NZ_AP026446.1	1540999	1541205	+	207	346	507	592	530	1010	530
gene-OW489_RS07395	NZ_AP026446.1	1541269	1541472	+	204	73	165	182	89	169	81
gene-OW489_RS07400	NZ_AP026446.1	1541613	1542569	+	957	776	1266	1442	330	411	330
gene-OW489_RS07405	NZ_AP026446.1	1542699	1543133	+	435	2309	3612	3817	1590	2162	1425
gene-OW489_RS07410	NZ_AP026446.1	1543135	1544955	+	1821	6481	8306	9562	3517	3983	2750
gene-OW489_RS07415	NZ_AP026446.1	1545161	1546864	+	1704	2693	2968	4437	4222	9414	4304
gene-OW489_RS07420	NZ_AP026446.1	1547151	1547921	+	771	349	914	1040	1003	1588	989
gene-OW489_RS07430	NZ_AP026446.1	1549091	1551067	+	1977	504	570	578	772	805	624
gene-OW489_RS07435	NZ_AP026446.1	1551064	1551897	-	834	83	85	128	23	27	23
gene-OW489_RS07440	NZ_AP026446.1	1551969	1553291	-	1323	3673	2742	2832	1481	2019	1395
gene-OW489_RS07445	NZ_AP026446.1	1553401	1554345	-	945	11254	8428	9413	24459	33029	23024
gene-OW489_RS07450	NZ_AP026446.1	1554358	1555581	-	1224	14668	9360	10977	25426	38606	22438
gene-OW489_RS07455	NZ_AP026446.1	1555591	1555983	-	393	2488	2291	2563	6993	8139	6164
gene-OW489_RS07460	NZ_AP026446.1	1555999	1556559	-	561	1332	1273	1379	3279	5609	3296
gene-OW489_RS07465	NZ_AP026446.1	1556849	1557520	+	672	3231	2523	2726	2108	2261	2154
gene-OW489_RS07470	NZ_AP026446.1	1557527	1558834	-	1308	724	1425	1603	1364	2043	1460
gene-OW489_RS07475	NZ_AP026446.1	1559020	1560216	+	1197	398	562	603	311	346	360
gene-OW489_RS07480	NZ_AP026446.1	1560355	1561515	+	1161	28	48	56	19	41	22
gene-OW489_RS07485	NZ_AP026446.1	1561527	1562573	-	1047	2411	2686	2706	6360	5785	6250
gene-OW489_RS07490	NZ_AP026446.1	1562734	1563744	-	1011	2848	2408	2432	2963	4008	3044
gene-OW489_RS07495	NZ_AP026446.1	1563731	1564414	-	684	543	665	696	543	758	447
gene-OW489_RS07500	NZ_AP026446.1	1564425	1565702	-	1278	2392	4900	5135	3584	4950	3194
gene-OW489_RS07505	NZ_AP026446.1	1565768	1567594	+	1827	2506	1888	2114	3243	4876	3213
gene-OW489_RS07510	NZ_AP026446.1	1567613	1568239	+	627	0	0	2	9	12	9
gene-OW489_RS07515	NZ_AP026446.1	1568309	1569181	+	873	44	71	111	169	411	172
gene-OW489_RS07520	NZ_AP026446.1	1569368	1570120	-	753	144	212	187	87	94	83
gene-OW489_RS07525	NZ_AP026446.1	1570141	1571676	-	1536	193	330	363	454	635	377
gene-OW489_RS07530	NZ_AP026446.1	1571928	1572003	-	76	91	304	289	8	25	15
gene-OW489_RS07535	NZ_AP026446.1	1572019	1572095	-	77	0	0	0	0	0	0
gene-OW489_RS07540	NZ_AP026446.1	1572211	1573245	+	1035	1802	2508	2682	3226	3939	3176
gene-OW489_RS07545	NZ_AP026446.1	1573239	1573967	-	729	120	152	141	77	80	58
gene-OW489_RS07550	NZ_AP026446.1	1573968	1575005	-	1038	1121	1286	1230	803	1123	564
gene-OW489_RS07555	NZ_AP026446.1	1575016	1575645	-	630	1643	1335	1324	1395	1648	1285
gene-OW489_RS07560	NZ_AP026446.1	1575655	1576680	-	1026	2185	2602	2644	3255	3433	3155
gene-OW489_RS07565	NZ_AP026446.1	1576879	1576963	+	85	41	46	47	8	2	4
gene-OW489_RS07570	NZ_AP026446.1	1577000	1578127	-	1128	3379	2954	3458	1103	1584	902
gene-OW489_RS07575	NZ_AP026446.1	1578124	1578723	-	600	5321	5024	5787	3542	4832	3093
gene-OW489_RS08150	NZ_AP026446.1	1578817	1579023	-	207	46	167	156	10	21	17
gene-OW489_RS08155	NZ_AP026446.1	1579058	1579366	-	309	121	361	393	74	87	68
gene-OW489_RS07585	NZ_AP026446.1	1579366	1580328	-	963	1209	2302	2439	647	896	610
gene-OW489_RS07590	NZ_AP026446.1	1580421	1581788	-	1368	9258	6635	7052	6312	7951	6335
gene-OW489_RS07595	NZ_AP026446.1	1581793	1582263	-	471	1212	1151	1244	914	1113	920
gene-OW489_RS07600	NZ_AP026446.1	1582386	1582952	+	567	1368	1750	1725	1476	1836	1253
gene-OW489_RS07605	NZ_AP026446.1	1583111	1585339	+	2229	33	115	106	304	307	308
gene-OW489_RS07610	NZ_AP026446.1	1585363	1586043	-	681	359	421	424	256	275	181
gene-OW489_RS07615	NZ_AP026446.1	1586044	1586475	-	432	978	850	976	438	623	320
gene-OW489_RS07620	NZ_AP026446.1	1586531	1587538	+	1008	312	808	727	116	140	93
gene-OW489_RS07625	NZ_AP026446.1	1587611	1588282	+	672	953	1646	1797	2061	3069	1823
gene-OW489_RS07630	NZ_AP026446.1	1588291	1591101	+	2811	4595	6041	6586	4188	5956	3343
gene-OW489_RS07635	NZ_AP026446.1	1591111	1592484	+	1374	46	116	129	28	51	37
gene-OW489_RS07640	NZ_AP026446.1	1592503	1593849	-	1347	260	345	409	580	792	635
gene-OW489_RS07645	NZ_AP026446.1	1593915	1594745	-	831	1523	1256	1316	1847	2470	1705
gene-OW489_RS07650	NZ_AP026446.1	1594742	1595965	-	1224	4690	5112	5505	12085	14636	11287
gene-OW489_RS07655	NZ_AP026446.1	1596150	1596677	+	528	165	234	210	127	220	102
gene-OW489_RS07660	NZ_AP026446.1	1596685	1597431	-	747	4	55	54	45	58	29
gene-OW489_RS07665	NZ_AP026446.1	1597633	1597860	+	228	277	1126	1078	1623	1778	1465
gene-OW489_RS07670	NZ_AP026446.1	1597873	1598109	+	237	212	677	759	688	1049	676
gene-OW489_RS07675	NZ_AP026446.1	1598094	1599953	+	1860	684	900	832	538	678	440
gene-OW489_RS07680	NZ_AP026446.1	1600009	1600728	-	720	1057	893	820	2597	3438	2539
gene-OW489_RS07685	NZ_AP026446.1	1600780	1601421	-	642	4529	5540	5033	36534	46100	34960
gene-OW489_RS07690	NZ_AP026446.1	1601645	1602145	+	501	13822	11570	12982	20954	26224	21712
gene-OW489_RS07695	NZ_AP026446.1	1602408	1602905	-	498	840	1307	1300	2021	2689	1892
gene-OW489_RS07700	NZ_AP026446.1	1602902	1605337	-	2436	8214	7401	7517	11062	12821	10495
gene-OW489_RS07705	NZ_AP026446.1	1605395	1606330	-	936	2670	3314	3184	2422	2609	2217
gene-OW489_RS07710	NZ_AP026446.1	1606334	1607092	-	759	132	444	383	81	129	72
gene-OW489_RS07715	NZ_AP026446.1	1607094	1607762	-	669	1841	1521	1446	451	654	362
gene-OW489_RS07720	NZ_AP026446.1	1607772	1609622	-	1851	3656	4645	4542	2710	3620	2295
gene-OW489_RS07725	NZ_AP026446.1	1609632	1611206	-	1575	6361	5493	5488	3872	4412	3626
gene-OW489_RS07730	NZ_AP026446.1	1611222	1611761	-	540	276	540	553	236	418	210
gene-OW489_RS07735	NZ_AP026446.1	1611790	1613448	-	1659	30161	31361	32091	17898	21478	16879
gene-OW489_RS07740	NZ_AP026446.1	1613569	1614393	-	825	2866	2821	2953	2973	3848	2511
gene-OW489_RS07745	NZ_AP026446.1	1614383	1615672	-	1290	1416	1473	1591	1006	1345	817
gene-OW489_RS07750	NZ_AP026446.1	1615688	1617982	-	2295	2307	2669	3032	2729	3715	2221
gene-OW489_RS07755	NZ_AP026446.1	1617982	1618968	-	987	1957	2643	2712	2628	3070	2368
gene-OW489_RS07760	NZ_AP026446.1	1619049	1619363	+	315	781	1201	1124	1243	1216	1301
gene-OW489_RS07765	NZ_AP026446.1	1619382	1620704	+	1323	2101	2043	1842	1666	1846	1775
gene-OW489_RS07770	NZ_AP026446.1	1620730	1621320	+	591	1268	1485	1627	997	1321	896
gene-OW489_RS07780	NZ_AP026446.1	1623044	1623532	+	489	373	574	600	752	1115	816
gene-OW489_RS07785	NZ_AP026446.1	1623543	1625069	+	1527	1951	1448	1538	1429	2151	1656
gene-OW489_RS07790	NZ_AP026446.1	1625148	1625897	+	750	9	14	18	21	46	24
gene-OW489_RS07795	NZ_AP026446.1	1626082	1626159	+	78	109	165	167	35	37	22
gene-OW489_RS07800	NZ_AP026446.1	1626227	1626303	+	77	293	1044	1023	89	131	85
gene-OW489_RS07805	NZ_AP026446.1	1626363	1626439	+	77	162	597	596	66	76	83
gene-OW489_RS07810	NZ_AP026446.1	1626458	1626534	+	77	331	652	712	44	51	45
gene-OW489_RS07815	NZ_AP026446.1	1627054	1628925	+	1872	3229	3606	3928	2960	3894	2959
gene-OW489_RS07820	NZ_AP026446.1	1628928	1630097	-	1170	4487	4672	5001	4235	5646	3909
gene-OW489_RS07825	NZ_AP026446.1	1630266	1632209	+	1944	6532	5255	5680	5343	7088	4989
gene-OW489_RS07830	NZ_AP026446.1	1632210	1633217	+	1008	521	559	575	455	618	420
gene-OW489_RS07835	NZ_AP026446.1	1633221	1634006	+	786	603	709	710	432	457	354
gene-OW489_RS07840	NZ_AP026446.1	1634023	1634451	+	429	411	572	547	340	418	329
gene-OW489_RS07845	NZ_AP026446.1	1634456	1635625	+	1170	1398	2034	2108	996	1538	925
gene-OW489_RS07850	NZ_AP026446.1	1635640	1637487	+	1848	3334	3363	3199	2545	3194	2490
gene-OW489_RS07855	NZ_AP026446.1	1637609	1638484	-	876	0	0	0	0	0	0
gene-OW489_RS07880	NZ_AP026446.1	1641777	1642565	+	789	0	0	0	0	0	0
gene-OW489_RS07885	NZ_AP026446.1	1642669	1643148	+	480	0	0	0	0	0	0
gene-OW489_RS07890	NZ_AP026446.1	1643145	1643429	+	285	0	0	0	0	0	0
gene-OW489_RS07895	NZ_AP026446.1	1643440	1643703	+	264	0	0	0	0	0	0
gene-OW489_RS07900	NZ_AP026446.1	1643714	1643950	+	237	0	0	0	0	0	0
gene-OW489_RS07905	NZ_AP026446.1	1643950	1646532	+	2583	0	0	0	0	0	0
gene-OW489_RS07910	NZ_AP026446.1	1646529	1646663	+	135	0	0	0	0	0	0
gene-OW489_RS07915	NZ_AP026446.1	1646656	1647825	+	1170	0	0	0	0	0	0
gene-OW489_RS07920	NZ_AP026446.1	1647822	1649498	+	1677	0	0	0	0	0	0
gene-OW489_RS07925	NZ_AP026446.1	1649495	1650697	+	1203	0	0	0	0	0	0
gene-OW489_RS07930	NZ_AP026446.1	1650681	1652930	+	2250	0	0	0	0	0	0
gene-OW489_RS07935	NZ_AP026446.1	1652943	1653920	+	978	0	0	0	0	0	0
gene-OW489_RS07940	NZ_AP026446.1	1653938	1654210	+	273	0	0	0	0	0	0
gene-OW489_RS07945	NZ_AP026446.1	1654215	1655159	+	945	0	0	0	0	0	0
gene-OW489_RS07950	NZ_AP026446.1	1655156	1655674	+	519	0	0	0	0	0	0
gene-OW489_RS07955	NZ_AP026446.1	1655671	1657935	+	2265	0	0	0	0	0	0
gene-OW489_RS07960	NZ_AP026446.1	1657955	1666555	+	8601	0	0	0	0	0	0
gene-OW489_RS07965	NZ_AP026446.1	1666890	1668950	+	2061	0	0	0	0	0	0
gene-OW489_RS07970	NZ_AP026446.1	1669005	1669475	+	471	0	0	0	0	0	0
gene-OW489_RS07980	NZ_AP026446.1	1670357	1670929	-	573	0	0	0	0	0	0
gene-OW489_RS07985	NZ_AP026446.1	1670907	1671284	-	378	0	0	0	0	0	0
gene-OW489_RS07990	NZ_AP026446.1	1671346	1671996	-	651	0	0	0	0	0	0
gene-OW489_RS07995	NZ_AP026446.1	1672634	1672798	+	165	0	0	0	0	0	0
gene-OW489_RS08000	NZ_AP026446.1	1672799	1673866	+	1068	0	0	0	0	0	0
gene-OW489_RS08005	NZ_AP026446.1	1673866	1675872	+	2007	0	0	0	0	0	0
gene-OW489_RS08010	NZ_AP026446.1	1675882	1677315	+	1434	0	0	0	0	0	0
gene-OW489_RS08015	NZ_AP026446.1	1677312	1678562	+	1251	0	0	0	0	0	0
gene-OW489_RS08020	NZ_AP026446.1	1678559	1679815	+	1257	0	0	0	0	0	0
gene-OW489_RS08025	NZ_AP026446.1	1679837	1680565	-	729	0	0	0	0	0	0
gene-OW489_RS08030	NZ_AP026446.1	1680794	1681771	+	978	0	0	0	0	0	0
gene-OW489_RS08035	NZ_AP026446.1	1682089	1683156	-	1068	0	2	7	0	0	0
gene-OW489_RS08040	NZ_AP026446.1	1684232	1686232	-	2001	0	0	0	0	0	0
gene-OW489_RS08050	NZ_AP026446.1	1688292	1690754	+	2463	219	178	180	172	190	168
gene-OW489_RS08060	NZ_AP026446.1	1691837	1692946	+	1110	0	0	0	0	0	0
gene-OW489_RS08070	NZ_AP026446.1	1693289	1693915	-	627	104	117	177	151	446	183
gene-OW489_RS08075	NZ_AP026446.1	1693939	1695732	-	1794	1809	1444	1597	1778	3181	1807
gene-OW489_RS08080	NZ_AP026446.1	1695733	1695972	-	240	40	103	72	106	58	116
gene-OW489_RS08085	NZ_AP026446.1	1696008	1696550	-	543	0	0	2	1	0	0
